longitude,latitude,housing_median_age,total_rooms,total_bedrooms,population,households,median_income,median_house_value,ocean_proximity,predicted_house_value,abs_error,pct_error
-118.39,34.12,29.0,6447.0,1012.0,2184.0,960.0,8.2816,500001.0,<1H OCEAN,483020.6,16980.400000000023,3.3960732078535885
-120.42,34.89,24.0,2020.0,307.0,855.0,283.0,5.0099,162500.0,<1H OCEAN,221708.09,59208.09,36.43574769230769
-118.45,34.25,36.0,1453.0,270.0,808.0,275.0,4.3839,204600.0,<1H OCEAN,205706.0,1106.0,0.5405669599217986
-118.1,33.91,35.0,1653.0,325.0,1072.0,301.0,3.2708,159700.0,<1H OCEAN,170623.0,10923.0,6.839699436443331
-117.07,32.77,38.0,3779.0,614.0,1495.0,614.0,4.3529,184000.0,NEAR OCEAN,212497.0,28497.0,15.4875
-118.04,33.93,35.0,1805.0,387.0,1505.0,366.0,4.1667,151900.0,<1H OCEAN,164798.0,12898.0,8.491112574061884
-122.27,37.83,49.0,1655.0,366.0,754.0,329.0,1.375,104900.0,NEAR BAY,114046.0,9146.0,8.718779790276454
-122.26,37.46,26.0,5067.0,750.0,1996.0,728.0,7.0001,500001.0,NEAR OCEAN,434144.28,65856.71999999997,13.171317657364678
-122.03,37.36,16.0,2697.0,803.0,1369.0,723.0,4.4699,367400.0,<1H OCEAN,280961.03,86438.96999999997,23.527210125204128
-117.61,33.43,24.0,2303.0,399.0,851.0,379.0,3.9875,346500.0,NEAR OCEAN,258439.07,88060.93,25.41440981240981
-118.32,34.06,36.0,3239.0,722.0,1383.0,612.0,4.5918,337000.0,<1H OCEAN,408649.28,71649.28000000003,21.260913946587547
-121.23,37.96,44.0,2204.0,473.0,1277.0,435.0,1.5539,59200.0,INLAND,69340.0,10140.0,17.12837837837838
-121.2,37.81,26.0,395.0,74.0,193.0,72.0,7.3718,212500.0,INLAND,270996.0,58496.0,27.527529411764707
-121.91,37.24,24.0,5046.0,1001.0,2449.0,968.0,4.7118,274600.0,<1H OCEAN,266551.0,8049.0,2.9311726147123087
-118.48,34.28,35.0,2132.0,368.0,1128.0,341.0,5.3107,227100.0,<1H OCEAN,235190.0,8090.0,3.5623073535887277
-117.65,34.1,44.0,1526.0,337.0,831.0,326.0,3.0284,115800.0,INLAND,124375.0,8575.0,7.405008635578583
-121.59,39.82,12.0,1958.0,369.0,875.0,354.0,2.3507,97600.0,INLAND,92847.0,4753.0,4.869877049180328
-118.97,35.41,36.0,1896.0,315.0,937.0,303.0,3.996,85500.0,INLAND,96797.0,11297.0,13.212865497076024
-118.06,33.88,17.0,7187.0,1073.0,3844.0,1068.0,6.5901,337400.0,<1H OCEAN,338403.03,1003.0300000000279,0.29728215767635685
-118.39,33.85,24.0,4373.0,871.0,1830.0,824.0,5.7128,366200.0,<1H OCEAN,374039.09,7839.090000000026,2.140658110322235
-117.98,33.73,18.0,3833.0,,2192.0,996.0,3.4679,219700.0,<1H OCEAN,197371.0,22329.0,10.163404642694584
-118.32,33.79,35.0,2924.0,658.0,1675.0,602.0,3.8287,279900.0,<1H OCEAN,296512.0,16612.0,5.934976777420507
-120.27,34.72,14.0,1289.0,277.0,693.0,237.0,3.2569,230800.0,<1H OCEAN,204461.0,26339.0,11.41204506065858
-119.65,36.33,52.0,1257.0,257.0,624.0,243.0,2.3523,59100.0,INLAND,64569.0,5469.0,9.253807106598986
-119.86,36.82,12.0,1488.0,253.0,675.0,223.0,4.7622,89300.0,INLAND,112824.0,23524.0,26.34266517357223
-119.23,35.78,8.0,1612.0,343.0,1230.0,330.0,2.1806,67200.0,INLAND,69609.0,2409.0,3.584821428571429
-118.35,34.16,45.0,1390.0,281.0,538.0,270.0,4.2212,293800.0,<1H OCEAN,312614.03,18814.030000000028,6.403686181075571
-120.94,37.68,4.0,13315.0,2424.0,6420.0,2289.0,4.2471,162100.0,INLAND,170627.0,8527.0,5.260333127698951
-118.99,35.24,40.0,282.0,59.0,213.0,71.0,2.35,91700.0,INLAND,78535.0,13165.0,14.356597600872409
-121.11,37.47,12.0,2263.0,410.0,913.0,330.0,3.5795,145600.0,INLAND,137369.0,8231.0,5.653159340659341
-118.02,34.08,28.0,2769.0,631.0,2452.0,581.0,2.6071,175900.0,INLAND,172992.0,2908.0,1.6532120523024445
-120.17,39.33,10.0,614.0,141.0,195.0,95.0,0.9283,116300.0,INLAND,102704.0,13596.0,11.690455717970766
-118.35,34.02,34.0,3978.0,1073.0,2725.0,1035.0,1.7622,167900.0,<1H OCEAN,143769.0,24131.0,14.372245384157237
-123.34,39.5,15.0,2342.0,535.0,1064.0,433.0,1.8967,96600.0,INLAND,87371.0,9229.0,9.553830227743271
-122.24,40.18,39.0,2191.0,493.0,1307.0,499.0,1.6483,60800.0,INLAND,60508.0,292.0,0.48026315789473684
-122.03,37.36,28.0,2490.0,345.0,948.0,361.0,6.4913,411900.0,<1H OCEAN,369103.04,42796.96000000002,10.390133527555237
-117.09,32.58,12.0,2565.0,567.0,1785.0,545.0,3.0273,135300.0,NEAR OCEAN,131954.0,3346.0,2.4730229120473024
-118.33,34.18,45.0,1552.0,315.0,785.0,316.0,3.7411,235500.0,<1H OCEAN,230648.01,4851.989999999991,2.0602929936305694
-121.44,38.53,37.0,1951.0,432.0,1089.0,411.0,2.3272,80600.0,INLAND,90272.0,9672.0,12.0
-119.7,34.43,35.0,1402.0,369.0,654.0,385.0,2.6205,318800.0,<1H OCEAN,321848.1,3048.0999999999767,0.9561166875784118
-117.15,34.22,10.0,1039.0,174.0,317.0,109.0,7.2371,171900.0,INLAND,243299.0,71399.0,41.53519488074462
-118.37,33.87,18.0,2516.0,485.0,1128.0,433.0,5.0114,338600.0,<1H OCEAN,332238.0,6362.0,1.8789131718842291
-118.01,33.85,29.0,3061.0,612.0,2396.0,640.0,4.6326,195200.0,<1H OCEAN,201521.0,6321.0,3.238217213114754
-122.32,37.94,47.0,1911.0,283.0,697.0,275.0,6.2712,267700.0,NEAR BAY,343277.07,75577.07,28.23200224131491
-117.96,33.94,34.0,2228.0,399.0,1159.0,378.0,4.8906,228900.0,<1H OCEAN,209523.0,19377.0,8.465268676277852
-117.96,34.14,33.0,1994.0,405.0,993.0,403.0,3.766,163900.0,INLAND,169949.0,6049.0,3.690665039658328
-117.55,34.0,17.0,3583.0,700.0,1587.0,719.0,2.6979,75000.0,INLAND,114519.0,39519.0,52.69200000000001
-122.28,37.86,41.0,2214.0,550.0,1213.0,568.0,2.2845,153100.0,NEAR BAY,162601.0,9501.0,6.205747877204441
-117.43,34.07,18.0,2453.0,537.0,1503.0,500.0,2.3768,95300.0,INLAND,110847.0,15547.0,16.313746065057714
-117.21,33.34,10.0,5294.0,817.0,2312.0,810.0,5.4563,325700.0,<1H OCEAN,315238.04,10461.960000000021,3.212146146760829
-120.68,37.47,33.0,1028.0,226.0,658.0,197.0,2.3043,66300.0,INLAND,103838.0,37538.0,56.618401206636506
-122.83,38.96,15.0,1318.0,296.0,567.0,276.0,1.8692,93800.0,INLAND,83735.0,10065.0,10.730277185501066
-122.22,37.37,26.0,440.0,202.0,322.0,218.0,5.1831,350000.0,NEAR OCEAN,401855.3,51855.29999999999,14.815799999999996
-116.87,32.75,15.0,2053.0,321.0,993.0,309.0,5.5164,248900.0,<1H OCEAN,191612.0,57288.0,23.01647247890719
-118.39,33.79,30.0,4402.0,563.0,1582.0,551.0,10.898,500001.0,NEAR OCEAN,500001.0,0.0,0.0
-117.13,32.74,46.0,3355.0,768.0,1457.0,708.0,2.6604,170100.0,NEAR OCEAN,170020.0,80.0,0.047031158142269255
-122.45,37.74,38.0,5688.0,930.0,2263.0,908.0,6.203,346800.0,NEAR BAY,416778.18,69978.18,20.17825259515571
-122.47,38.29,14.0,3732.0,846.0,1277.0,775.0,2.5658,208000.0,NEAR BAY,193861.0,14139.0,6.797596153846154
-122.54,37.95,38.0,2310.0,400.0,971.0,386.0,5.697,435700.0,NEAR BAY,392079.02,43620.97999999998,10.011700711498733
-123.1,38.79,20.0,3109.0,712.0,1643.0,638.0,2.8344,164400.0,<1H OCEAN,146818.0,17582.0,10.694647201946472
-117.07,32.56,9.0,3648.0,895.0,3293.0,840.0,3.0992,142600.0,NEAR OCEAN,158066.0,15466.0,10.845722300140253
-118.43,34.08,46.0,778.0,90.0,238.0,93.0,15.0001,500001.0,<1H OCEAN,480113.76,19887.23999999999,3.977440045119908
-122.05,36.97,16.0,3363.0,611.0,1603.0,556.0,4.2542,294100.0,NEAR OCEAN,277497.0,16603.0,5.645358721523292
-122.25,37.49,43.0,2607.0,477.0,1225.0,461.0,4.224,349600.0,NEAR OCEAN,343110.01,6489.989999999991,1.8564044622425602
-117.87,34.14,30.0,2495.0,586.0,1139.0,559.0,2.9375,209200.0,INLAND,172156.0,37044.0,17.707456978967496
-118.2,34.05,42.0,1703.0,586.0,2490.0,581.0,2.02,147200.0,<1H OCEAN,143441.0,3759.0,2.5536684782608696
-121.32,37.94,36.0,40.0,10.0,64.0,14.0,2.625,55000.0,INLAND,167270.15,112270.15,204.12754545454544
-120.96,38.66,11.0,2339.0,436.0,1062.0,380.0,3.9036,180800.0,INLAND,160382.0,20418.0,11.293141592920355
-120.43,34.96,24.0,2739.0,414.0,1171.0,413.0,4.8155,162900.0,<1H OCEAN,208084.0,45184.0,27.737262124002456
-122.28,37.9,52.0,2003.0,250.0,658.0,244.0,10.0825,397000.0,NEAR BAY,493373.93,96373.93,24.275549118387907
-122.0,37.08,17.0,4154.0,739.0,2149.0,693.0,5.5919,373400.0,NEAR OCEAN,299143.0,74257.0,19.88671665773969
-118.34,33.87,34.0,1069.0,217.0,601.0,212.0,4.6406,255900.0,<1H OCEAN,282006.0,26106.0,10.201641266119578
-118.52,34.21,36.0,1328.0,287.0,823.0,273.0,4.5648,193700.0,<1H OCEAN,204671.0,10971.0,5.663913267940114
-118.22,34.09,42.0,1706.0,488.0,1941.0,447.0,2.5213,149700.0,<1H OCEAN,151247.0,1547.0,1.0334001336005345
-118.27,34.1,51.0,3149.0,519.0,1082.0,510.0,6.4459,421600.0,<1H OCEAN,465497.53,43897.53000000003,10.412127609108165
-117.58,34.02,4.0,5998.0,1092.0,3182.0,1042.0,5.2692,174800.0,INLAND,178614.0,3814.0,2.1819221967963385
-118.22,34.08,31.0,394.0,117.0,573.0,131.0,1.8173,154200.0,<1H OCEAN,140976.0,13224.0,8.575875486381324
-121.78,36.93,21.0,2794.0,662.0,2236.0,565.0,2.4053,178400.0,<1H OCEAN,158168.0,20232.0,11.340807174887892
-117.36,33.18,39.0,1546.0,291.0,833.0,308.0,2.8893,185400.0,NEAR OCEAN,237486.0,52086.0,28.093851132686083
-119.01,35.36,24.0,1941.0,484.0,1277.0,435.0,1.056,51600.0,INLAND,56487.0,4887.0,9.470930232558139
-117.81,34.11,21.0,3481.0,808.0,1866.0,746.0,3.6201,150400.0,INLAND,169109.0,18709.0,12.439494680851064
-118.1,34.02,33.0,1143.0,172.0,508.0,174.0,4.9107,279900.0,<1H OCEAN,201255.0,78645.0,28.097534833869236
-117.03,32.96,16.0,3424.0,698.0,1940.0,645.0,4.121,182100.0,<1H OCEAN,173782.0,8318.0,4.56781987918726
-122.23,39.75,16.0,2026.0,396.0,1031.0,382.0,1.9375,73100.0,INLAND,84754.0,11654.0,15.942544459644322
-121.96,37.1,20.0,922.0,155.0,361.0,135.0,6.3617,331500.0,<1H OCEAN,314996.0,16504.0,4.978582202111614
-121.06,39.04,15.0,1999.0,287.0,585.0,246.0,5.5161,361900.0,INLAND,203743.0,158157.0,43.70185134014921
-118.1,34.09,46.0,2822.0,525.0,1434.0,520.0,3.8906,238300.0,<1H OCEAN,243766.01,5466.010000000009,2.293751573646668
-118.32,33.95,44.0,2131.0,360.0,1040.0,330.0,5.0912,169800.0,<1H OCEAN,230589.02,60789.01999999999,35.80036513545347
-122.21,37.44,35.0,1140.0,193.0,486.0,199.0,4.6908,500001.0,NEAR OCEAN,335168.18,164832.82,32.96649806700387
-118.19,34.1,39.0,2054.0,423.0,1205.0,403.0,4.239,213000.0,<1H OCEAN,215865.0,2865.0,1.3450704225352113
-122.38,40.09,16.0,2077.0,388.0,1155.0,389.0,3.1361,84800.0,INLAND,105520.0,20720.0,24.433962264150942
-117.3,33.06,31.0,2128.0,520.0,1049.0,485.0,4.027,290000.0,NEAR OCEAN,330376.21,40376.21000000002,13.922831034482765
-122.13,37.71,44.0,1421.0,298.0,609.0,270.0,3.5781,180000.0,NEAR BAY,190807.0,10807.0,6.0038888888888895
-118.29,33.98,44.0,2261.0,555.0,1348.0,455.0,1.9125,97200.0,<1H OCEAN,107360.0,10160.0,10.452674897119342
-121.53,39.52,30.0,1030.0,161.0,448.0,159.0,2.4821,73800.0,INLAND,70807.0,2993.0,4.055555555555555
-120.47,34.65,16.0,2549.0,428.0,1486.0,432.0,4.2875,150700.0,NEAR OCEAN,178050.0,27350.0,18.148639681486397
-118.3,34.0,52.0,1718.0,354.0,1026.0,312.0,2.0,128000.0,<1H OCEAN,114408.0,13592.0,10.61875
-118.22,33.8,33.0,1984.0,477.0,1764.0,440.0,3.875,165100.0,NEAR OCEAN,175792.01,10692.01000000001,6.476081162931563
-118.27,33.97,39.0,2569.0,688.0,2601.0,630.0,2.0754,101400.0,<1H OCEAN,112595.0,11195.0,11.04043392504931
-118.34,34.06,52.0,1311.0,310.0,707.0,290.0,3.4812,432800.0,<1H OCEAN,394599.09,38200.909999999974,8.826457948243986
-119.21,34.18,13.0,6103.0,1319.0,2986.0,1212.0,3.9718,215200.0,NEAR OCEAN,263338.08,48138.080000000016,22.36899628252789
-117.83,33.81,24.0,3550.0,895.0,2828.0,834.0,2.8403,225600.0,<1H OCEAN,179777.0,45823.0,20.311613475177303
-118.85,34.18,11.0,5873.0,1455.0,3089.0,1365.0,3.5504,173800.0,<1H OCEAN,235836.02,62036.01999999999,35.69391254315305
-118.37,36.19,10.0,443.0,111.0,48.0,21.0,3.125,71300.0,INLAND,82306.0,11006.0,15.436185133239832
-121.85,37.39,15.0,8748.0,1547.0,4784.0,1524.0,5.8322,276600.0,<1H OCEAN,268406.0,8194.0,2.9624005784526393
-118.37,33.85,25.0,5622.0,998.0,2537.0,1009.0,5.785,395300.0,<1H OCEAN,334745.03,60554.96999999997,15.318737667594226
-118.96,35.37,32.0,1025.0,259.0,874.0,236.0,1.9612,53400.0,INLAND,58937.0,5537.0,10.368913857677903
-120.64,35.65,9.0,3466.0,673.0,2356.0,619.0,2.9926,158200.0,<1H OCEAN,165846.0,7646.0,4.833122629582807
-118.41,34.19,42.0,779.0,145.0,450.0,148.0,3.9792,193800.0,<1H OCEAN,208418.0,14618.0,7.542827657378741
-122.53,37.95,22.0,7446.0,1979.0,2980.0,1888.0,3.5838,271300.0,NEAR BAY,274751.01,3451.0100000000093,1.2720272760781457
-117.33,34.15,28.0,1473.0,333.0,1196.0,312.0,1.6993,67800.0,INLAND,73863.0,6063.0,8.942477876106194
-117.23,33.57,6.0,13724.0,2269.0,5860.0,1986.0,3.9617,183000.0,<1H OCEAN,175886.0,7114.0,3.8874316939890714
-120.44,37.28,12.0,2855.0,598.0,1658.0,586.0,2.3929,81100.0,INLAND,99174.0,18074.0,22.286066584463626
-117.2,33.7,23.0,6323.0,1196.0,1984.0,1124.0,2.3276,92400.0,<1H OCEAN,136067.0,43667.0,47.25865800865801
-121.34,38.64,12.0,2772.0,578.0,1335.0,565.0,3.8068,161000.0,INLAND,143221.0,17779.0,11.042857142857143
-117.28,34.12,36.0,2991.0,822.0,2378.0,751.0,1.3571,70600.0,INLAND,72802.0,2202.0,3.1189801699716715
-119.48,36.5,32.0,3451.0,625.0,1968.0,574.0,2.9554,110300.0,INLAND,77821.0,32479.0,29.44605621033545
-122.04,37.04,17.0,4977.0,994.0,1987.0,947.0,3.8854,312300.0,NEAR OCEAN,263093.02,49206.97999999998,15.7563176432917
-118.45,34.03,39.0,1657.0,402.0,931.0,363.0,3.7813,336300.0,<1H OCEAN,398523.32,62223.32000000001,18.502325304787394
-117.47,33.92,18.0,3869.0,773.0,2500.0,726.0,3.6583,126100.0,INLAND,124625.0,1475.0,1.1697065820777162
-121.94,37.75,16.0,5121.0,735.0,2464.0,761.0,6.6204,296100.0,<1H OCEAN,314265.01,18165.01000000001,6.134755150287068
-117.28,34.51,10.0,4676.0,884.0,2845.0,812.0,3.0181,100400.0,INLAND,99761.0,639.0,0.6364541832669323
-120.95,35.44,30.0,6346.0,1410.0,1769.0,887.0,2.6864,283600.0,NEAR OCEAN,237187.0,46413.0,16.36565585331453
-117.9,33.97,23.0,7353.0,1255.0,4014.0,1124.0,5.4155,213200.0,<1H OCEAN,269852.0,56652.0,26.572232645403375
-120.77,38.38,15.0,4221.0,816.0,1737.0,743.0,2.3125,128600.0,INLAND,115764.0,12836.0,9.981337480559874
-116.93,32.8,19.0,1867.0,538.0,1219.0,468.0,2.0685,130000.0,<1H OCEAN,125712.0,4288.0,3.298461538461538
-118.13,33.81,34.0,1903.0,343.0,928.0,349.0,5.395,241900.0,<1H OCEAN,251978.0,10078.0,4.166184373708144
-117.4,33.95,46.0,2189.0,423.0,866.0,389.0,3.1384,111500.0,INLAND,123511.0,12011.0,10.77219730941704
-122.07,37.96,34.0,1692.0,290.0,836.0,289.0,5.0172,197100.0,NEAR BAY,211893.01,14793.01000000001,7.505332318619995
-123.71,39.88,42.0,1518.0,383.0,656.0,303.0,1.4952,69800.0,NEAR OCEAN,99320.0,29520.0,42.29226361031518
-122.72,38.58,4.0,7042.0,1100.0,2936.0,1043.0,5.0555,240800.0,<1H OCEAN,225222.01,15577.98999999999,6.469264950166109
-117.77,33.72,9.0,2153.0,316.0,954.0,324.0,7.8139,304700.0,<1H OCEAN,351553.03,46853.03000000003,15.376773875943561
-117.93,34.07,34.0,1409.0,305.0,819.0,273.0,3.3977,188800.0,<1H OCEAN,192386.0,3586.0,1.899364406779661
-118.41,34.07,52.0,1202.0,142.0,408.0,138.0,15.0001,500001.0,<1H OCEAN,499831.99,169.0100000000093,0.03380193239613707
-120.07,36.97,28.0,1563.0,403.0,1564.0,408.0,1.5662,48000.0,INLAND,53903.0,5903.0,12.297916666666667
-119.27,36.05,29.0,1016.0,174.0,481.0,140.0,2.2917,112500.0,INLAND,65605.0,46895.0,41.684444444444445
-120.82,37.05,15.0,1385.0,288.0,775.0,255.0,1.933,140600.0,INLAND,87657.0,52943.0,37.65504978662874
-121.43,38.54,42.0,3321.0,688.0,1346.0,658.0,2.4618,101300.0,INLAND,106148.0,4848.0,4.785784797630799
-120.44,34.96,30.0,1685.0,315.0,1290.0,368.0,3.4722,112500.0,<1H OCEAN,155439.0,42939.0,38.168
-120.35,37.95,13.0,2104.0,407.0,960.0,401.0,2.4,177000.0,INLAND,113629.0,63371.0,35.80282485875706
-118.17,33.95,23.0,1991.0,584.0,1380.0,535.0,1.9107,181900.0,<1H OCEAN,154602.0,27298.0,15.007146783947222
-121.57,39.5,31.0,2023.0,469.0,1073.0,436.0,1.5714,56100.0,INLAND,57000.0,900.0,1.6042780748663104
-117.82,33.88,18.0,1982.0,300.0,1027.0,324.0,7.0526,327500.0,<1H OCEAN,285653.0,41847.0,12.777709923664121
-121.9,37.44,4.0,1646.0,408.0,853.0,410.0,5.0821,265500.0,<1H OCEAN,235956.01,29543.98999999999,11.127679849340863
-121.45,38.54,38.0,1865.0,384.0,1052.0,354.0,1.7891,60500.0,INLAND,66520.0,6020.0,9.950413223140496
-119.81,36.83,19.0,6789.0,1200.0,2325.0,1109.0,4.049,126000.0,INLAND,117821.0,8179.0,6.49126984126984
-118.36,33.8,34.0,2629.0,369.0,966.0,375.0,10.1241,500001.0,NEAR OCEAN,498570.98,1430.0200000000186,0.2860034279931477
-117.68,33.59,8.0,2327.0,263.0,899.0,236.0,14.9009,500001.0,<1H OCEAN,491593.45,8407.549999999988,1.6815066369867238
-118.04,33.88,17.0,4807.0,838.0,3059.0,853.0,5.7619,297300.0,<1H OCEAN,285234.0,12066.0,4.058526740665994
-118.43,34.01,41.0,1527.0,279.0,746.0,285.0,6.4232,446600.0,<1H OCEAN,445279.32,1320.679999999993,0.2957187639946245
-122.71,38.5,15.0,5645.0,830.0,2324.0,769.0,6.6104,330900.0,<1H OCEAN,324346.01,6553.989999999991,1.9806557872468995
-121.83,36.6,30.0,2748.0,502.0,1491.0,535.0,4.3472,185000.0,<1H OCEAN,226031.0,41031.0,22.178918918918917
-120.82,35.31,16.0,3924.0,699.0,1325.0,638.0,2.5172,293900.0,NEAR OCEAN,218472.01,75427.98999999999,25.664508336168762
-120.06,36.95,24.0,646.0,134.0,454.0,149.0,2.125,61900.0,INLAND,76169.98,14269.979999999996,23.05327948303715
-122.14,37.68,31.0,3184.0,716.0,1561.0,628.0,2.7955,183100.0,NEAR BAY,170769.0,12331.0,6.734571272528673
-116.46,33.78,25.0,1137.0,414.0,604.0,240.0,1.3801,55000.0,INLAND,80072.0,25072.0,45.585454545454546
-121.09,38.19,23.0,762.0,140.0,358.0,141.0,2.4545,105000.0,INLAND,120628.0,15628.0,14.883809523809525
-121.32,38.57,15.0,3369.0,499.0,1733.0,470.0,5.31,127500.0,INLAND,181762.0,54262.0,42.55843137254902
-120.99,37.66,30.0,1718.0,395.0,914.0,400.0,1.933,107000.0,INLAND,90288.0,16712.0,15.618691588785047
-122.22,37.79,37.0,2343.0,574.0,1608.0,523.0,2.1494,132500.0,NEAR BAY,126865.0,5635.0,4.252830188679245
-122.47,37.78,52.0,2169.0,522.0,1220.0,505.0,3.1989,446900.0,NEAR BAY,426353.07,20546.929999999993,4.597657194003131
-117.91,33.61,40.0,2790.0,531.0,952.0,424.0,4.8,500001.0,<1H OCEAN,434850.45,65150.54999999999,13.030083939832119
-121.53,39.06,20.0,561.0,109.0,308.0,114.0,3.3021,70800.0,INLAND,117552.0,46752.0,66.03389830508475
-117.04,32.83,8.0,2205.0,348.0,777.0,341.0,6.0266,177400.0,<1H OCEAN,284221.06,106821.06,60.21480270574971
-118.13,34.11,52.0,2568.0,345.0,1102.0,345.0,9.1373,500001.0,<1H OCEAN,489236.83,10764.169999999984,2.1528296943406082
-122.32,38.06,4.0,7999.0,1611.0,3596.0,1396.0,5.0969,174200.0,NEAR BAY,196721.0,22521.0,12.928243398392652
-121.73,37.68,17.0,20354.0,3493.0,8768.0,3293.0,5.4496,238900.0,INLAND,227287.0,11613.0,4.861029719547928
-118.98,35.4,36.0,1864.0,331.0,1052.0,325.0,3.4205,76600.0,INLAND,82515.0,5915.0,7.721932114882507
-121.9,37.25,28.0,2714.0,502.0,1389.0,490.0,5.7385,240400.0,<1H OCEAN,299056.02,58656.02000000002,24.399342762063235
-121.3,38.69,13.0,2135.0,429.0,779.0,432.0,3.6995,134900.0,INLAND,127964.0,6936.0,5.1415863602668646
-115.64,32.75,19.0,377.0,69.0,198.0,55.0,1.625,112500.0,INLAND,73477.0,39023.0,34.687111111111115
-117.89,33.76,34.0,1050.0,210.0,723.0,201.0,4.8,192700.0,<1H OCEAN,191537.0,1163.0,0.6035288012454593
-118.36,33.92,46.0,1231.0,231.0,793.0,256.0,4.1023,226800.0,<1H OCEAN,210404.0,16396.0,7.2292768959435625
-117.06,32.58,11.0,2879.0,679.0,2098.0,673.0,3.5125,142400.0,NEAR OCEAN,137053.0,5347.0,3.754915730337079
-115.49,32.67,25.0,2322.0,573.0,2185.0,602.0,1.375,70100.0,INLAND,69027.0,1073.0,1.5306704707560628
-117.31,34.09,34.0,1336.0,345.0,1009.0,311.0,1.608,73700.0,INLAND,72227.0,1473.0,1.9986431478968794
-121.03,39.21,28.0,2843.0,535.0,1310.0,525.0,3.2337,123100.0,INLAND,159041.0,35941.0,29.1965881397238
-117.05,32.72,35.0,1777.0,369.0,1158.0,353.0,3.4107,117000.0,NEAR OCEAN,130150.0,13150.0,11.23931623931624
-117.95,33.92,18.0,2825.0,660.0,1590.0,643.0,3.6106,153600.0,<1H OCEAN,185560.0,31960.0,20.807291666666668
-119.01,35.31,19.0,7092.0,1517.0,4101.0,1436.0,2.1006,74800.0,INLAND,75361.0,561.0,0.75
-119.17,34.27,18.0,8010.0,1539.0,3982.0,1483.0,4.0905,236500.0,NEAR OCEAN,229598.01,6901.989999999991,2.918389006342491
-118.07,34.14,42.0,3200.0,685.0,1668.0,628.0,3.375,260400.0,INLAND,236573.0,23827.0,9.15015360983103
-122.23,38.1,46.0,4143.0,895.0,2240.0,847.0,2.4201,92800.0,NEAR BAY,118753.0,25953.0,27.966594827586206
-117.75,34.06,52.0,62.0,9.0,44.0,16.0,0.4999,112500.0,INLAND,327681.35,215181.34999999998,191.2723111111111
-118.27,33.81,42.0,865.0,208.0,811.0,218.0,3.8621,165300.0,<1H OCEAN,172426.0,7126.0,4.310949788263763
-121.32,38.0,21.0,1795.0,482.0,1114.0,472.0,2.0091,101500.0,INLAND,100804.0,696.0,0.6857142857142857
-118.99,36.06,19.0,2153.0,458.0,1317.0,386.0,1.7564,42600.0,INLAND,57944.0,15344.0,36.01877934272301
-122.37,40.54,28.0,2213.0,390.0,1096.0,378.0,3.6923,86900.0,INLAND,104627.0,17727.0,20.399309551208287
-120.39,37.98,52.0,1056.0,274.0,584.0,255.0,2.1513,86700.0,INLAND,102023.0,15323.0,17.673587081891583
-118.33,34.11,48.0,1601.0,464.0,784.0,461.0,3.0642,342900.0,<1H OCEAN,310525.05,32374.95000000001,9.441513560804902
-118.08,33.89,37.0,1152.0,259.0,981.0,225.0,3.2857,153600.0,<1H OCEAN,158385.0,4785.0,3.115234375
-117.25,33.36,6.0,3725.0,960.0,2833.0,915.0,2.3214,247000.0,<1H OCEAN,153110.0,93890.0,38.012145748987855
-119.15,36.29,18.0,1435.0,,657.0,254.0,2.4281,72500.0,INLAND,77390.0,4890.0,6.744827586206896
-117.63,33.94,36.0,447.0,95.0,2886.0,85.0,4.2578,183300.0,INLAND,189713.1,6413.100000000006,3.4986906710310994
-118.55,34.19,18.0,5862.0,,3161.0,1280.0,3.1106,170600.0,<1H OCEAN,221922.02,51322.01999999999,30.083247362250876
-117.89,33.71,16.0,1591.0,225.0,926.0,239.0,6.2452,266300.0,<1H OCEAN,263275.0,3025.0,1.1359369132557267
-117.69,33.66,5.0,4246.0,689.0,1933.0,722.0,6.9501,225700.0,<1H OCEAN,312875.02,87175.02000000002,38.624288879042986
-118.35,33.88,25.0,1459.0,362.0,1150.0,354.0,3.35,237500.0,<1H OCEAN,244909.0,7409.0,3.1195789473684212
-118.09,34.16,45.0,2199.0,358.0,942.0,353.0,5.0393,321100.0,INLAND,347634.0,26534.0,8.26346932419807
-121.05,39.11,7.0,2767.0,423.0,1143.0,382.0,3.6333,170200.0,INLAND,170342.0,142.0,0.08343125734430083
-118.21,34.1,40.0,1684.0,316.0,795.0,330.0,5.2723,218300.0,<1H OCEAN,330874.03,112574.03000000003,51.56849748053139
-119.04,36.07,17.0,2623.0,659.0,1912.0,618.0,1.5893,52000.0,INLAND,61389.0,9389.0,18.05576923076923
-117.3,34.15,33.0,1607.0,282.0,608.0,260.0,4.3438,115000.0,INLAND,139952.0,24952.0,21.69739130434783
-117.75,34.06,44.0,477.0,135.0,502.0,117.0,2.0156,112500.0,INLAND,99942.0,12558.0,11.162666666666667
-114.61,33.62,16.0,1187.0,261.0,1115.0,242.0,2.1759,61500.0,INLAND,63442.0,1942.0,3.1577235772357723
-117.61,34.13,21.0,8416.0,1386.0,4308.0,1341.0,4.4611,164600.0,INLAND,177922.0,13322.0,8.09356014580802
-118.11,34.05,23.0,3436.0,565.0,1729.0,529.0,5.9941,266700.0,<1H OCEAN,291987.01,25287.01000000001,9.481443569553809
-118.95,35.26,24.0,1341.0,214.0,667.0,184.0,4.0,94500.0,INLAND,98992.0,4492.0,4.753439153439153
-118.35,33.9,25.0,3309.0,902.0,2299.0,837.0,3.0417,237000.0,<1H OCEAN,218586.0,18414.0,7.769620253164557
-122.89,38.93,20.0,1214.0,247.0,504.0,223.0,2.7188,105700.0,<1H OCEAN,174737.0,69037.0,65.31409649952697
-121.89,36.6,40.0,626.0,164.0,337.0,150.0,2.7917,225000.0,<1H OCEAN,213596.0,11404.0,5.068444444444444
-118.31,34.26,34.0,1797.0,363.0,948.0,363.0,4.1339,187300.0,<1H OCEAN,237110.01,49810.01000000001,26.59370528563802
-122.01,37.25,31.0,1574.0,193.0,551.0,191.0,10.2311,500001.0,<1H OCEAN,498941.98,1059.0200000000186,0.21180357639285094
-118.37,34.04,43.0,888.0,170.0,514.0,161.0,3.1827,202800.0,<1H OCEAN,262041.02,59241.01999999999,29.211548323471398
-117.19,32.76,52.0,1294.0,175.0,434.0,180.0,5.7914,500001.0,NEAR OCEAN,341725.1,158275.90000000002,31.655116689766626
-119.71,36.8,17.0,2056.0,366.0,1259.0,367.0,3.9338,84700.0,INLAND,91498.0,6798.0,8.025974025974026
-117.28,34.68,28.0,1932.0,421.0,1156.0,404.0,1.8958,55600.0,INLAND,81124.0,25524.0,45.906474820143885
-120.84,35.32,15.0,2419.0,538.0,1279.0,522.0,3.4762,189600.0,NEAR OCEAN,216634.0,27034.0,14.2584388185654
-118.13,34.02,43.0,396.0,91.0,261.0,73.0,2.9044,172900.0,<1H OCEAN,184855.02,11955.01999999999,6.914412955465581
-117.02,33.6,7.0,1972.0,352.0,964.0,317.0,3.244,337200.0,INLAND,143006.0,194194.0,57.590154211150654
-116.97,32.76,33.0,3071.0,466.0,1348.0,513.0,6.1768,228900.0,<1H OCEAN,339161.03,110261.03000000003,48.16995631280036
-117.71,33.61,26.0,3046.0,726.0,888.0,663.0,2.6848,74100.0,<1H OCEAN,126592.0,52492.0,70.83940620782727
-121.58,39.79,19.0,2636.0,523.0,1184.0,465.0,2.7863,108600.0,INLAND,99116.0,9484.0,8.732965009208103
-118.24,34.15,19.0,4852.0,1465.0,3171.0,1332.0,2.5924,192900.0,<1H OCEAN,225043.0,32143.0,16.6630378434422
-122.68,38.44,29.0,2796.0,588.0,1346.0,562.0,2.9107,169700.0,<1H OCEAN,180313.0,10613.0,6.253977607542723
-118.14,33.84,43.0,2107.0,439.0,876.0,429.0,3.2024,339400.0,<1H OCEAN,217082.0,122318.0,36.03948143783147
-117.88,34.1,32.0,3357.0,621.0,1696.0,604.0,4.2685,216600.0,<1H OCEAN,187859.0,28741.0,13.26915974145891
-117.67,33.44,25.0,2994.0,519.0,903.0,410.0,6.6852,500001.0,<1H OCEAN,305360.04,194640.96000000002,38.92811414377172
-120.47,34.64,16.0,1912.0,406.0,1009.0,417.0,3.4063,138000.0,NEAR OCEAN,189764.0,51764.0,37.51014492753623
-122.22,37.47,23.0,7740.0,1943.0,4124.0,1743.0,3.3268,322800.0,NEAR OCEAN,306908.16,15891.840000000026,4.923122676579934
-122.25,37.86,52.0,1709.0,318.0,719.0,295.0,5.0463,456300.0,NEAR BAY,307217.05,149082.95,32.6721345605961
-118.11,34.06,30.0,1547.0,436.0,1700.0,410.0,2.5488,187500.0,<1H OCEAN,178167.0,9333.0,4.9776
-122.2,39.52,39.0,2551.0,482.0,1181.0,437.0,2.0625,63400.0,INLAND,65970.0,2570.0,4.053627760252366
-119.9,36.58,20.0,1935.0,363.0,1319.0,359.0,2.4814,74600.0,INLAND,70355.0,4245.0,5.690348525469169
-118.26,33.79,42.0,1162.0,264.0,1044.0,241.0,3.5488,205600.0,<1H OCEAN,164563.0,41037.0,19.95963035019455
-122.51,37.53,17.0,1574.0,262.0,672.0,241.0,7.2929,355800.0,NEAR OCEAN,378228.2,22428.20000000001,6.303597526700397
-118.37,33.93,46.0,442.0,88.0,255.0,94.0,4.4474,246900.0,<1H OCEAN,238595.0,8305.0,3.363710004050223
-118.31,33.99,48.0,2235.0,433.0,1363.0,433.0,1.6559,101400.0,<1H OCEAN,111177.0,9777.0,9.642011834319526
-117.94,33.65,15.0,2016.0,443.0,1015.0,419.0,5.2732,209700.0,<1H OCEAN,245442.0,35742.0,17.044349070100143
-118.46,34.0,44.0,941.0,230.0,493.0,206.0,3.6458,325800.0,<1H OCEAN,347581.05,21781.04999999999,6.685405156537749
-122.33,37.95,46.0,1543.0,339.0,777.0,322.0,4.0927,142600.0,NEAR BAY,148662.0,6062.0,4.2510518934081345
-117.67,34.05,6.0,2833.0,628.0,1717.0,589.0,3.2062,167500.0,INLAND,131458.0,36042.0,21.517611940298504
-118.05,33.94,34.0,495.0,120.0,527.0,130.0,1.9453,149000.0,<1H OCEAN,148412.0,588.0,0.3946308724832215
-118.27,33.89,32.0,1969.0,397.0,1349.0,370.0,4.4659,138100.0,<1H OCEAN,176780.0,38680.0,28.008689355539463
-117.16,33.57,2.0,20391.0,3245.0,7132.0,2716.0,3.9443,187300.0,<1H OCEAN,200319.02,13019.01999999999,6.950891617725569
-118.46,34.03,27.0,1965.0,631.0,1042.0,596.0,2.75,327300.0,<1H OCEAN,338338.04,11038.039999999979,3.37245340666055
-122.44,37.77,52.0,5604.0,1268.0,2023.0,1196.0,4.4085,400000.0,NEAR BAY,445126.44,45126.44,11.28161
-122.03,37.6,24.0,2077.0,383.0,1488.0,389.0,4.5721,214700.0,NEAR BAY,207118.0,7582.0,3.5314392175128084
-117.96,34.71,32.0,3511.0,646.0,1733.0,510.0,3.46,123900.0,INLAND,98565.0,25335.0,20.447941888619855
-117.83,34.01,16.0,9446.0,1650.0,4911.0,1534.0,5.0111,212900.0,<1H OCEAN,245840.0,32940.0,15.47205260685768
-118.62,34.2,29.0,2421.0,402.0,1120.0,388.0,5.0309,244800.0,<1H OCEAN,242587.01,2212.9899999999907,0.9039991830065321
-121.45,38.62,37.0,1534.0,315.0,1147.0,322.0,2.5643,59800.0,INLAND,88022.0,28222.0,47.19397993311037
-122.48,37.71,39.0,3615.0,632.0,1571.0,615.0,5.1149,314200.0,NEAR OCEAN,334469.04,20269.03999999998,6.450999363462756
-123.22,39.15,45.0,1348.0,265.0,639.0,270.0,3.3667,115200.0,<1H OCEAN,125440.0,10240.0,8.88888888888889
-122.11,37.39,36.0,1660.0,261.0,655.0,249.0,6.3967,500001.0,NEAR BAY,396146.09,103854.90999999997,20.770940458119078
-117.71,33.47,17.0,2681.0,454.0,830.0,410.0,5.5507,345700.0,<1H OCEAN,286265.08,59434.919999999984,17.192629447497826
-118.07,33.87,18.0,3405.0,556.0,1945.0,509.0,5.7652,299100.0,<1H OCEAN,289234.0,9866.0,3.2985623537278506
-122.11,37.66,29.0,2544.0,643.0,2332.0,603.0,3.2091,150000.0,NEAR BAY,189623.0,39623.0,26.415333333333336
-117.93,34.04,30.0,1336.0,239.0,905.0,253.0,4.8854,178100.0,<1H OCEAN,182336.0,4236.0,2.378439079169006
-122.03,37.39,34.0,2600.0,650.0,1994.0,650.0,4.0223,250200.0,<1H OCEAN,243119.0,7081.0,2.8301358912869707
-118.35,33.9,31.0,1547.0,,956.0,287.0,3.4698,225000.0,<1H OCEAN,231763.0,6763.0,3.005777777777778
-117.13,32.72,9.0,2436.0,720.0,1780.0,653.0,1.8299,137500.0,NEAR OCEAN,130125.0,7375.0,5.363636363636363
-121.66,36.82,17.0,3921.0,654.0,1895.0,641.0,5.0092,238700.0,<1H OCEAN,257729.0,19029.0,7.97193129451194
-118.13,34.05,35.0,3229.0,616.0,1879.0,595.0,3.9531,268400.0,<1H OCEAN,251248.0,17152.0,6.390461997019374
-118.28,34.05,41.0,1788.0,774.0,2931.0,702.0,1.4413,158900.0,<1H OCEAN,188695.0,29795.0,18.750786658275644
-118.17,34.1,25.0,4444.0,647.0,1922.0,652.0,8.058,477300.0,<1H OCEAN,456537.48,20762.52000000002,4.3499937146448815
-121.33,37.97,36.0,1953.0,492.0,999.0,371.0,2.0043,90800.0,INLAND,80481.0,10319.0,11.364537444933921
-117.23,32.74,16.0,1953.0,404.0,798.0,385.0,4.8167,169800.0,NEAR OCEAN,243343.01,73543.01000000001,43.31154888103652
-121.29,38.6,29.0,1276.0,225.0,600.0,223.0,4.0938,109100.0,INLAND,150838.0,41738.0,38.25664527956004
-117.95,34.04,36.0,1044.0,200.0,982.0,205.0,4.7679,153900.0,<1H OCEAN,168860.0,14960.0,9.72059779077323
-121.83,36.61,26.0,3723.0,789.0,2563.0,747.0,3.4531,133100.0,<1H OCEAN,209003.02,75903.01999999999,57.027062359128465
-119.21,34.26,26.0,2406.0,411.0,1313.0,391.0,4.9079,234100.0,NEAR OCEAN,239468.01,5368.010000000009,2.2930414352840707
-118.29,33.91,28.0,1501.0,446.0,1028.0,418.0,2.3043,177500.0,<1H OCEAN,140624.0,36876.0,20.775211267605634
-118.74,34.26,27.0,3467.0,545.0,1798.0,493.0,4.8717,204100.0,<1H OCEAN,221287.0,17187.0,8.420872121509063
-118.2,33.96,44.0,2144.0,477.0,1760.0,452.0,2.3221,161600.0,<1H OCEAN,153838.0,7762.0,4.803217821782178
-117.93,33.65,29.0,1253.0,375.0,1198.0,362.0,3.5179,225000.0,<1H OCEAN,262334.03,37334.03000000003,16.592902222222232
-124.09,40.88,31.0,1982.0,495.0,1052.0,467.0,1.5326,74100.0,NEAR OCEAN,72933.0,1167.0,1.5748987854251013
-121.39,38.56,19.0,8507.0,1470.0,3517.0,1453.0,4.3644,137400.0,INLAND,154788.0,17388.0,12.655021834061136
-117.33,34.13,30.0,2335.0,363.0,1214.0,311.0,2.2449,93200.0,INLAND,83589.0,9611.0,10.312231759656653
-118.75,34.33,27.0,534.0,85.0,243.0,77.0,8.2787,330000.0,<1H OCEAN,449607.59,119607.59000000003,36.24472424242425
-118.1,33.93,36.0,1124.0,217.0,707.0,234.0,4.375,174500.0,<1H OCEAN,174636.0,136.0,0.07793696275071633
-118.49,34.25,33.0,2088.0,383.0,960.0,362.0,4.3333,232900.0,<1H OCEAN,247972.01,15072.01000000001,6.471451266638047
-117.69,34.06,29.0,873.0,226.0,649.0,198.0,2.7986,114400.0,INLAND,133822.0,19422.0,16.977272727272727
-117.06,32.57,18.0,1384.0,311.0,1429.0,287.0,1.3362,95000.0,NEAR OCEAN,110489.0,15489.0,16.304210526315792
-118.46,34.29,24.0,3668.0,890.0,3151.0,810.0,3.0526,183300.0,<1H OCEAN,182868.0,432.0,0.2356792144026187
-121.74,38.55,33.0,6861.0,1820.0,3717.0,1767.0,1.7311,182600.0,INLAND,106404.0,76196.0,41.728368017524645
-116.89,33.73,15.0,2094.0,316.0,937.0,277.0,5.3623,201300.0,INLAND,164395.0,36905.0,18.333333333333332
-121.89,37.25,26.0,1741.0,323.0,1007.0,339.0,4.7069,234800.0,<1H OCEAN,243133.0,8333.0,3.548977853492334
-122.15,37.72,31.0,1616.0,372.0,739.0,379.0,2.9097,210900.0,NEAR BAY,168364.0,42536.0,20.168800379326697
-119.29,34.26,32.0,3295.0,764.0,1344.0,600.0,3.6007,395500.0,NEAR OCEAN,258795.0,136705.0,34.56510745891277
-118.19,33.89,38.0,4018.0,986.0,3702.0,927.0,2.9293,113600.0,<1H OCEAN,152494.0,38894.0,34.23767605633803
-117.66,34.06,24.0,4043.0,952.0,2174.0,859.0,2.2244,114900.0,INLAND,132398.0,17498.0,15.228894691035682
-118.06,33.8,20.0,1379.0,333.0,937.0,304.0,3.6217,195300.0,<1H OCEAN,207185.0,11885.0,6.085509472606247
-118.0,33.95,35.0,1431.0,210.0,505.0,213.0,6.8109,401000.0,<1H OCEAN,368780.21,32219.78999999998,8.034860349127177
-117.95,33.84,18.0,3418.0,815.0,1961.0,773.0,3.65,171400.0,<1H OCEAN,186580.0,15180.0,8.856476079346558
-117.88,33.9,21.0,3180.0,434.0,1413.0,391.0,6.5945,277300.0,<1H OCEAN,313181.06,35881.06,12.939437432383698
-118.12,34.11,48.0,2124.0,319.0,785.0,319.0,5.2131,359600.0,<1H OCEAN,340274.06,19325.940000000002,5.3742880978865415
-120.99,37.69,25.0,2773.0,384.0,1060.0,381.0,6.4788,199400.0,INLAND,266301.01,66901.01000000001,33.551158475426284
-118.37,33.91,41.0,1869.0,427.0,1334.0,435.0,3.9355,227800.0,<1H OCEAN,254383.0,26583.0,11.669446883230904
-121.74,36.47,28.0,1973.0,343.0,970.0,349.0,4.25,279100.0,<1H OCEAN,233749.01,45350.98999999999,16.249011107130055
-122.19,37.48,35.0,7067.0,1646.0,5380.0,1597.0,4.1776,265300.0,NEAR BAY,367907.34,102607.34000000003,38.67596683000378
-116.95,32.78,20.0,3425.0,448.0,1489.0,443.0,6.2552,296400.0,<1H OCEAN,289189.0,7211.0,2.4328609986504723
-117.8,33.76,27.0,2655.0,345.0,1017.0,335.0,6.9014,366800.0,<1H OCEAN,347873.03,18926.969999999972,5.160024536532163
-115.54,32.79,23.0,1712.0,403.0,1370.0,377.0,1.275,60400.0,INLAND,58557.0,1843.0,3.051324503311258
-118.43,34.17,35.0,2922.0,507.0,1130.0,485.0,5.451,341800.0,<1H OCEAN,375649.17,33849.169999999984,9.903209479227613
-120.69,35.49,16.0,2666.0,450.0,1203.0,429.0,4.1375,222400.0,<1H OCEAN,216069.0,6331.0,2.8466726618705036
-118.32,33.94,37.0,2740.0,504.0,1468.0,479.0,4.5368,168800.0,<1H OCEAN,186021.0,17221.0,10.202014218009477
-121.18,37.96,35.0,411.0,74.0,193.0,59.0,2.5625,146900.0,INLAND,130716.0,16184.0,11.017018379850239
-121.33,37.96,42.0,1619.0,340.0,906.0,339.0,2.5488,80300.0,INLAND,80702.0,402.0,0.5006226650062267
-119.95,36.96,18.0,1996.0,379.0,1327.0,356.0,2.6087,96000.0,INLAND,73765.0,22235.0,23.161458333333336
-118.47,34.0,42.0,1271.0,301.0,574.0,312.0,3.1304,340500.0,<1H OCEAN,375535.1,35035.09999999998,10.289309838472827
-124.09,40.88,26.0,2683.0,555.0,1353.0,526.0,2.4321,82100.0,NEAR OCEAN,90835.0,8735.0,10.6394640682095
-117.19,33.64,12.0,1481.0,265.0,757.0,243.0,3.235,210700.0,<1H OCEAN,179081.03,31618.97,15.006630280018985
-120.64,40.41,50.0,1741.0,424.0,987.0,383.0,1.5066,59300.0,INLAND,65178.0,5878.0,9.912310286677908
-119.72,34.42,52.0,1759.0,387.0,980.0,402.0,4.0125,261000.0,NEAR OCEAN,288303.0,27303.0,10.460919540229884
-115.49,32.69,17.0,1960.0,389.0,1691.0,356.0,1.899,64000.0,INLAND,74502.0,10502.0,16.409375
-118.1,34.11,49.0,3367.0,523.0,1317.0,495.0,6.706,351400.0,<1H OCEAN,436663.49,85263.48999999999,24.26394137734775
-122.82,38.39,32.0,1437.0,257.0,752.0,245.0,4.7422,240900.0,<1H OCEAN,260558.0,19658.0,8.160232461602325
-118.34,34.12,41.0,3257.0,679.0,1237.0,638.0,4.2415,409600.0,<1H OCEAN,473413.66,63813.659999999974,15.579506835937492
-118.29,34.0,44.0,1753.0,387.0,1165.0,380.0,2.1354,105800.0,<1H OCEAN,115413.0,9613.0,9.08601134215501
-121.44,38.73,25.0,1287.0,224.0,727.0,236.0,4.7396,135500.0,INLAND,165700.0,30200.0,22.287822878228784
-117.22,32.83,31.0,3958.0,727.0,1924.0,728.0,5.4605,190200.0,NEAR OCEAN,274691.07,84491.07,44.42222397476341
-122.63,38.26,7.0,7808.0,1390.0,3551.0,1392.0,4.6069,202300.0,<1H OCEAN,223849.0,21549.0,10.652001977261492
-118.17,34.18,38.0,1280.0,231.0,828.0,237.0,4.375,166700.0,<1H OCEAN,221277.01,54577.01000000001,32.739658068386326
-124.17,40.79,43.0,2285.0,479.0,1169.0,482.0,1.9688,70500.0,NEAR OCEAN,82874.0,12374.0,17.551773049645387
-118.37,34.15,29.0,2630.0,617.0,1071.0,573.0,3.3669,376100.0,<1H OCEAN,365692.1,10407.900000000023,2.767322520606228
-118.93,34.82,24.0,806.0,168.0,323.0,136.0,3.5,113900.0,INLAND,115087.0,1187.0,1.0421422300263388
-122.24,37.47,35.0,2283.0,491.0,1148.0,436.0,4.5556,318600.0,NEAR OCEAN,349509.01,30909.01000000001,9.701509730069056
-122.26,37.85,50.0,1120.0,283.0,697.0,264.0,2.125,140000.0,NEAR BAY,144768.0,4768.0,3.4057142857142857
-118.04,33.99,36.0,3531.0,754.0,1613.0,697.0,3.2359,198600.0,<1H OCEAN,193205.0,5395.0,2.716515609264854
-117.92,33.92,19.0,2181.0,400.0,1272.0,337.0,5.1952,302100.0,<1H OCEAN,242566.0,59534.0,19.706719629261833
-116.51,33.89,21.0,1284.0,306.0,537.0,233.0,1.95,61000.0,INLAND,88936.99,27936.990000000005,45.798344262295096
-117.94,33.84,25.0,4016.0,831.0,2166.0,774.0,3.1884,135400.0,<1H OCEAN,194548.0,59148.0,43.68389955686854
-122.07,38.24,15.0,7937.0,1635.0,4390.0,1567.0,3.5464,129800.0,INLAND,160719.0,30919.0,23.82049306625578
-118.25,33.93,42.0,657.0,147.0,526.0,132.0,2.5,110200.0,<1H OCEAN,105000.0,5200.0,4.71869328493648
-118.86,34.22,26.0,1932.0,280.0,886.0,289.0,5.0855,232200.0,<1H OCEAN,253682.08,21482.079999999987,9.251541774332466
-121.47,38.72,26.0,1708.0,299.0,911.0,290.0,4.0227,99800.0,INLAND,108709.0,8909.0,8.92685370741483
-118.2,33.92,36.0,414.0,104.0,477.0,130.0,3.6719,130400.0,<1H OCEAN,133038.0,2638.0,2.023006134969325
-122.13,37.7,21.0,4124.0,1054.0,2162.0,998.0,2.6321,223100.0,NEAR BAY,174417.0,48683.0,21.82115643209323
-122.01,37.27,28.0,3825.0,473.0,1415.0,480.0,10.675,500001.0,<1H OCEAN,500001.0,0.0,0.0
-124.08,40.94,18.0,1550.0,345.0,941.0,335.0,2.3147,70100.0,NEAR OCEAN,93536.0,23436.0,33.43223965763195
-118.31,34.26,36.0,1882.0,453.0,1005.0,409.0,3.8,217100.0,<1H OCEAN,230935.0,13835.0,6.372639336711193
-117.29,33.2,16.0,2150.0,461.0,1428.0,407.0,2.4754,157300.0,NEAR OCEAN,151698.0,5602.0,3.561347743165925
-117.72,33.54,13.0,4866.0,812.0,1909.0,733.0,4.9821,244800.0,<1H OCEAN,261475.05,16675.04999999999,6.811703431372544
-118.46,34.25,33.0,2202.0,433.0,1135.0,407.0,4.2143,224200.0,<1H OCEAN,215082.0,9118.0,4.066904549509367
-120.73,39.63,17.0,1791.0,356.0,432.0,190.0,3.8826,92400.0,INLAND,125836.0,33436.0,36.18614718614719
-122.54,38.36,40.0,2725.0,531.0,1167.0,458.0,3.7969,202800.0,<1H OCEAN,201475.0,1325.0,0.6533530571992111
-122.91,39.17,44.0,202.0,42.0,142.0,39.0,4.35,68300.0,INLAND,173118.0,104818.0,153.4670571010249
-117.27,34.16,32.0,2894.0,427.0,1151.0,446.0,6.2236,159700.0,INLAND,266079.04,106379.03999999998,66.61179711959923
-118.23,33.93,36.0,501.0,123.0,487.0,118.0,1.3,87000.0,<1H OCEAN,102749.0,15749.0,18.102298850574712
-117.34,34.13,29.0,331.0,85.0,341.0,107.0,0.7069,70300.0,INLAND,92283.0,21983.0,31.270270270270274
-118.13,33.79,29.0,2937.0,524.0,1132.0,528.0,4.6133,500001.0,NEAR OCEAN,324153.2,175847.8,35.16948966102068
-120.47,34.63,23.0,2441.0,463.0,1392.0,434.0,3.7917,142200.0,NEAR OCEAN,168863.0,26663.0,18.750351617440224
-119.32,36.2,25.0,1427.0,246.0,772.0,221.0,2.2262,64500.0,INLAND,71695.0,7195.0,11.155038759689923
-118.4,34.03,24.0,1101.0,318.0,491.0,287.0,3.2222,319400.0,<1H OCEAN,337841.07,18441.070000000007,5.77365998747652
-122.99,39.02,14.0,1582.0,301.0,851.0,273.0,3.45,164100.0,<1H OCEAN,123775.0,40325.0,24.573430834856794
-117.99,33.72,14.0,2127.0,537.0,1338.0,475.0,3.628,188500.0,<1H OCEAN,194112.0,5612.0,2.977188328912467
-117.13,32.76,29.0,2568.0,682.0,1191.0,642.0,2.1094,162500.0,NEAR OCEAN,140978.0,21522.0,13.244307692307691
-117.23,34.51,9.0,5756.0,807.0,2158.0,758.0,5.5875,167800.0,INLAND,196414.0,28614.0,17.052443384982123
-122.44,37.75,52.0,2082.0,425.0,801.0,411.0,4.2708,368900.0,NEAR BAY,352690.03,16209.969999999972,4.394136622390884
-121.02,37.68,28.0,2875.0,560.0,1608.0,558.0,3.5489,106400.0,INLAND,119490.0,13090.0,12.302631578947368
-117.97,33.71,26.0,2553.0,405.0,1337.0,411.0,5.3737,252900.0,<1H OCEAN,248226.0,4674.0,1.848161328588375
-119.3,34.42,18.0,5591.0,1042.0,2860.0,1026.0,3.5822,219900.0,NEAR OCEAN,277732.08,57832.080000000016,26.29926330150069
-117.87,33.84,10.0,3381.0,729.0,1584.0,636.0,5.3812,235400.0,<1H OCEAN,268270.0,32870.0,13.963466440101953
-122.4,37.71,47.0,1649.0,328.0,1183.0,356.0,3.3625,223700.0,NEAR BAY,225722.0,2022.0,0.9038891372373715
-120.98,37.66,33.0,1959.0,342.0,984.0,356.0,4.5208,114200.0,INLAND,155995.0,41795.0,36.59807355516638
-117.61,34.34,18.0,5210.0,912.0,1301.0,464.0,4.8623,176900.0,INLAND,176323.0,577.0,0.3261729790842284
-121.81,37.99,18.0,2807.0,445.0,1315.0,437.0,4.8194,170400.0,INLAND,148179.0,22221.0,13.04049295774648
-122.67,38.44,29.0,2551.0,448.0,1165.0,456.0,4.3587,196400.0,<1H OCEAN,244120.0,47720.0,24.29735234215886
-118.3,34.07,36.0,2657.0,738.0,2274.0,723.0,3.425,281700.0,<1H OCEAN,296725.03,15025.030000000028,5.333698970536041
-119.71,36.81,19.0,2282.0,550.0,1034.0,500.0,1.6618,69700.0,INLAND,73763.0,4063.0,5.829268292682928
-121.88,37.34,44.0,1267.0,353.0,1018.0,327.0,2.4196,194400.0,<1H OCEAN,190670.0,3730.0,1.9187242798353912
-116.93,32.81,18.0,2447.0,466.0,1573.0,472.0,2.6429,125400.0,<1H OCEAN,146324.0,20924.0,16.68580542264753
-121.01,37.33,17.0,1926.0,410.0,1054.0,321.0,1.6214,71500.0,INLAND,110969.0,39469.0,55.2013986013986
-123.2,39.13,26.0,1474.0,417.0,1065.0,401.0,1.375,84400.0,<1H OCEAN,112399.0,27999.0,33.17417061611375
-116.87,32.72,13.0,3268.0,491.0,1431.0,503.0,5.7652,259900.0,<1H OCEAN,245861.0,14039.0,5.40169295883032
-122.48,37.51,22.0,1564.0,278.0,761.0,270.0,4.7578,318500.0,NEAR OCEAN,397275.02,78775.02000000002,24.733130298273164
-118.44,34.25,35.0,1583.0,324.0,1481.0,351.0,3.7,176000.0,<1H OCEAN,159403.0,16597.0,9.430113636363636
-120.33,34.87,24.0,2590.0,404.0,1093.0,338.0,3.9375,341200.0,<1H OCEAN,212122.03,129077.97,37.83058909730364
-118.34,33.91,8.0,3937.0,1404.0,2691.0,1142.0,2.4741,185700.0,<1H OCEAN,194835.01,9135.01000000001,4.919229940764679
-118.68,34.08,18.0,102.0,17.0,55.0,21.0,3.9934,500001.0,NEAR OCEAN,359460.18,140540.82,28.108107783784437
-118.46,34.05,25.0,4077.0,1151.0,1719.0,1017.0,3.7721,337500.0,<1H OCEAN,426931.33,89431.33000000002,26.498171851851858
-116.95,33.76,10.0,6890.0,1702.0,3141.0,1451.0,1.7079,95900.0,INLAND,93271.0,2629.0,2.741397288842544
-121.22,37.79,36.0,1052.0,221.0,712.0,212.0,1.7228,105000.0,INLAND,88261.0,16739.0,15.941904761904762
-118.15,34.04,44.0,647.0,142.0,457.0,143.0,3.6875,162500.0,<1H OCEAN,206230.0,43730.0,26.910769230769233
-117.7,33.6,26.0,2283.0,506.0,634.0,469.0,2.3774,74300.0,<1H OCEAN,117983.01,43683.009999999995,58.79274562584118
-118.1,34.16,46.0,2863.0,513.0,1412.0,498.0,5.3272,330200.0,INLAND,349402.0,19202.0,5.8152634766808
-121.48,38.61,18.0,1511.0,315.0,1062.0,304.0,2.3438,89400.0,INLAND,103273.0,13873.0,15.517897091722595
-121.7,37.93,10.0,3258.0,612.0,1779.0,558.0,4.6587,152500.0,INLAND,204551.0,52051.0,34.13180327868853
-122.28,37.82,52.0,1387.0,341.0,1074.0,304.0,1.2171,80300.0,NEAR BAY,106388.01,26088.009999999995,32.48818181818181
-121.8,38.0,34.0,2738.0,475.0,1316.0,459.0,3.5368,122500.0,INLAND,123956.0,1456.0,1.1885714285714286
-121.92,37.25,36.0,3874.0,656.0,1826.0,639.0,4.9662,258500.0,<1H OCEAN,257745.02,754.9800000000105,0.2920618955512613
-122.41,37.79,52.0,5783.0,2747.0,4518.0,2538.0,1.724,225000.0,NEAR BAY,296412.13,71412.13,31.738724444444443
-121.58,37.03,16.0,3120.0,685.0,2383.0,681.0,3.5551,198600.0,INLAND,215888.0,17288.0,8.704934541792547
-118.35,34.07,45.0,7803.0,2154.0,3359.0,2041.0,3.3594,287500.0,<1H OCEAN,343928.17,56428.169999999984,19.627189565217385
-122.53,37.5,19.0,4768.0,807.0,2199.0,805.0,6.1896,331100.0,NEAR OCEAN,381448.13,50348.130000000005,15.20632135306554
-117.64,34.09,34.0,2839.0,659.0,1822.0,631.0,3.05,121300.0,INLAND,122016.0,716.0,0.5902720527617478
-118.3,34.06,33.0,2437.0,1283.0,3906.0,1084.0,2.0332,270000.0,<1H OCEAN,241952.0,28048.0,10.388148148148147
-117.09,32.71,29.0,2238.0,523.0,2061.0,504.0,2.5559,96800.0,NEAR OCEAN,109545.0,12745.0,13.166322314049586
-117.9,33.63,28.0,2370.0,352.0,832.0,347.0,7.1148,500001.0,<1H OCEAN,433493.32,66507.68,13.301509396981203
-122.45,37.72,52.0,1729.0,319.0,890.0,300.0,4.3036,261800.0,NEAR BAY,259624.0,2176.0,0.8311688311688312
-118.52,34.21,34.0,1663.0,299.0,762.0,282.0,5.1265,211000.0,<1H OCEAN,242734.0,31734.0,15.039810426540285
-121.02,37.62,30.0,1721.0,399.0,1878.0,382.0,2.5363,83900.0,INLAND,91175.0,7275.0,8.67103694874851
-118.29,34.03,27.0,1084.0,287.0,1085.0,279.0,2.135,119600.0,<1H OCEAN,162058.0,42458.0,35.5
-121.16,41.78,42.0,2918.0,576.0,1182.0,440.0,2.1434,44000.0,INLAND,61345.0,17345.0,39.42045454545455
-118.13,33.93,19.0,1793.0,447.0,1222.0,452.0,2.6862,195800.0,<1H OCEAN,170674.0,25126.0,12.832482124616956
-117.92,33.94,27.0,4566.0,620.0,2045.0,664.0,5.583,267700.0,<1H OCEAN,263523.0,4177.0,1.560328726186029
-121.03,37.68,20.0,3204.0,625.0,2016.0,605.0,2.6567,110400.0,INLAND,118764.0,8364.0,7.576086956521739
-118.42,34.01,42.0,1700.0,438.0,997.0,436.0,2.9213,305000.0,<1H OCEAN,359418.06,54418.06,17.841986885245902
-117.27,33.06,7.0,3686.0,733.0,1612.0,672.0,3.197,367100.0,NEAR OCEAN,192556.0,174544.0,47.5467175156633
-121.64,36.68,16.0,6568.0,1603.0,6012.0,1565.0,2.3463,156100.0,<1H OCEAN,144250.0,11850.0,7.591287636130685
-119.65,36.37,4.0,3725.0,783.0,1478.0,600.0,3.5486,148000.0,INLAND,97494.0,50506.0,34.12567567567567
-117.31,34.51,18.0,2704.0,698.0,1611.0,597.0,2.0243,82300.0,INLAND,90571.0,8271.0,10.0498177399757
-117.99,33.66,14.0,3155.0,653.0,951.0,575.0,3.0625,268800.0,<1H OCEAN,200563.0,68237.0,25.38578869047619
-118.09,33.92,31.0,1983.0,419.0,1157.0,390.0,3.5455,168300.0,<1H OCEAN,181757.0,13457.0,7.995840760546642
-121.02,36.24,12.0,2198.0,507.0,1971.0,502.0,2.6801,100000.0,<1H OCEAN,148536.0,48536.0,48.536
-118.07,33.9,42.0,1007.0,224.0,776.0,228.0,3.8672,162700.0,<1H OCEAN,171171.0,8471.0,5.206515058389674
-122.27,37.84,52.0,2436.0,541.0,1015.0,478.0,1.725,113900.0,NEAR BAY,152368.0,38468.0,33.77348551360843
-122.25,37.5,44.0,348.0,79.0,154.0,73.0,4.7708,253800.0,NEAR OCEAN,310389.01,56589.01000000001,22.296694247438932
-118.42,34.15,31.0,1861.0,430.0,736.0,360.0,5.2853,355900.0,<1H OCEAN,419151.25,63251.25,17.772197246417534
-121.08,37.69,19.0,6473.0,1212.0,3559.0,1123.0,3.2246,129300.0,INLAND,149564.0,20264.0,15.672080433101316
-122.32,40.57,15.0,2524.0,449.0,1374.0,467.0,3.3816,93800.0,INLAND,112070.0,18270.0,19.47761194029851
-122.45,37.69,17.0,2359.0,501.0,884.0,504.0,3.0625,87500.0,NEAR OCEAN,248590.0,161090.0,184.10285714285715
-122.68,38.4,32.0,2826.0,627.0,1767.0,628.0,3.1047,141400.0,<1H OCEAN,172998.0,31598.0,22.346534653465348
-118.25,34.12,11.0,1281.0,418.0,1584.0,330.0,2.8889,153100.0,<1H OCEAN,194409.0,41309.0,26.98171129980405
-120.46,34.64,11.0,562.0,164.0,504.0,147.0,2.0161,118800.0,NEAR OCEAN,149344.01,30544.01000000001,25.710446127946135
-118.28,34.02,46.0,1098.0,426.0,1510.0,374.0,2.1382,156300.0,<1H OCEAN,123559.0,32741.0,20.947536788227765
-117.34,33.16,24.0,1006.0,277.0,610.0,246.0,2.25,187500.0,NEAR OCEAN,192943.0,5443.0,2.9029333333333334
-120.97,37.84,28.0,2368.0,430.0,1231.0,403.0,2.883,141900.0,INLAND,116550.0,25350.0,17.864693446088793
-117.25,32.79,37.0,1467.0,442.0,651.0,354.0,2.375,340400.0,NEAR OCEAN,248934.0,91466.0,26.87015276145711
-121.64,36.72,17.0,4203.0,816.0,2900.0,827.0,4.1742,159900.0,<1H OCEAN,213606.0,53706.0,33.587242026266416
-118.47,34.25,21.0,2692.0,477.0,1330.0,456.0,4.5417,238900.0,<1H OCEAN,238848.02,51.98000000001048,0.021758057764759513
-117.14,32.72,43.0,1073.0,344.0,660.0,279.0,2.0529,168800.0,NEAR OCEAN,144264.0,24536.0,14.535545023696683
-118.15,34.02,43.0,2172.0,605.0,2386.0,597.0,2.8239,150600.0,<1H OCEAN,167550.0,16950.0,11.254980079681275
-117.29,33.13,4.0,617.0,105.0,224.0,105.0,3.9205,183000.0,NEAR OCEAN,217413.1,34413.100000000006,18.804972677595632
-117.96,33.78,33.0,1520.0,,658.0,242.0,4.875,269300.0,<1H OCEAN,218346.02,50953.98000000001,18.920898626067586
-122.81,38.08,19.0,1615.0,366.0,815.0,337.0,3.4609,238800.0,NEAR OCEAN,230404.0,8396.0,3.515912897822446
-117.78,33.85,16.0,3781.0,504.0,1665.0,499.0,7.2554,335600.0,<1H OCEAN,312373.0,23227.0,6.92103694874851
-117.89,34.1,34.0,2048.0,411.0,1456.0,416.0,3.125,168600.0,<1H OCEAN,165132.0,3468.0,2.0569395017793592
-122.16,37.74,46.0,1029.0,181.0,567.0,211.0,3.4844,129500.0,NEAR BAY,150511.0,21011.0,16.224710424710427
-122.12,37.16,32.0,1602.0,317.0,752.0,275.0,5.1664,185100.0,NEAR OCEAN,341896.08,156796.08000000002,84.70884927066452
-118.09,33.98,37.0,1226.0,255.0,1068.0,271.0,3.1607,172200.0,<1H OCEAN,160065.0,12135.0,7.047038327526132
-118.18,33.98,30.0,1735.0,573.0,2237.0,545.0,2.3444,156100.0,<1H OCEAN,157310.0,1210.0,0.7751441383728379
-117.91,34.06,29.0,3250.0,521.0,1382.0,513.0,5.112,218300.0,<1H OCEAN,232070.0,13770.0,6.307833256985799
-117.68,34.15,24.0,1033.0,189.0,486.0,204.0,4.1719,213500.0,INLAND,166633.0,46867.0,21.95175644028103
-118.3,34.05,34.0,1453.0,588.0,1987.0,589.0,2.096,187500.0,<1H OCEAN,189063.0,1563.0,0.8336
-121.88,37.43,17.0,3469.0,896.0,2762.0,808.0,3.3884,245800.0,<1H OCEAN,212490.0,33310.0,13.551668022782751
-122.48,37.76,52.0,3260.0,653.0,1594.0,632.0,4.4094,336100.0,NEAR BAY,348777.06,12677.059999999998,3.771811960725974
-119.8,36.72,19.0,1334.0,336.0,1171.0,319.0,1.0481,48500.0,INLAND,54252.99,5752.989999999998,11.861835051546388
-123.22,39.16,29.0,6121.0,1222.0,3595.0,1189.0,2.631,109600.0,<1H OCEAN,129370.0,19770.0,18.03832116788321
-119.17,34.17,21.0,2361.0,464.0,1146.0,396.0,3.6597,195100.0,NEAR OCEAN,223343.02,28243.01999999999,14.476176319835975
-120.32,38.71,13.0,1115.0,255.0,86.0,32.0,3.5667,115600.0,INLAND,132115.0,16515.0,14.286332179930797
-119.64,36.56,34.0,576.0,117.0,363.0,97.0,2.0658,92500.0,INLAND,70423.0,22077.0,23.867027027027028
-117.84,35.54,11.0,1751.0,316.0,765.0,296.0,5.0762,98000.0,INLAND,120240.0,22240.0,22.693877551020407
-122.1,38.24,13.0,7367.0,1042.0,3193.0,983.0,5.3102,195000.0,NEAR BAY,209958.0,14958.0,7.670769230769231
-122.27,37.32,37.0,2607.0,534.0,1346.0,507.0,5.3951,277700.0,NEAR OCEAN,374977.05,97277.04999999999,35.02954627295642
-118.1,33.89,35.0,994.0,203.0,602.0,185.0,3.5865,178000.0,<1H OCEAN,178445.0,445.0,0.25
-117.02,32.75,33.0,3296.0,537.0,1345.0,556.0,5.2835,217100.0,<1H OCEAN,194209.0,22891.0,10.54398894518655
-117.32,34.12,37.0,2868.0,574.0,2055.0,563.0,2.3508,70500.0,INLAND,81382.0,10882.0,15.435460992907801
-121.42,38.62,41.0,1087.0,272.0,462.0,219.0,2.0224,64900.0,INLAND,93161.0,28261.0,43.54545454545454
-118.15,34.11,39.0,2618.0,582.0,1314.0,532.0,3.5875,309300.0,<1H OCEAN,277664.02,31635.97999999998,10.228250889104423
-118.14,33.91,34.0,2011.0,472.0,1087.0,423.0,3.0465,187800.0,<1H OCEAN,210690.0,22890.0,12.188498402555911
-122.37,37.58,43.0,2506.0,432.0,967.0,428.0,4.7404,500001.0,NEAR OCEAN,394054.04,105946.96000000002,21.189349621300764
-117.13,32.9,15.0,2785.0,644.0,1798.0,630.0,3.7156,175200.0,<1H OCEAN,155900.0,19300.0,11.015981735159817
-120.25,37.11,20.0,2062.0,466.0,1285.0,456.0,1.5319,50500.0,INLAND,72838.0,22338.0,44.233663366336636
-117.27,32.85,26.0,1373.0,,608.0,268.0,4.425,475000.0,NEAR OCEAN,311218.14,163781.86,34.48039157894737
-118.32,34.19,37.0,1335.0,249.0,485.0,240.0,4.1731,352100.0,<1H OCEAN,246998.02,105101.98000000001,29.85003692132917
-118.3,33.78,35.0,2572.0,504.0,1172.0,519.0,4.6207,304100.0,<1H OCEAN,278494.02,25605.97999999998,8.420249917790194
-121.2,38.73,11.0,4897.0,636.0,1931.0,616.0,7.7499,334800.0,INLAND,269262.0,65538.0,19.5752688172043
-121.9,36.61,29.0,3412.0,827.0,1574.0,759.0,2.9309,217100.0,NEAR OCEAN,230427.0,13327.0,6.138645785352372
-117.14,32.92,15.0,3242.0,595.0,1936.0,593.0,4.9706,184700.0,<1H OCEAN,203532.0,18832.0,10.195993502977801
-118.36,34.16,32.0,2455.0,556.0,989.0,493.0,4.0764,325000.0,<1H OCEAN,339494.09,14494.090000000026,4.459720000000008
-117.89,33.92,17.0,2936.0,555.0,1381.0,535.0,5.4617,190300.0,<1H OCEAN,286489.0,96189.0,50.54598003152917
-121.48,38.56,50.0,1587.0,448.0,877.0,380.0,2.0833,94300.0,INLAND,91481.0,2819.0,2.989395546129374
-119.05,35.36,16.0,4507.0,1049.0,2261.0,959.0,3.3261,118400.0,INLAND,89451.0,28949.0,24.45016891891892
-120.85,37.49,42.0,264.0,72.0,310.0,70.0,1.4063,61500.0,INLAND,79932.0,18432.0,29.97073170731707
-118.34,34.08,52.0,1721.0,195.0,688.0,196.0,15.0001,500001.0,<1H OCEAN,500001.0,0.0,0.0
-118.1,34.13,44.0,1745.0,237.0,693.0,248.0,9.7912,500001.0,<1H OCEAN,493185.91,6815.090000000026,1.3630152739694572
-117.22,33.19,16.0,3004.0,656.0,1948.0,606.0,2.7019,216900.0,<1H OCEAN,155714.0,61186.0,28.20931304748732
-118.46,34.26,33.0,1358.0,247.0,738.0,235.0,5.0947,210300.0,<1H OCEAN,225316.0,15016.0,7.140275796481217
-118.36,33.8,38.0,2553.0,400.0,1042.0,393.0,6.9742,500001.0,NEAR OCEAN,448915.47,51085.53000000003,10.217085565828873
-117.08,32.78,21.0,2919.0,496.0,984.0,443.0,4.625,222800.0,NEAR OCEAN,215003.0,7797.0,3.4995511669658885
-116.44,34.12,18.0,5584.0,1303.0,2250.0,1158.0,1.5823,72400.0,INLAND,76548.0,4148.0,5.729281767955801
-117.68,33.51,4.0,2428.0,401.0,959.0,386.0,6.2661,268500.0,<1H OCEAN,313684.0,45184.0,16.82830540037244
-118.45,34.04,19.0,3330.0,1010.0,1837.0,915.0,3.0173,393800.0,<1H OCEAN,337199.03,56600.96999999997,14.373024377856773
-119.34,35.6,33.0,2143.0,488.0,1732.0,509.0,1.9362,59000.0,INLAND,58284.0,716.0,1.2135593220338983
-121.86,37.42,20.0,5032.0,808.0,2695.0,801.0,6.6227,264800.0,<1H OCEAN,303770.02,38970.02000000002,14.716774924471308
-119.98,38.93,25.0,1262.0,293.0,534.0,226.0,2.6607,90400.0,INLAND,109176.0,18776.0,20.76991150442478
-121.83,39.74,34.0,3263.0,604.0,1290.0,594.0,2.575,130300.0,INLAND,82445.0,47855.0,36.72678434382195
-118.31,33.96,43.0,2118.0,569.0,1266.0,500.0,1.747,121000.0,<1H OCEAN,118735.0,2265.0,1.871900826446281
-119.84,36.79,21.0,3235.0,648.0,1820.0,614.0,3.3447,71400.0,INLAND,93640.0,22240.0,31.1484593837535
-117.93,33.66,18.0,2043.0,250.0,702.0,246.0,9.6062,414700.0,<1H OCEAN,462818.51,48118.51000000001,11.60320954907162
-119.81,36.78,35.0,1012.0,245.0,633.0,240.0,2.0324,55500.0,INLAND,61210.0,5710.0,10.288288288288289
-121.31,38.97,16.0,1210.0,228.0,726.0,222.0,2.7083,82100.0,INLAND,117900.0,35800.0,43.605359317905
-122.13,37.74,41.0,4400.0,666.0,1476.0,648.0,5.0,248900.0,NEAR BAY,284945.01,36045.01000000001,14.481723583768586
-120.2,34.63,14.0,2647.0,515.0,1487.0,488.0,4.4519,227900.0,NEAR OCEAN,258581.0,30681.0,13.462483545414655
-117.12,32.75,20.0,1406.0,413.0,850.0,412.0,2.3261,114600.0,NEAR OCEAN,140411.0,25811.0,22.522687609075042
-121.2,38.28,20.0,1732.0,307.0,999.0,305.0,3.9808,160200.0,INLAND,147858.0,12342.0,7.704119850187266
-118.46,34.18,27.0,2582.0,719.0,2038.0,718.0,3.0877,174200.0,<1H OCEAN,222965.0,48765.0,27.993685419058558
-117.77,33.84,5.0,4380.0,715.0,1913.0,741.0,6.7274,266400.0,<1H OCEAN,302545.01,36145.01000000001,13.567946696696701
-117.06,33.02,17.0,2635.0,389.0,994.0,359.0,5.8966,261500.0,<1H OCEAN,277022.0,15522.0,5.9357552581261945
-118.1,34.05,31.0,3559.0,734.0,2975.0,715.0,3.756,183300.0,<1H OCEAN,193615.0,10315.0,5.627386797599564
-117.95,33.8,34.0,1654.0,285.0,905.0,292.0,4.6389,214600.0,<1H OCEAN,210737.0,3863.0,1.8000931966449207
-118.21,33.81,43.0,905.0,199.0,764.0,204.0,3.3214,162200.0,NEAR OCEAN,166501.0,4301.0,2.651664611590629
-122.26,37.85,52.0,2643.0,626.0,1212.0,620.0,1.9167,159200.0,NEAR BAY,184909.0,25709.0,16.14886934673367
-118.05,34.02,31.0,40.0,8.0,25.0,7.0,2.125,375000.0,<1H OCEAN,197792.04,177207.96,47.255455999999995
-118.52,34.18,46.0,2082.0,438.0,1047.0,393.0,3.6534,216000.0,<1H OCEAN,229855.0,13855.0,6.414351851851851
-120.74,39.39,18.0,453.0,117.0,152.0,77.0,1.3523,85700.0,INLAND,89147.99,3447.9900000000052,4.023325554259049
-118.13,33.91,36.0,1967.0,316.0,910.0,306.0,4.4948,190600.0,<1H OCEAN,217250.0,26650.0,13.982161594963275
-124.1,40.88,35.0,2987.0,578.0,1581.0,585.0,2.0657,81100.0,NEAR OCEAN,79878.0,1222.0,1.5067817509247843
-116.52,33.85,13.0,7559.0,1444.0,3189.0,1105.0,3.4886,112500.0,INLAND,147260.0,34760.0,30.89777777777778
-121.96,38.36,11.0,3208.0,790.0,1772.0,694.0,2.7434,218800.0,INLAND,130158.0,88642.0,40.5127970749543
-122.27,37.84,52.0,1688.0,337.0,853.0,325.0,2.1806,99700.0,NEAR BAY,148304.0,48604.0,48.75025075225677
-121.49,39.49,20.0,2505.0,468.0,1174.0,429.0,2.9965,88900.0,INLAND,97886.0,8986.0,10.10798650168729
-121.3,37.94,40.0,452.0,109.0,412.0,97.0,1.3417,60800.0,INLAND,62602.0,1802.0,2.963815789473684
-117.62,33.42,23.0,2656.0,515.0,998.0,435.0,4.0294,500001.0,NEAR OCEAN,269839.03,230161.96999999997,46.03230193539613
-119.63,36.6,33.0,1589.0,294.0,1102.0,307.0,1.9676,62400.0,INLAND,61033.0,1367.0,2.190705128205128
-118.31,33.99,47.0,1525.0,359.0,982.0,333.0,2.0915,126600.0,<1H OCEAN,106327.0,20273.0,16.013428120063192
-116.99,32.74,18.0,3341.0,611.0,1952.0,602.0,3.9844,215300.0,<1H OCEAN,167236.0,48064.0,22.32419879238272
-117.05,33.13,20.0,7746.0,2035.0,5370.0,1838.0,2.3762,98500.0,<1H OCEAN,143564.0,45064.0,45.7502538071066
-117.98,33.75,37.0,1264.0,274.0,783.0,273.0,3.3438,199600.0,<1H OCEAN,180067.0,19533.0,9.786072144288577
-118.35,33.8,32.0,1434.0,296.0,672.0,285.0,4.875,311700.0,<1H OCEAN,338214.0,26514.0,8.506256015399423
-122.02,37.38,43.0,1261.0,317.0,836.0,333.0,4.0911,224600.0,<1H OCEAN,241218.0,16618.0,7.398931433659841
-117.09,32.79,36.0,1936.0,345.0,861.0,343.0,3.8333,170000.0,NEAR OCEAN,166637.0,3363.0,1.9782352941176469
-117.98,33.95,35.0,4055.0,652.0,1758.0,639.0,6.1898,282400.0,<1H OCEAN,364079.18,81679.18,28.9232223796034
-119.73,34.43,35.0,2703.0,654.0,1383.0,631.0,4.5278,340400.0,NEAR OCEAN,318769.08,21630.919999999984,6.354559341950641
-121.44,38.49,31.0,4297.0,788.0,2083.0,771.0,3.3878,109300.0,INLAND,105811.0,3489.0,3.1921317474839888
-118.2,33.87,26.0,703.0,202.0,757.0,212.0,2.525,155500.0,<1H OCEAN,149629.0,5871.0,3.7755627009646306
-118.14,33.76,37.0,3242.0,698.0,1080.0,629.0,3.901,432500.0,NEAR OCEAN,431361.37,1138.6300000000047,0.26326705202312245
-122.34,41.06,33.0,2149.0,498.0,631.0,273.0,1.8816,65800.0,INLAND,69277.0,3477.0,5.28419452887538
-116.89,32.85,15.0,3560.0,593.0,1757.0,574.0,5.1185,185300.0,<1H OCEAN,190560.0,5260.0,2.838640043173233
-117.97,33.68,26.0,3653.0,568.0,1930.0,585.0,5.7301,260900.0,<1H OCEAN,257279.0,3621.0,1.3878880797240323
-122.1,37.36,32.0,1433.0,199.0,498.0,201.0,9.3586,500001.0,NEAR BAY,498353.94,1647.0599999999977,0.3294113411773172
-123.25,38.54,27.0,3658.0,764.0,1278.0,518.0,3.3536,157500.0,NEAR OCEAN,223378.0,65878.0,41.827301587301584
-116.94,32.75,4.0,14934.0,2479.0,6945.0,2418.0,5.1221,229700.0,<1H OCEAN,232832.01,3132.0100000000093,1.3635219851980886
-117.71,33.63,16.0,2497.0,500.0,1357.0,456.0,4.5909,241800.0,<1H OCEAN,220470.0,21330.0,8.82133995037221
-117.97,33.82,26.0,4013.0,985.0,2442.0,922.0,3.7655,197700.0,<1H OCEAN,192077.0,5623.0,2.844208396560445
-122.18,37.77,51.0,2107.0,471.0,1173.0,438.0,3.2552,120100.0,NEAR BAY,176285.0,56185.0,46.78184845961699
-118.06,33.86,16.0,5603.0,938.0,3045.0,893.0,5.0778,293700.0,<1H OCEAN,259680.0,34020.0,11.583248212461696
-120.46,37.33,4.0,786.0,116.0,368.0,109.0,6.3215,138200.0,INLAND,232873.0,94673.0,68.50434153400869
-122.27,37.98,23.0,3455.0,479.0,1375.0,474.0,6.0289,218600.0,NEAR BAY,298985.04,80385.03999999998,36.77266239707227
-118.15,34.59,33.0,2111.0,429.0,1067.0,397.0,3.7344,111400.0,INLAND,128040.0,16640.0,14.937163375224415
-122.14,37.41,35.0,2419.0,426.0,949.0,433.0,6.4588,437100.0,NEAR BAY,405039.09,32060.909999999974,7.334914207275217
-122.19,37.77,42.0,932.0,254.0,900.0,263.0,1.8039,92300.0,NEAR BAY,88467.0,3833.0,4.1527627302275185
-118.27,34.1,41.0,3729.0,740.0,1364.0,707.0,5.7778,412700.0,<1H OCEAN,366643.2,46056.79999999999,11.159874000484612
-119.69,36.46,29.0,1702.0,301.0,914.0,280.0,2.8125,79200.0,INLAND,77484.0,1716.0,2.166666666666667
-118.5,34.26,33.0,2831.0,510.0,1340.0,504.0,4.8316,237300.0,<1H OCEAN,237138.0,162.0,0.06826801517067003
-121.83,37.28,17.0,3057.0,606.0,2030.0,602.0,5.2166,230900.0,<1H OCEAN,261066.0,30166.0,13.064530099610222
-121.52,39.12,37.0,102.0,17.0,29.0,14.0,4.125,72000.0,INLAND,120190.0,48190.0,66.93055555555556
-122.41,37.63,37.0,1252.0,275.0,878.0,287.0,4.2262,228500.0,NEAR OCEAN,269358.0,40858.0,17.880962800875274
-120.88,38.58,8.0,3417.0,604.0,1703.0,623.0,4.0827,170700.0,INLAND,159240.0,11460.0,6.71353251318102
-118.25,34.14,37.0,584.0,260.0,552.0,235.0,1.8235,275000.0,<1H OCEAN,214850.01,60149.98999999999,21.872723636363634
-122.28,37.75,20.0,1156.0,365.0,583.0,326.0,3.1972,100000.0,NEAR BAY,244054.05,144054.05,144.05405
-116.52,32.9,18.0,4454.0,852.0,1754.0,656.0,4.57,189900.0,INLAND,196796.0,6896.0,3.631384939441811
-117.91,33.78,33.0,2729.0,549.0,2223.0,535.0,4.0362,177900.0,<1H OCEAN,193239.0,15339.0,8.622259696458686
-118.37,34.09,24.0,630.0,172.0,257.0,147.0,5.5224,400000.0,<1H OCEAN,358859.22,41140.78000000003,10.285195000000007
-118.23,34.1,46.0,2483.0,587.0,2121.0,553.0,2.2788,152900.0,<1H OCEAN,160334.0,7434.0,4.862001308044474
-122.41,37.79,52.0,3610.0,1286.0,1504.0,1047.0,3.2059,500001.0,NEAR BAY,445854.61,54146.390000000014,10.82925634148732
-122.08,37.3,30.0,2268.0,404.0,1197.0,372.0,7.0813,485300.0,<1H OCEAN,435454.4,49845.59999999998,10.27109004739336
-121.3,38.13,27.0,1004.0,192.0,470.0,192.0,2.8942,116700.0,INLAND,114829.0,1871.0,1.6032562125107113
-119.63,36.58,22.0,1794.0,435.0,1127.0,359.0,1.2647,55300.0,INLAND,56683.0,1383.0,2.5009041591320074
-120.61,35.1,14.0,2919.0,691.0,1896.0,577.0,2.4003,142100.0,<1H OCEAN,151509.0,9409.0,6.621393384940183
-117.13,33.89,4.0,1611.0,239.0,275.0,84.0,3.5781,244400.0,INLAND,153407.0,90993.0,37.23117839607201
-119.79,36.72,19.0,1719.0,391.0,1369.0,368.0,1.25,53000.0,INLAND,58482.0,5482.0,10.343396226415095
-118.21,34.18,14.0,2672.0,335.0,1113.0,318.0,12.1579,500001.0,<1H OCEAN,497649.94,2351.0599999999977,0.47021105957788034
-120.93,37.67,6.0,3491.0,657.0,2075.0,644.0,3.3844,138500.0,INLAND,131290.0,7210.0,5.205776173285199
-120.0,36.7,33.0,1902.0,370.0,1168.0,358.0,2.6852,70800.0,INLAND,71895.0,1095.0,1.5466101694915255
-122.44,37.8,52.0,3830.0,,1310.0,963.0,3.4801,500001.0,NEAR BAY,468480.68,31520.320000000007,6.304051391897218
-118.35,33.97,26.0,1725.0,431.0,1130.0,404.0,3.2708,128100.0,<1H OCEAN,220225.0,92125.0,71.91647150663543
-119.33,36.89,15.0,1879.0,411.0,755.0,294.0,2.0,83300.0,INLAND,81119.0,2181.0,2.618247298919568
-117.95,33.92,11.0,3127.0,706.0,1594.0,694.0,4.3426,141300.0,<1H OCEAN,202088.0,60788.0,43.0205237084218
-118.35,33.89,25.0,1769.0,440.0,1371.0,414.0,3.0833,232700.0,<1H OCEAN,230571.0,2129.0,0.9149119037387193
-122.42,37.75,52.0,2112.0,528.0,1227.0,513.0,3.5536,400000.0,NEAR BAY,304935.0,95065.0,23.76625
-121.96,37.71,6.0,8072.0,1050.0,3386.0,1062.0,7.2494,336500.0,<1H OCEAN,337395.0,895.0,0.2659732540861813
-121.06,37.67,31.0,906.0,146.0,383.0,129.0,3.4167,196900.0,INLAND,150789.0,46111.0,23.41848654139157
-118.05,34.11,42.0,3677.0,627.0,1779.0,622.0,5.1509,426500.0,INLAND,395101.01,31398.98999999999,7.362014067995308
-117.81,33.64,4.0,1741.0,225.0,811.0,233.0,12.3411,500001.0,<1H OCEAN,478954.37,21046.630000000005,4.2093175813648385
-122.37,37.58,52.0,1900.0,290.0,665.0,276.0,4.5486,500001.0,NEAR OCEAN,420344.18,79656.82,15.931332137335726
-122.1,39.47,43.0,1320.0,215.0,512.0,197.0,2.4917,77100.0,INLAND,74594.0,2506.0,3.250324254215305
-117.69,33.51,4.0,1223.0,275.0,505.0,244.0,4.6607,173000.0,<1H OCEAN,323287.3,150287.3,86.87127167630058
-118.25,34.07,47.0,2059.0,618.0,2033.0,544.0,1.9028,217900.0,<1H OCEAN,183047.0,34853.0,15.994951812758146
-117.1,34.57,6.0,5110.0,1044.0,1938.0,724.0,3.1917,112800.0,INLAND,124635.0,11835.0,10.492021276595745
-120.64,35.15,7.0,7922.0,1442.0,2863.0,1197.0,4.849,275000.0,<1H OCEAN,271769.01,3230.9899999999907,1.1749054545454511
-122.12,37.44,33.0,1509.0,303.0,748.0,268.0,4.875,373400.0,NEAR BAY,289652.17,83747.83000000002,22.42844938403857
-118.39,34.03,19.0,1450.0,509.0,746.0,437.0,3.1415,55000.0,<1H OCEAN,312667.06,257667.06,468.4855636363636
-123.41,40.07,17.0,449.0,151.0,141.0,53.0,0.8362,87500.0,INLAND,61079.97,26420.03,30.194319999999998
-117.39,34.07,26.0,1387.0,277.0,664.0,239.0,3.0278,96800.0,INLAND,111037.0,14237.0,14.707644628099173
-116.48,33.79,14.0,9425.0,2020.0,1711.0,1000.0,2.6298,145200.0,INLAND,125251.0,19949.0,13.738980716253444
-121.63,36.71,19.0,5015.0,1013.0,3251.0,940.0,3.9818,152900.0,<1H OCEAN,221679.0,68779.0,44.98299542184434
-118.33,34.1,30.0,5293.0,2446.0,4123.0,2127.0,1.51,187500.0,<1H OCEAN,254919.07,67419.07,35.95683733333333
-118.49,34.18,31.0,3073.0,674.0,1486.0,684.0,4.8984,311700.0,<1H OCEAN,271879.0,39821.0,12.775425088225859
-122.49,38.22,33.0,1486.0,290.0,781.0,274.0,3.5647,251800.0,NEAR BAY,252178.01,378.0100000000093,0.1501231135822118
-118.14,34.13,16.0,3569.0,821.0,1505.0,783.0,4.9167,251100.0,<1H OCEAN,330031.11,78931.10999999999,31.43413381123058
-118.14,33.97,31.0,2064.0,612.0,2461.0,573.0,2.0524,160800.0,<1H OCEAN,165191.0,4391.0,2.7307213930348255
-117.13,32.75,50.0,1476.0,354.0,698.0,354.0,3.0,168800.0,NEAR OCEAN,201413.01,32613.01000000001,19.320503554502373
-118.44,34.28,46.0,11.0,11.0,24.0,13.0,2.875,162500.0,<1H OCEAN,249196.1,86696.1,53.35144615384616
-118.16,33.97,30.0,2419.0,715.0,3208.0,719.0,2.1743,176000.0,<1H OCEAN,164382.0,11618.0,6.601136363636363
-117.47,34.06,33.0,1379.0,273.0,884.0,229.0,2.7574,125000.0,INLAND,103966.0,21034.0,16.8272
-118.43,34.24,36.0,1379.0,265.0,896.0,246.0,4.6827,183800.0,<1H OCEAN,201258.02,17458.01999999999,9.49837867247007
-120.93,39.9,20.0,1511.0,328.0,791.0,320.0,2.0221,70900.0,INLAND,78916.0,8016.0,11.306064880112835
-120.97,37.61,16.0,1326.0,375.0,884.0,375.0,1.871,103900.0,INLAND,120054.0,16154.0,15.54764196342637
-123.01,38.79,32.0,2697.0,529.0,1417.0,535.0,3.2546,134100.0,<1H OCEAN,159719.0,25619.0,19.10439970171514
-120.6,34.91,44.0,711.0,140.0,384.0,116.0,2.1094,73800.0,NEAR OCEAN,161550.01,87750.01000000001,118.90245257452577
-122.69,38.44,31.0,1808.0,315.0,691.0,280.0,3.8583,193200.0,<1H OCEAN,179123.0,14077.0,7.286231884057972
-117.33,33.97,8.0,152.0,19.0,1275.0,20.0,1.625,162500.0,INLAND,127911.0,34589.0,21.28553846153846
-120.38,36.15,17.0,2279.0,448.0,1200.0,420.0,2.7461,70000.0,INLAND,73785.0,3785.0,5.407142857142857
-117.05,32.76,46.0,1887.0,359.0,795.0,358.0,3.25,159600.0,NEAR OCEAN,163287.0,3687.0,2.3101503759398496
-118.03,34.1,32.0,2668.0,609.0,1512.0,541.0,2.9422,233100.0,INLAND,195177.0,37923.0,16.26898326898327
-124.14,41.06,32.0,1020.0,215.0,421.0,198.0,3.0208,143400.0,NEAR OCEAN,93141.0,50259.0,35.04811715481171
-118.22,34.14,52.0,1388.0,271.0,735.0,239.0,3.7404,247700.0,<1H OCEAN,266836.0,19136.0,7.725474364150181
-118.31,33.72,26.0,2711.0,508.0,1372.0,459.0,4.1451,326700.0,NEAR OCEAN,322593.0,4107.0,1.2571166207529845
-120.71,38.85,8.0,1877.0,479.0,884.0,323.0,3.4688,120100.0,INLAND,132026.0,11926.0,9.930058284762698
-120.98,39.08,20.0,4570.0,906.0,2125.0,815.0,3.0403,148000.0,INLAND,127929.0,20071.0,13.561486486486487
-117.78,34.07,18.0,3610.0,772.0,2899.0,765.0,3.9784,113500.0,INLAND,156891.0,43391.0,38.22995594713656
-118.27,34.06,30.0,1771.0,788.0,2188.0,764.0,1.5885,154200.0,<1H OCEAN,201466.0,47266.0,30.652399481193253
-118.32,34.01,50.0,1842.0,377.0,817.0,341.0,3.1548,157700.0,<1H OCEAN,152855.0,4845.0,3.072289156626506
-122.39,38.0,33.0,44.0,6.0,23.0,11.0,4.125,212500.0,NEAR BAY,252766.03,40266.03,18.948719999999998
-117.9,33.66,4.0,456.0,91.0,623.0,84.0,6.6369,192600.0,<1H OCEAN,289945.03,97345.03000000003,50.54259086188995
-117.24,32.83,18.0,3109.0,501.0,949.0,368.0,7.4351,445700.0,NEAR OCEAN,365230.04,80469.96000000002,18.054736369755446
-121.94,38.27,35.0,10869.0,2226.0,9879.0,2152.0,2.5681,81300.0,INLAND,115178.0,33878.0,41.67035670356704
-117.15,33.7,2.0,6305.0,1265.0,2489.0,1152.0,3.1319,111500.0,INLAND,144114.0,32614.0,29.250224215246632
-118.53,34.18,16.0,7194.0,1976.0,3687.0,1894.0,3.1887,189300.0,<1H OCEAN,212645.0,23345.0,12.332276809297412
-117.99,33.7,25.0,2017.0,357.0,1063.0,369.0,4.0345,229400.0,<1H OCEAN,218934.0,10466.0,4.562336530078466
-122.43,37.77,52.0,2714.0,779.0,1438.0,733.0,3.6031,275000.0,NEAR BAY,410831.14,135831.14,49.393141818181824
-122.21,37.47,33.0,1266.0,415.0,1991.0,334.0,2.92,202800.0,NEAR OCEAN,209755.0,6955.0,3.4294871794871797
-119.43,36.55,27.0,1621.0,323.0,882.0,324.0,2.75,93500.0,INLAND,79512.0,13988.0,14.960427807486631
-118.09,34.17,36.0,2875.0,552.0,1131.0,458.0,4.3083,269300.0,INLAND,301408.0,32108.0,11.922762718158188
-121.4,38.49,12.0,7290.0,1283.0,3960.0,1248.0,3.5968,106300.0,INLAND,121466.0,15166.0,14.26716839134525
-117.04,32.64,5.0,2329.0,542.0,1213.0,514.0,4.0298,225600.0,NEAR OCEAN,146349.0,79251.0,35.12898936170213
-119.69,36.25,35.0,2011.0,349.0,970.0,300.0,2.395,94100.0,INLAND,75754.0,18346.0,19.49628055260361
-119.8,36.74,25.0,1717.0,542.0,1343.0,471.0,0.799,51800.0,INLAND,63260.0,11460.0,22.123552123552123
-118.36,34.13,36.0,6871.0,1180.0,2216.0,1130.0,8.0499,495600.0,<1H OCEAN,495511.91,88.09000000002561,0.017774414850691207
-118.23,34.14,39.0,277.0,89.0,182.0,91.0,2.3958,175000.0,<1H OCEAN,191106.07,16106.070000000007,9.203468571428576
-117.95,33.81,33.0,1724.0,291.0,943.0,285.0,5.118,195200.0,<1H OCEAN,223013.0,27813.0,14.248463114754099
-119.19,34.28,28.0,3231.0,524.0,1665.0,540.0,4.8583,224200.0,NEAR OCEAN,242444.01,18244.01000000001,8.137381801962537
-121.83,37.34,21.0,6404.0,1232.0,6047.0,1235.0,4.2098,193400.0,<1H OCEAN,224797.02,31397.01999999999,16.234239917269903
-121.93,38.31,25.0,185.0,32.0,85.0,32.0,4.875,250000.0,INLAND,139585.0,110415.0,44.166
-119.7,36.3,10.0,956.0,201.0,693.0,220.0,2.2895,62000.0,INLAND,69312.0,7312.0,11.793548387096774
-122.22,37.85,28.0,5287.0,1048.0,2031.0,956.0,5.457,337300.0,NEAR BAY,334763.03,2536.969999999972,0.7521405277201221
-118.36,34.04,48.0,1769.0,429.0,993.0,405.0,2.3214,139400.0,<1H OCEAN,169942.01,30542.01000000001,21.909619799139175
-122.41,37.79,52.0,6016.0,2509.0,3436.0,2119.0,2.5166,275000.0,NEAR BAY,299421.13,24421.130000000005,8.88041090909091
-122.71,37.9,23.0,1250.0,257.0,437.0,188.0,3.115,242600.0,NEAR OCEAN,370768.03,128168.03000000003,52.83100989282771
-120.65,35.27,15.0,2365.0,538.0,1446.0,490.0,2.5129,225900.0,NEAR OCEAN,200947.0,24953.0,11.046038069942453
-118.36,33.89,40.0,756.0,122.0,371.0,130.0,5.0299,329200.0,<1H OCEAN,235929.01,93270.98999999999,28.332621506682866
-116.12,33.53,17.0,2421.0,820.0,2971.0,685.0,1.654,100000.0,INLAND,69619.0,30381.0,30.381000000000004
-121.0,37.66,43.0,2369.0,413.0,944.0,422.0,3.2632,138100.0,INLAND,133749.0,4351.0,3.150615496017379
-122.46,37.74,51.0,1905.0,291.0,707.0,284.0,6.2561,431000.0,NEAR BAY,427418.28,3581.719999999972,0.8310255220417568
-121.24,37.94,5.0,2232.0,488.0,1857.0,435.0,2.8705,113600.0,INLAND,119421.0,5821.0,5.124119718309859
-121.49,38.55,51.0,4280.0,632.0,1486.0,621.0,5.0359,224100.0,INLAND,217061.0,7039.0,3.141008478357876
-122.41,37.8,52.0,1999.0,642.0,1846.0,620.0,1.9145,225000.0,NEAR BAY,254463.04,29463.040000000008,13.094684444444448
-118.11,33.83,37.0,1249.0,202.0,517.0,189.0,4.4196,223100.0,<1H OCEAN,223828.0,728.0,0.32631107126848946
-118.18,33.77,41.0,2048.0,601.0,852.0,533.0,2.5726,193800.0,NEAR OCEAN,209562.0,15762.0,8.13312693498452
-118.28,34.03,40.0,2118.0,796.0,2195.0,658.0,1.7976,164600.0,<1H OCEAN,152811.0,11789.0,7.162211421628189
-117.32,34.09,30.0,1129.0,251.0,1034.0,237.0,2.3917,78600.0,INLAND,86324.0,7724.0,9.826972010178118
-117.32,33.23,24.0,2580.0,604.0,982.0,569.0,1.6402,169300.0,NEAR OCEAN,185747.08,16447.079999999987,9.71475487300649
-117.65,33.6,13.0,2319.0,430.0,1004.0,380.0,5.133,316100.0,<1H OCEAN,263246.06,52853.94,16.720639038279025
-120.7,35.55,10.0,3979.0,761.0,1834.0,671.0,3.5,172100.0,<1H OCEAN,204912.0,32812.0,19.06565950029053
-116.89,33.92,10.0,2653.0,621.0,1967.0,598.0,2.6643,81000.0,INLAND,94172.0,13172.0,16.261728395061727
-122.49,37.54,15.0,3456.0,545.0,1527.0,535.0,6.3256,368000.0,NEAR OCEAN,414187.22,46187.21999999997,12.550874999999992
-119.3,38.26,19.0,3325.0,660.0,750.0,286.0,2.9509,114800.0,INLAND,127014.0,12214.0,10.639372822299652
-121.11,38.04,32.0,1083.0,188.0,471.0,178.0,2.9241,187500.0,INLAND,113994.0,73506.0,39.2032
-117.87,33.61,25.0,2267.0,359.0,866.0,348.0,7.79,500001.0,<1H OCEAN,348276.09,151724.90999999997,30.344921310157375
-118.28,34.04,19.0,460.0,241.0,890.0,229.0,1.6089,162500.0,<1H OCEAN,173794.01,11294.01000000001,6.950160000000006
-117.78,33.69,16.0,4702.0,806.0,2529.0,814.0,5.1299,238900.0,<1H OCEAN,241987.01,3087.0100000000093,1.2921766429468435
-118.85,35.2,17.0,2783.0,678.0,2566.0,641.0,1.9907,51200.0,INLAND,59665.0,8465.0,16.533203125
-121.55,38.51,22.0,2403.0,431.0,1088.0,421.0,3.9,146900.0,INLAND,152620.0,5720.0,3.893805309734513
-118.08,34.11,42.0,2628.0,525.0,1494.0,523.0,3.9464,257200.0,<1H OCEAN,242331.0,14869.0,5.781104199066874
-121.35,38.6,27.0,4314.0,611.0,1662.0,575.0,5.0997,170100.0,INLAND,179584.0,9484.0,5.57554379776602
-122.33,37.58,28.0,2784.0,736.0,1534.0,685.0,3.38,285400.0,NEAR OCEAN,330158.0,44758.0,15.682550805886475
-117.88,33.77,31.0,2549.0,355.0,1044.0,362.0,6.9737,288800.0,<1H OCEAN,348982.01,60182.01000000001,20.83864612188366
-119.84,36.75,34.0,1186.0,300.0,774.0,271.0,1.575,57100.0,INLAND,54197.0,2903.0,5.084063047285464
-118.29,33.96,32.0,3508.0,917.0,2794.0,839.0,1.554,100000.0,<1H OCEAN,117278.0,17278.0,17.278
-117.87,33.88,24.0,2655.0,702.0,1519.0,708.0,3.3036,183900.0,<1H OCEAN,205334.0,21434.0,11.655247417074497
-118.21,34.65,17.0,4001.0,814.0,2313.0,756.0,3.0441,140100.0,INLAND,109375.0,30725.0,21.930763740185583
-118.11,34.01,22.0,1141.0,332.0,1189.0,321.0,2.2042,162500.0,<1H OCEAN,158810.0,3690.0,2.270769230769231
-122.19,37.75,36.0,1126.0,263.0,482.0,150.0,1.9167,82800.0,NEAR BAY,85281.0,2481.0,2.9963768115942027
-118.39,34.21,14.0,2807.0,868.0,2729.0,803.0,2.6667,172400.0,<1H OCEAN,181839.0,9439.0,5.475058004640371
-116.61,33.04,11.0,2522.0,538.0,616.0,269.0,3.875,198100.0,INLAND,171504.06,26595.940000000002,13.42551236749117
-118.15,35.06,15.0,1069.0,296.0,569.0,263.0,2.0441,73300.0,INLAND,73138.99,161.00999999999476,0.21965893587993826
-118.49,34.21,25.0,1131.0,449.0,746.0,420.0,1.3565,225000.0,<1H OCEAN,198498.0,26502.0,11.778666666666666
-117.7,33.63,16.0,4428.0,745.0,1525.0,682.0,5.2325,286800.0,<1H OCEAN,225913.01,60886.98999999999,21.229773361227334
-117.29,33.24,5.0,3109.0,634.0,1823.0,578.0,3.1875,153800.0,<1H OCEAN,159453.03,5653.029999999999,3.675572171651495
-121.34,37.96,27.0,1839.0,442.0,2010.0,416.0,2.1284,59400.0,INLAND,72030.0,12630.0,21.262626262626263
-117.01,32.99,8.0,3372.0,430.0,1536.0,448.0,8.4284,378300.0,<1H OCEAN,394632.05,16332.049999999988,4.317221781654768
-117.69,34.07,35.0,3222.0,559.0,1970.0,550.0,3.7083,131000.0,INLAND,136403.0,5403.0,4.12442748091603
-122.07,37.64,25.0,4524.0,860.0,2426.0,862.0,4.7083,190900.0,NEAR BAY,225945.0,35045.0,18.357778941854374
-122.12,37.7,17.0,2488.0,617.0,1287.0,538.0,2.9922,179900.0,NEAR BAY,180881.0,981.0,0.5453029460811563
-120.81,37.53,15.0,570.0,123.0,189.0,107.0,1.875,181300.0,INLAND,109565.0,71735.0,39.567015995587425
-122.45,37.81,52.0,1375.0,322.0,287.0,184.0,3.9028,500001.0,NEAR BAY,487089.75,12911.25,2.5822448355103287
-117.21,32.86,26.0,1352.0,202.0,654.0,217.0,5.3693,260700.0,NEAR OCEAN,291848.03,31148.030000000028,11.947844265439214
-117.79,33.68,10.0,2106.0,319.0,1002.0,332.0,8.735,375300.0,<1H OCEAN,358833.03,16466.969999999972,4.387681854516379
-121.81,37.31,14.0,2731.0,578.0,1109.0,551.0,3.1382,139700.0,<1H OCEAN,197811.0,58111.0,41.59699355762348
-118.17,33.98,41.0,428.0,111.0,585.0,139.0,3.1786,132100.0,<1H OCEAN,141708.0,9608.0,7.27327781983346
-122.29,37.89,52.0,2248.0,422.0,870.0,377.0,3.4732,246200.0,NEAR BAY,218474.0,27726.0,11.26157595450853
-118.22,33.98,34.0,2225.0,753.0,2980.0,736.0,1.6685,128800.0,<1H OCEAN,154417.0,25617.0,19.888975155279503
-118.3,34.09,29.0,3245.0,1190.0,3906.0,1102.0,2.1927,253300.0,<1H OCEAN,226281.0,27019.0,10.666798262929333
-118.15,34.2,52.0,1786.0,306.0,1018.0,322.0,4.1518,182100.0,INLAND,234952.0,52852.0,29.02361339923119
-117.23,32.72,38.0,2827.0,581.0,972.0,558.0,3.2361,500001.0,NEAR OCEAN,326028.07,173972.93,34.79451641096718
-117.55,33.87,18.0,8136.0,1584.0,4976.0,1516.0,3.9414,137100.0,INLAND,175166.0,38066.0,27.765134938001456
-117.69,34.01,30.0,2598.0,573.0,2170.0,518.0,2.3,95600.0,INLAND,118884.0,23284.0,24.355648535564853
-121.91,36.62,52.0,1431.0,300.0,657.0,293.0,3.2865,240100.0,<1H OCEAN,263297.04,23197.03999999998,9.66140774677217
-123.22,40.16,27.0,1848.0,449.0,396.0,150.0,2.8472,41300.0,INLAND,89537.0,48237.0,116.79661016949152
-118.14,34.04,43.0,1949.0,464.0,1216.0,457.0,3.3214,209300.0,<1H OCEAN,209800.0,500.0,0.23889154323936934
-119.74,36.75,47.0,2236.0,418.0,1042.0,397.0,2.9545,59600.0,INLAND,76452.0,16852.0,28.2751677852349
-118.18,34.05,38.0,3272.0,731.0,3299.0,726.0,2.8295,126500.0,<1H OCEAN,149377.0,22877.0,18.084584980237153
-122.13,37.68,45.0,2457.0,445.0,1129.0,422.0,4.0588,182800.0,NEAR BAY,199855.01,17055.01000000001,9.329874179431078
-118.23,34.66,25.0,2627.0,387.0,1059.0,338.0,3.6382,138200.0,INLAND,127988.0,10212.0,7.389290882778582
-118.33,33.9,21.0,6603.0,1984.0,5546.0,1745.0,2.6091,163900.0,<1H OCEAN,197907.0,34007.0,20.74862721171446
-122.34,37.95,44.0,1675.0,317.0,806.0,311.0,3.0694,135300.0,NEAR BAY,127825.0,7475.0,5.524759793052476
-118.19,34.03,50.0,1183.0,246.0,851.0,231.0,3.2639,142600.0,<1H OCEAN,156238.0,13638.0,9.563814866760168
-118.38,33.87,23.0,2387.0,418.0,1008.0,415.0,5.8518,337900.0,<1H OCEAN,337510.06,389.9400000000023,0.11540100621485715
-122.48,37.64,7.0,120.0,21.0,50.0,27.0,12.5,281000.0,NEAR OCEAN,289030.1,8030.099999999977,2.857686832740205
-122.41,37.79,52.0,2909.0,851.0,1711.0,830.0,3.0296,500001.0,NEAR BAY,352098.12,147902.88,29.580516838966325
-122.22,38.1,44.0,2256.0,451.0,1057.0,426.0,3.1204,110800.0,NEAR BAY,128556.0,17756.0,16.025270758122744
-121.83,37.95,17.0,1133.0,244.0,716.0,235.0,2.875,162500.0,INLAND,131395.0,31105.0,19.141538461538463
-117.71,33.51,12.0,4676.0,698.0,1543.0,598.0,6.379,500001.0,<1H OCEAN,319534.01,180466.99,36.09332581334837
-117.23,33.1,4.0,1862.0,291.0,685.0,248.0,7.745,237400.0,NEAR OCEAN,370038.15,132638.15000000002,55.871166807076676
-121.25,38.67,14.0,6155.0,1034.0,2407.0,941.0,4.2262,244300.0,INLAND,174553.0,69747.0,28.54973393368809
-117.8,33.67,4.0,3345.0,552.0,1525.0,539.0,6.7962,329100.0,<1H OCEAN,290346.0,38754.0,11.775752051048313
-122.0,39.94,27.0,852.0,176.0,464.0,148.0,1.7125,58200.0,INLAND,73669.0,15469.0,26.57903780068728
-120.3,38.9,11.0,1961.0,435.0,113.0,53.0,0.9227,95500.0,INLAND,134501.03,39001.03,40.83877486910995
-121.91,37.31,16.0,2962.0,898.0,1555.0,795.0,2.5804,216300.0,<1H OCEAN,187846.0,28454.0,13.154877484974573
-117.07,32.69,28.0,1485.0,275.0,820.0,283.0,4.069,153300.0,NEAR OCEAN,130086.0,23214.0,15.142857142857144
-117.0,32.8,29.0,2045.0,398.0,912.0,368.0,3.0189,144100.0,<1H OCEAN,164266.0,20166.0,13.994448299791811
-121.32,37.67,21.0,1494.0,271.0,781.0,255.0,4.3015,250000.0,INLAND,200283.0,49717.0,19.886799999999997
-119.23,34.44,34.0,3193.0,664.0,1434.0,627.0,2.4777,260300.0,<1H OCEAN,218606.0,41694.0,16.017671917018824
-122.43,37.77,52.0,2514.0,729.0,1428.0,597.0,2.3977,412500.0,NEAR BAY,311066.03,101433.96999999997,24.590053333333326
-122.02,37.31,35.0,2355.0,384.0,1248.0,378.0,5.9714,332500.0,<1H OCEAN,327003.0,5497.0,1.653233082706767
-121.38,36.84,6.0,3769.0,669.0,2061.0,648.0,4.1875,217600.0,INLAND,273630.0,56030.0,25.749080882352942
-117.28,34.12,47.0,2456.0,611.0,1653.0,512.0,1.3973,66100.0,INLAND,73854.0,7754.0,11.730711043872919
-117.08,33.04,10.0,2577.0,347.0,1193.0,365.0,6.53,264100.0,<1H OCEAN,284312.0,20212.0,7.653161681181371
-120.65,38.42,23.0,1538.0,305.0,730.0,267.0,2.6078,116700.0,INLAND,114298.0,2402.0,2.0582690659811482
-121.33,38.68,13.0,5826.0,1411.0,2244.0,1219.0,1.9093,142900.0,INLAND,113809.0,29091.0,20.357592722183345
-117.97,33.75,32.0,1564.0,270.0,973.0,290.0,3.75,190400.0,<1H OCEAN,187138.0,3262.0,1.713235294117647
-121.44,37.75,16.0,2229.0,458.0,1199.0,445.0,3.4821,170600.0,INLAND,134315.0,36285.0,21.26905041031653
-121.51,38.26,52.0,910.0,212.0,429.0,212.0,1.6458,52800.0,INLAND,107384.0,54584.0,103.37878787878788
-122.29,37.81,20.0,835.0,161.0,290.0,133.0,2.483,137500.0,NEAR BAY,115436.01,22063.990000000005,16.046538181818185
-122.08,37.65,17.0,5018.0,1439.0,3069.0,1299.0,2.7694,161900.0,NEAR BAY,169178.0,7278.0,4.4953675108091415
-122.49,37.78,47.0,2695.0,643.0,1505.0,644.0,3.0877,329100.0,NEAR BAY,350685.02,21585.02000000002,6.558802795502892
-120.42,38.42,18.0,2912.0,663.0,999.0,411.0,2.7344,91900.0,INLAND,113152.0,21252.0,23.125136017410227
-118.13,34.16,52.0,1872.0,357.0,984.0,364.0,4.0,250400.0,<1H OCEAN,253466.01,3066.0100000000093,1.2244448881789174
-117.01,34.9,36.0,2181.0,555.0,1404.0,492.0,2.3077,55500.0,INLAND,56177.97,677.9700000000012,1.2215675675675697
-117.24,32.74,43.0,2216.0,375.0,918.0,388.0,5.5289,297700.0,NEAR OCEAN,398172.33,100472.33000000002,33.74952300974135
-118.15,33.84,29.0,2448.0,354.0,894.0,349.0,7.6526,481300.0,<1H OCEAN,395494.18,85805.82,17.827928526906298
-118.01,33.94,36.0,1921.0,329.0,969.0,327.0,4.9191,188700.0,<1H OCEAN,220196.0,31496.0,16.69104398516163
-118.36,33.94,38.0,2169.0,688.0,3036.0,639.0,2.3125,148500.0,<1H OCEAN,170532.0,22032.0,14.836363636363636
-118.19,33.99,36.0,1273.0,379.0,1398.0,353.0,2.4516,147800.0,<1H OCEAN,153649.0,5849.0,3.957374830852503
-121.9,37.31,52.0,2125.0,431.0,1014.0,443.0,5.8186,281100.0,<1H OCEAN,410713.22,129613.21999999997,46.1092920668801
-118.43,34.29,38.0,1237.0,298.0,1073.0,293.0,3.6726,154600.0,<1H OCEAN,166609.0,12009.0,7.7677878395860285
-121.08,38.93,14.0,4239.0,824.0,1729.0,794.0,2.4278,167700.0,INLAND,141842.0,25858.0,15.419200954084674
-122.48,38.9,10.0,304.0,63.0,161.0,61.0,2.1964,112500.0,INLAND,105064.99,7435.009999999995,6.608897777777773
-122.18,37.91,31.0,7200.0,876.0,2428.0,843.0,10.9405,500001.0,NEAR BAY,496991.97,3009.030000000028,0.6018047963904127
-121.42,38.6,23.0,3713.0,1078.0,2194.0,1018.0,1.7451,89600.0,INLAND,91694.0,2094.0,2.3370535714285716
-117.17,32.72,44.0,626.0,256.0,572.0,229.0,1.5909,262500.0,NEAR OCEAN,153377.0,109123.0,41.57066666666667
-117.88,33.7,18.0,2135.0,373.0,1464.0,405.0,5.4836,225800.0,<1H OCEAN,250196.0,24396.0,10.804251550044288
-120.97,37.73,19.0,3725.0,543.0,1412.0,463.0,5.7476,248600.0,INLAND,211850.0,36750.0,14.782783588093324
-121.63,39.15,16.0,1547.0,418.0,940.0,400.0,1.5613,72500.0,INLAND,90429.0,17929.0,24.729655172413793
-120.27,37.12,42.0,1142.0,236.0,597.0,210.0,1.7279,52300.0,INLAND,71983.0,19683.0,37.634799235181646
-121.96,37.43,18.0,2514.0,578.0,2205.0,545.0,3.3859,158000.0,<1H OCEAN,216922.0,58922.0,37.29240506329114
-118.32,34.17,45.0,3448.0,690.0,1562.0,643.0,4.0648,258800.0,<1H OCEAN,279589.02,20789.02000000002,8.032851622874814
-117.95,33.78,26.0,4115.0,883.0,2184.0,825.0,3.9536,191000.0,<1H OCEAN,201441.0,10441.0,5.466492146596859
-121.87,37.3,14.0,360.0,124.0,134.0,84.0,2.7411,112500.0,<1H OCEAN,253103.13,140603.13,124.98056
-117.23,34.11,22.0,1162.0,221.0,995.0,244.0,2.5875,81300.0,INLAND,102279.0,20979.0,25.804428044280442
-117.96,33.85,36.0,1951.0,365.0,1254.0,358.0,4.8438,185700.0,<1H OCEAN,189458.0,3758.0,2.023694130317717
-122.42,37.79,52.0,2737.0,1241.0,1761.0,1029.0,1.8068,225000.0,NEAR BAY,348266.1,123266.09999999998,54.78493333333332
-120.08,39.23,19.0,1746.0,306.0,251.0,104.0,4.8182,146900.0,INLAND,173889.0,26989.0,18.372362151123216
-118.25,34.02,50.0,180.0,89.0,356.0,76.0,2.1944,158300.0,<1H OCEAN,99283.0,59017.0,37.281743524952624
-119.33,36.19,27.0,418.0,163.0,332.0,141.0,1.0714,63800.0,INLAND,61269.99,2530.010000000002,3.965532915360505
-120.56,35.07,14.0,6788.0,1216.0,2866.0,1036.0,3.3603,280200.0,<1H OCEAN,210195.0,70005.0,24.983940042826553
-117.1,32.58,17.0,2046.0,559.0,1585.0,530.0,2.25,132800.0,NEAR OCEAN,125952.0,6848.0,5.156626506024097
-118.2,34.13,30.0,3369.0,824.0,2032.0,795.0,4.0052,196400.0,<1H OCEAN,273732.02,77332.02000000002,39.37475560081467
-117.22,32.81,24.0,730.0,196.0,335.0,203.0,3.5078,362500.0,NEAR OCEAN,204713.03,157786.97,43.52744
-118.41,34.0,18.0,1307.0,441.0,884.0,456.0,2.9338,276300.0,<1H OCEAN,346492.11,70192.10999999999,25.404310532030394
-119.71,36.81,19.0,1648.0,368.0,557.0,354.0,1.7969,72800.0,INLAND,89460.99,16660.990000000005,22.885975274725283
-118.44,34.06,28.0,3910.0,959.0,1763.0,867.0,5.5,500001.0,<1H OCEAN,444095.64,55905.359999999986,11.18104963790072
-117.97,33.84,34.0,874.0,153.0,549.0,153.0,4.8667,186800.0,<1H OCEAN,193821.0,7021.0,3.758565310492505
-119.63,36.32,36.0,1518.0,287.0,749.0,255.0,2.2333,61000.0,INLAND,75776.0,14776.0,24.222950819672132
-118.53,34.04,45.0,1711.0,264.0,735.0,261.0,9.1078,500001.0,<1H OCEAN,497662.97,2338.030000000028,0.467605064789876
-117.93,34.07,36.0,1207.0,209.0,683.0,213.0,5.3559,207300.0,<1H OCEAN,221836.0,14536.0,7.012059816690787
-117.31,34.08,40.0,2011.0,495.0,1528.0,469.0,1.9375,69900.0,INLAND,77473.0,7573.0,10.834048640915594
-122.44,37.7,6.0,3523.0,664.0,1705.0,608.0,4.9318,258100.0,NEAR OCEAN,246581.0,11519.0,4.462998837659822
-122.04,37.34,23.0,2590.0,725.0,1795.0,680.0,3.16,225000.0,<1H OCEAN,258586.02,33586.01999999999,14.927119999999997
-121.26,38.65,17.0,2655.0,421.0,991.0,384.0,4.6484,270600.0,INLAND,174322.0,96278.0,35.579453067257944
-118.49,34.19,23.0,2087.0,571.0,1809.0,553.0,3.1667,202000.0,<1H OCEAN,201878.0,122.0,0.060396039603960394
-118.29,34.09,35.0,2198.0,998.0,3441.0,912.0,2.0467,158300.0,<1H OCEAN,212813.0,54513.0,34.43651295009475
-122.04,38.24,30.0,2081.0,456.0,1005.0,438.0,1.9954,92900.0,INLAND,94835.0,1935.0,2.082884822389666
-117.82,33.73,24.0,845.0,190.0,482.0,190.0,4.7039,225000.0,<1H OCEAN,202497.0,22503.0,10.001333333333333
-117.81,33.74,24.0,2696.0,649.0,1908.0,626.0,3.3047,216900.0,<1H OCEAN,170858.0,46042.0,21.227293683725218
-117.95,33.7,17.0,5781.0,924.0,2585.0,915.0,5.343,231900.0,<1H OCEAN,282131.0,50231.0,21.660629581716258
-123.82,40.12,33.0,2985.0,591.0,1221.0,486.0,2.087,82400.0,<1H OCEAN,99621.0,17221.0,20.899271844660195
-118.36,33.86,37.0,1249.0,218.0,583.0,214.0,5.7422,330700.0,<1H OCEAN,364479.13,33779.130000000005,10.214433020864835
-118.77,34.28,27.0,1416.0,251.0,1024.0,268.0,5.1074,185200.0,<1H OCEAN,213728.0,28528.0,15.403887688984883
-122.29,37.86,52.0,1665.0,404.0,815.0,372.0,1.9946,156900.0,NEAR BAY,164165.0,7265.0,4.630337794773741
-120.18,36.59,25.0,948.0,198.0,613.0,171.0,2.3026,90600.0,INLAND,73492.0,17108.0,18.88300220750552
-118.02,34.09,24.0,2080.0,514.0,1976.0,478.0,2.6917,170000.0,INLAND,176789.0,6789.0,3.993529411764706
-117.96,33.82,29.0,2176.0,468.0,1632.0,428.0,3.707,180400.0,<1H OCEAN,187941.0,7541.0,4.180155210643015
-120.13,39.06,22.0,2465.0,539.0,381.0,146.0,2.875,87500.0,INLAND,139152.0,51652.0,59.030857142857144
-121.35,38.68,18.0,7923.0,1558.0,3789.0,1473.0,3.5403,98600.0,INLAND,124082.0,25482.0,25.843813387423936
-121.73,36.9,23.0,2392.0,721.0,3074.0,718.0,2.5195,136900.0,<1H OCEAN,151536.0,14636.0,10.691015339663988
-117.18,34.08,28.0,2243.0,399.0,1464.0,379.0,3.2105,90300.0,INLAND,101392.0,11092.0,12.283499446290143
-122.91,39.18,43.0,89.0,18.0,86.0,27.0,2.0208,72500.0,INLAND,90124.92,17624.92,24.31023448275862
-119.74,36.65,19.0,2546.0,463.0,1257.0,418.0,2.9013,89500.0,INLAND,79038.0,10462.0,11.689385474860336
-118.34,33.99,48.0,2225.0,433.0,1170.0,401.0,2.9643,140400.0,<1H OCEAN,162804.01,22404.01000000001,15.957272079772086
-118.13,34.2,45.0,1213.0,206.0,529.0,231.0,5.6629,234000.0,INLAND,280453.03,46453.03000000003,19.851722222222236
-117.17,32.83,24.0,3541.0,530.0,1591.0,530.0,5.3538,212500.0,NEAR OCEAN,233866.01,21366.01000000001,10.054592941176475
-118.5,34.2,42.0,1558.0,322.0,884.0,334.0,2.2304,203800.0,<1H OCEAN,196369.0,7431.0,3.64622178606477
-117.97,33.72,24.0,2991.0,500.0,1437.0,453.0,5.4286,273400.0,<1H OCEAN,266240.0,7160.0,2.618873445501097
-118.39,34.08,27.0,6605.0,1710.0,2665.0,1520.0,3.8088,500001.0,<1H OCEAN,387878.27,112122.72999999998,22.424501150997695
-119.71,36.83,5.0,1087.0,338.0,623.0,362.0,1.8061,113400.0,INLAND,97470.0,15930.0,14.047619047619047
-117.89,33.88,27.0,2091.0,336.0,1037.0,332.0,5.7519,243400.0,<1H OCEAN,255650.0,12250.0,5.032867707477403
-117.19,33.14,12.0,3652.0,923.0,1677.0,728.0,2.3267,92000.0,<1H OCEAN,139952.0,47952.0,52.12173913043478
-114.62,33.62,26.0,18.0,3.0,5.0,3.0,0.536,275000.0,INLAND,126735.01,148264.99,53.91454181818182
-122.25,37.8,29.0,2468.0,864.0,1335.0,773.0,1.3929,193800.0,NEAR BAY,206221.04,12421.040000000008,6.409205366357074
-118.25,33.97,32.0,879.0,257.0,1057.0,230.0,1.6776,114800.0,<1H OCEAN,103379.0,11421.0,9.948606271777004
-122.14,37.72,45.0,1397.0,253.0,555.0,248.0,2.983,202700.0,NEAR BAY,185534.0,17166.0,8.468672915638875
-117.97,34.17,35.0,5005.0,848.0,2112.0,813.0,4.9968,295000.0,INLAND,287787.02,7212.979999999981,2.445077966101689
-122.55,38.42,24.0,2220.0,411.0,894.0,365.0,4.2891,211700.0,<1H OCEAN,252570.01,40870.01000000001,19.3056258856873
-118.22,34.52,7.0,4524.0,735.0,2298.0,717.0,6.5538,311600.0,INLAND,245654.0,65946.0,21.16367137355584
-118.23,34.13,34.0,609.0,149.0,407.0,145.0,4.5766,185800.0,<1H OCEAN,222374.01,36574.01000000001,19.684612486544676
-117.13,32.72,43.0,2160.0,504.0,1221.0,452.0,2.4821,140600.0,NEAR OCEAN,153231.0,12631.0,8.983641536273115
-119.03,35.36,41.0,1944.0,363.0,977.0,388.0,3.9097,81300.0,INLAND,95894.0,14594.0,17.95079950799508
-122.41,37.8,52.0,3278.0,775.0,1279.0,709.0,5.4378,500001.0,NEAR BAY,438428.5,61572.5,12.314475371049257
-122.46,37.72,37.0,1833.0,388.0,1093.0,363.0,3.0703,211800.0,NEAR OCEAN,258064.0,46264.0,21.84324834749764
-118.07,33.93,5.0,906.0,187.0,1453.0,158.0,4.125,171900.0,<1H OCEAN,162181.0,9719.0,5.653868528214078
-121.82,37.28,33.0,2873.0,489.0,1946.0,475.0,5.0709,176400.0,<1H OCEAN,242145.02,65745.01999999999,37.27041950113378
-121.9,36.58,31.0,1431.0,,704.0,393.0,3.1977,289300.0,NEAR OCEAN,299419.03,10119.030000000028,3.4977635672312575
-117.94,34.15,33.0,859.0,144.0,421.0,138.0,4.4821,220100.0,INLAND,235836.01,15736.01000000001,7.149482053611998
-121.3,38.13,26.0,2256.0,360.0,937.0,372.0,5.0528,153700.0,INLAND,163500.0,9800.0,6.376057254391672
-118.36,34.06,39.0,2810.0,670.0,1109.0,624.0,3.25,355000.0,<1H OCEAN,343613.1,11386.900000000023,3.207577464788739
-118.23,34.14,33.0,2865.0,864.0,2061.0,790.0,2.6268,201300.0,<1H OCEAN,199198.0,2102.0,1.0442126179831097
-119.72,34.43,27.0,984.0,299.0,777.0,313.0,2.5694,275000.0,<1H OCEAN,253151.01,21848.98999999999,7.945087272727269
-121.76,36.75,21.0,1141.0,257.0,671.0,195.0,3.8424,155700.0,<1H OCEAN,226390.01,70690.01000000001,45.401419396274896
-117.09,32.74,23.0,3130.0,779.0,2472.0,744.0,2.32,93200.0,NEAR OCEAN,112754.0,19554.0,20.98068669527897
-118.19,34.04,39.0,1074.0,323.0,1613.0,308.0,2.3015,131700.0,<1H OCEAN,144844.0,13144.0,9.98025816249051
-118.36,33.89,34.0,760.0,174.0,723.0,198.0,5.3169,227600.0,<1H OCEAN,286453.0,58853.0,25.858084358523726
-118.09,33.96,20.0,1911.0,472.0,1407.0,465.0,2.7647,163000.0,<1H OCEAN,167957.0,4957.0,3.0411042944785276
-119.9,37.49,13.0,2230.0,443.0,920.0,361.0,3.0,112000.0,INLAND,111241.0,759.0,0.6776785714285715
-117.49,33.64,3.0,8874.0,1302.0,3191.0,1027.0,6.8588,302000.0,<1H OCEAN,305254.02,3254.0200000000186,1.0774900662251718
-121.36,38.01,16.0,926.0,230.0,451.0,198.0,4.0221,173300.0,INLAND,127813.0,45487.0,26.247547605308714
-117.35,34.16,36.0,1717.0,348.0,1054.0,279.0,2.4444,73400.0,INLAND,90799.0,17399.0,23.704359673024523
-118.35,33.8,19.0,6224.0,1105.0,3152.0,1076.0,5.9541,500001.0,<1H OCEAN,332752.07,167248.93,33.4497191005618
-117.2,32.84,34.0,3353.0,544.0,1583.0,571.0,4.55,187700.0,NEAR OCEAN,231102.0,43402.0,23.12306872669153
-118.46,34.32,10.0,5777.0,1112.0,2917.0,1056.0,4.1514,194100.0,<1H OCEAN,225726.01,31626.01000000001,16.293668212261725
-121.6,37.13,14.0,9483.0,1361.0,4108.0,1281.0,7.5,344500.0,<1H OCEAN,368672.02,24172.02000000002,7.016551523947756
-118.35,33.98,33.0,1884.0,477.0,1518.0,449.0,3.1194,152800.0,<1H OCEAN,206099.0,53299.0,34.8815445026178
-121.72,38.0,7.0,7957.0,1314.0,4460.0,1293.0,4.9618,156500.0,INLAND,162288.0,5788.0,3.698402555910543
-117.99,33.73,24.0,2104.0,421.0,1181.0,414.0,3.8365,250900.0,<1H OCEAN,197917.0,52983.0,21.117178158628935
-121.85,37.33,16.0,2987.0,874.0,4241.0,841.0,2.8024,127900.0,<1H OCEAN,173775.0,45875.0,35.86786551993745
-117.93,33.62,33.0,1890.0,416.0,859.0,329.0,4.5658,500001.0,<1H OCEAN,393270.36,106730.64000000001,21.346085307829387
-120.02,36.8,25.0,1270.0,255.0,1050.0,245.0,2.1618,55300.0,INLAND,65273.0,9973.0,18.034358047016276
-122.38,37.58,52.0,1704.0,226.0,671.0,243.0,8.4704,500001.0,NEAR OCEAN,487343.85,12657.150000000023,2.5314249371501303
-117.84,33.74,22.0,6072.0,1802.0,4715.0,1666.0,3.1353,121400.0,<1H OCEAN,172084.0,50684.0,41.749588138385505
-117.98,33.77,7.0,2252.0,570.0,1576.0,550.0,3.6333,169800.0,<1H OCEAN,163596.0,6204.0,3.6537102473498235
-122.59,37.97,46.0,4036.0,856.0,1872.0,833.0,4.5625,275200.0,NEAR OCEAN,327546.0,52346.0,19.02107558139535
-119.35,35.59,14.0,2719.0,502.0,1497.0,457.0,3.176,71800.0,INLAND,85146.0,13346.0,18.58774373259053
-121.24,39.22,14.0,983.0,163.0,399.0,161.0,2.2917,145100.0,INLAND,111903.0,33197.0,22.87870434183322
-117.96,34.08,28.0,2831.0,552.0,2330.0,557.0,3.9741,173100.0,<1H OCEAN,185085.0,11985.0,6.923743500866551
-117.7,33.64,15.0,5743.0,773.0,2380.0,773.0,8.1926,326600.0,<1H OCEAN,370364.02,43764.02000000002,13.399883649724439
-117.65,34.04,28.0,2360.0,607.0,2623.0,592.0,2.5048,100000.0,INLAND,116227.0,16227.0,16.227
-121.9,38.02,5.0,1560.0,369.0,1037.0,372.0,3.6154,181800.0,INLAND,142321.0,39479.0,21.715621562156215
-118.07,33.99,41.0,1204.0,252.0,1002.0,248.0,3.0577,163300.0,<1H OCEAN,166833.0,3533.0,2.1635027556644215
-118.28,33.99,49.0,2174.0,481.0,1861.0,484.0,1.7159,95000.0,<1H OCEAN,102443.0,7443.0,7.834736842105264
-117.89,33.83,35.0,2984.0,446.0,1435.0,455.0,5.6276,200800.0,<1H OCEAN,247799.01,46999.01000000001,23.40588147410359
-119.35,36.42,18.0,1115.0,193.0,1742.0,176.0,2.7969,123800.0,INLAND,72340.0,51460.0,41.5670436187399
-122.3,37.55,35.0,3675.0,735.0,1930.0,715.0,3.9833,342800.0,NEAR OCEAN,300499.0,42301.0,12.339848308051343
-118.16,34.7,33.0,2918.0,494.0,1365.0,478.0,4.8787,127700.0,INLAND,208968.0,81268.0,63.639780736100235
-122.48,38.48,29.0,2278.0,397.0,765.0,322.0,4.6379,348200.0,INLAND,278327.0,69873.0,20.066915565766802
-119.73,36.52,20.0,1741.0,331.0,1466.0,289.0,2.5921,94200.0,INLAND,68112.0,26088.0,27.694267515923563
-122.25,37.53,16.0,4428.0,664.0,1677.0,623.0,7.6864,422500.0,NEAR BAY,402860.08,19639.919999999984,4.648501775147925
-118.37,34.07,52.0,1084.0,247.0,468.0,255.0,3.4286,474300.0,<1H OCEAN,402808.05,71491.95000000001,15.073149905123342
-118.04,33.85,24.0,2233.0,347.0,1162.0,355.0,5.6094,279200.0,<1H OCEAN,260103.0,19097.0,6.839899713467049
-116.95,32.74,7.0,2722.0,578.0,1429.0,574.0,3.9583,141700.0,<1H OCEAN,166677.0,24977.0,17.62667607621736
-122.58,38.1,22.0,11872.0,2300.0,5600.0,2200.0,4.6463,276300.0,NEAR BAY,241877.0,34423.0,12.458559536735432
-118.47,34.04,21.0,5041.0,1491.0,2719.0,1420.0,3.5335,268800.0,<1H OCEAN,368474.17,99674.16999999998,37.08116443452381
-118.25,33.92,44.0,1137.0,235.0,747.0,225.0,2.0,92600.0,<1H OCEAN,96928.0,4328.0,4.673866090712743
-117.29,34.14,52.0,1683.0,266.0,646.0,256.0,4.0481,97300.0,INLAND,135488.0,38188.0,39.247687564234326
-119.49,37.1,24.0,2532.0,555.0,1564.0,507.0,2.3359,92400.0,INLAND,86344.0,6056.0,6.554112554112554
-122.7,38.45,26.0,2011.0,557.0,855.0,530.0,1.125,233300.0,<1H OCEAN,164741.0,68559.0,29.386626660951563
-121.9,37.44,12.0,4228.0,734.0,2594.0,732.0,6.6086,299400.0,<1H OCEAN,316158.07,16758.070000000007,5.5972177688710785
-117.27,34.24,34.0,3687.0,756.0,941.0,367.0,2.875,117600.0,INLAND,102180.0,15420.0,13.112244897959183
-121.27,38.12,44.0,2356.0,482.0,1043.0,443.0,2.4949,108000.0,INLAND,93947.0,14053.0,13.012037037037036
-119.72,34.42,31.0,1524.0,383.0,1257.0,398.0,2.6019,250000.0,NEAR OCEAN,232219.0,17781.0,7.112400000000001
-119.54,36.51,36.0,49.0,7.0,28.0,2.0,4.625,162500.0,INLAND,140456.0,22044.0,13.565538461538463
-118.41,33.97,44.0,2298.0,388.0,849.0,360.0,5.5941,363500.0,<1H OCEAN,395656.23,32156.22999999998,8.846280605226955
-120.85,37.51,15.0,1131.0,285.0,728.0,281.0,1.5531,93100.0,INLAND,111757.0,18657.0,20.039742212674543
-122.42,37.75,52.0,1207.0,302.0,1008.0,269.0,3.3816,262500.0,NEAR BAY,261280.0,1220.0,0.4647619047619048
-118.28,33.98,47.0,865.0,193.0,782.0,217.0,2.2411,93000.0,<1H OCEAN,122602.0,29602.0,31.83010752688172
-118.27,33.82,39.0,1357.0,249.0,763.0,229.0,4.25,200300.0,<1H OCEAN,191470.0,8830.0,4.408387418871692
-117.01,32.73,22.0,2526.0,530.0,1556.0,529.0,2.8646,120800.0,NEAR OCEAN,136992.0,16192.0,13.403973509933776
-122.25,37.8,52.0,2087.0,510.0,1197.0,488.0,3.0149,218400.0,NEAR BAY,240781.01,22381.01000000001,10.247715201465207
-118.44,33.88,35.0,2020.0,451.0,724.0,399.0,6.6494,500001.0,NEAR OCEAN,464550.38,35450.619999999995,7.090109819780359
-118.35,33.85,35.0,1248.0,206.0,551.0,185.0,5.6426,348200.0,<1H OCEAN,320392.0,27808.0,7.986214819069501
-122.35,37.96,35.0,1326.0,346.0,1023.0,295.0,2.0724,97700.0,NEAR BAY,101070.0,3370.0,3.449334698055271
-118.43,34.16,41.0,2050.0,478.0,850.0,490.0,3.4208,343400.0,<1H OCEAN,357229.12,13829.119999999995,4.027117064647641
-118.3,33.93,29.0,2228.0,396.0,1140.0,352.0,3.7969,169400.0,<1H OCEAN,164439.0,4961.0,2.928571428571429
-121.28,38.53,18.0,224.0,38.0,95.0,41.0,3.1042,165000.0,INLAND,142336.0,22664.0,13.735757575757576
-117.27,33.0,36.0,2426.0,454.0,1085.0,420.0,5.1523,387800.0,NEAR OCEAN,351374.25,36425.75,9.392921609076845
-122.41,37.63,35.0,865.0,226.0,602.0,217.0,3.0,229100.0,NEAR OCEAN,272107.04,43007.03999999998,18.772169358358788
-117.18,32.76,8.0,3694.0,997.0,1297.0,807.0,3.6492,158900.0,NEAR OCEAN,223325.0,64425.0,40.544367526746385
-118.45,33.99,45.0,1132.0,269.0,654.0,264.0,4.5673,343100.0,<1H OCEAN,336818.0,6282.0,1.8309530749052754
-117.07,32.8,36.0,2028.0,349.0,820.0,352.0,3.9828,168900.0,<1H OCEAN,166255.0,2645.0,1.5660153937240973
-121.34,38.59,22.0,3273.0,480.0,1151.0,463.0,8.05,380000.0,INLAND,324281.01,55718.98999999999,14.662892105263156
-118.64,34.22,16.0,4312.0,574.0,1902.0,574.0,8.4438,390000.0,<1H OCEAN,413918.05,23918.04999999999,6.1328333333333305
-117.94,33.88,46.0,1747.0,312.0,770.0,296.0,5.4217,256000.0,<1H OCEAN,280127.09,24127.090000000026,9.42464453125001
-121.98,37.27,25.0,3075.0,564.0,1633.0,543.0,5.2528,269400.0,<1H OCEAN,274734.0,5334.0,1.9799554565701558
-117.02,32.73,22.0,5201.0,865.0,3280.0,817.0,4.7952,141400.0,NEAR OCEAN,168467.0,27067.0,19.14214992927864
-118.09,34.15,45.0,1345.0,356.0,749.0,327.0,2.8007,210900.0,INLAND,221612.0,10712.0,5.079184447605501
-122.52,37.89,17.0,4363.0,1041.0,1640.0,989.0,3.9531,417600.0,NEAR BAY,351358.06,66241.94,15.862533524904215
-117.24,34.14,6.0,2383.0,606.0,1301.0,488.0,3.016,107500.0,INLAND,118489.0,10989.0,10.22232558139535
-118.58,34.21,27.0,2209.0,353.0,1034.0,344.0,4.7125,250900.0,<1H OCEAN,234009.01,16890.98999999999,6.732160223196488
-118.02,33.92,34.0,2169.0,418.0,1169.0,406.0,3.2222,218700.0,<1H OCEAN,190403.0,28297.0,12.9387288523091
-117.82,33.82,22.0,3173.0,372.0,1181.0,355.0,8.3637,500001.0,<1H OCEAN,375553.02,124447.97999999998,24.889546220907555
-117.87,33.84,23.0,1678.0,369.0,912.0,347.0,4.5,237300.0,<1H OCEAN,205221.0,32079.0,13.51833122629583
-122.45,38.01,36.0,4501.0,832.0,2196.0,800.0,4.3182,252700.0,NEAR BAY,290493.01,37793.01000000001,14.95568262762169
-117.69,36.13,25.0,1709.0,439.0,632.0,292.0,1.7868,45500.0,INLAND,83092.0,37592.0,82.61978021978021
-118.18,34.03,26.0,859.0,255.0,835.0,232.0,1.1929,143800.0,<1H OCEAN,167706.0,23906.0,16.624478442280946
-122.44,37.78,37.0,1235.0,314.0,481.0,297.0,3.6875,492300.0,NEAR BAY,362226.03,130073.96999999997,26.42168799512492
-117.99,34.08,35.0,1032.0,207.0,954.0,191.0,2.8906,134800.0,INLAND,149678.0,14878.0,11.037091988130564
-119.63,34.4,29.0,3865.0,814.0,1266.0,613.0,6.0069,500001.0,<1H OCEAN,398092.26,101908.73999999999,20.381707236585527
-122.62,38.24,33.0,1369.0,280.0,758.0,246.0,4.0341,156500.0,<1H OCEAN,206454.0,49954.0,31.919488817891374
-122.33,38.29,14.0,3541.0,499.0,1577.0,459.0,5.3351,269900.0,NEAR BAY,218086.0,51814.0,19.197480548351244
-119.82,36.79,35.0,1474.0,291.0,709.0,294.0,2.6522,65900.0,INLAND,73191.0,7291.0,11.063732928679817
-118.61,34.21,41.0,1058.0,228.0,778.0,245.0,3.3534,180500.0,<1H OCEAN,188911.0,8411.0,4.65983379501385
-122.53,37.87,20.0,1814.0,282.0,658.0,253.0,7.9977,400000.0,NEAR BAY,401283.04,1283.039999999979,0.32075999999999477
-118.26,33.91,39.0,967.0,256.0,903.0,256.0,1.9038,93100.0,<1H OCEAN,98308.0,5208.0,5.593984962406015
-121.92,37.28,27.0,3028.0,486.0,1284.0,498.0,4.5833,308800.0,<1H OCEAN,293982.0,14818.0,4.798575129533679
-120.46,37.29,30.0,2972.0,635.0,1940.0,590.0,2.3594,72300.0,INLAND,84092.0,11792.0,16.30982019363762
-121.97,36.97,24.0,3665.0,870.0,1954.0,833.0,2.8036,228500.0,NEAR OCEAN,235309.0,6809.0,2.9798687089715536
-117.16,32.73,52.0,1863.0,559.0,906.0,493.0,1.9203,195800.0,NEAR OCEAN,169178.0,26622.0,13.596527068437181
-118.19,33.78,24.0,225.0,72.0,439.0,71.0,2.8533,137500.0,NEAR OCEAN,210211.06,72711.06,52.88077090909091
-117.11,32.69,39.0,395.0,159.0,620.0,162.0,2.725,86500.0,NEAR OCEAN,114717.0,28217.0,32.62080924855491
-117.88,33.82,17.0,2247.0,705.0,1382.0,618.0,3.8631,225000.0,<1H OCEAN,192876.0,32124.0,14.277333333333333
-122.48,37.69,43.0,2661.0,455.0,1384.0,456.0,4.2421,257500.0,NEAR OCEAN,241568.0,15932.0,6.187184466019417
-118.15,34.17,36.0,930.0,280.0,1024.0,300.0,1.0846,146400.0,<1H OCEAN,195085.05,48685.04999999999,33.254815573770486
-117.7,33.6,16.0,2092.0,489.0,877.0,392.0,3.0461,216900.0,<1H OCEAN,158180.0,58720.0,27.07238358690641
-116.22,33.73,38.0,1695.0,352.0,1279.0,305.0,2.1217,68500.0,INLAND,71910.0,3410.0,4.978102189781022
-119.07,35.34,16.0,4201.0,786.0,1667.0,724.0,4.8839,134100.0,INLAND,144624.0,10524.0,7.847874720357942
-120.71,37.38,14.0,1979.0,432.0,1756.0,382.0,2.6923,71400.0,INLAND,92004.0,20604.0,28.857142857142858
-121.36,37.99,8.0,1801.0,380.0,684.0,350.0,4.2589,134900.0,INLAND,170655.0,35755.0,26.504818383988137
-117.3,33.23,13.0,3619.0,791.0,1759.0,806.0,2.765,98500.0,<1H OCEAN,136942.0,38442.0,39.02741116751269
-118.15,33.94,37.0,1594.0,321.0,1003.0,323.0,3.3289,199700.0,<1H OCEAN,212727.0,13027.0,6.523284927391086
-118.11,34.15,40.0,1950.0,509.0,1038.0,438.0,2.6172,196100.0,<1H OCEAN,187665.0,8435.0,4.30137684854666
-117.1,32.74,30.0,1772.0,500.0,1389.0,447.0,2.3641,94100.0,NEAR OCEAN,114438.0,20338.0,21.61317747077577
-122.67,38.33,4.0,8072.0,1606.0,4323.0,1475.0,3.9518,220300.0,<1H OCEAN,197308.0,22992.0,10.436677258284158
-118.14,34.06,37.0,1339.0,258.0,706.0,238.0,4.7569,253800.0,<1H OCEAN,225662.0,28138.0,11.08668242710796
-118.27,34.0,43.0,1638.0,434.0,1213.0,390.0,1.3403,110800.0,<1H OCEAN,105859.0,4941.0,4.459386281588448
-118.31,33.67,42.0,1297.0,246.0,611.0,242.0,5.3074,401900.0,NEAR OCEAN,353463.22,48436.78000000003,12.051948245832303
-122.23,40.57,18.0,1633.0,243.0,750.0,252.0,5.1585,150800.0,INLAND,185265.0,34465.0,22.85477453580902
-117.04,32.58,14.0,2355.0,406.0,1883.0,401.0,5.0311,152100.0,NEAR OCEAN,159738.0,7638.0,5.021696252465483
-118.51,34.0,52.0,1241.0,502.0,679.0,459.0,2.3098,500001.0,<1H OCEAN,365705.16,134295.84000000003,26.85911428177144
-118.09,33.74,44.0,1671.0,390.0,871.0,367.0,4.6369,422200.0,NEAR OCEAN,394497.13,27702.869999999995,6.56155139744197
-118.93,36.19,30.0,2685.0,546.0,951.0,523.0,2.6184,113900.0,INLAND,77132.0,36768.0,32.280948200175594
-117.22,32.75,26.0,696.0,185.0,384.0,184.0,2.6121,125000.0,NEAR OCEAN,213735.02,88735.01999999999,70.98801599999999
-122.04,37.62,35.0,1032.0,173.0,453.0,176.0,6.396,208500.0,NEAR BAY,357131.04,148631.03999999998,71.28587050359711
-117.22,34.07,8.0,3065.0,692.0,1440.0,666.0,3.2368,129200.0,INLAND,112869.0,16331.0,12.640092879256967
-117.13,34.24,17.0,2828.0,506.0,673.0,274.0,5.2563,144100.0,INLAND,159085.01,14985.01000000001,10.399035392088834
-117.13,32.7,48.0,786.0,230.0,917.0,231.0,1.875,75600.0,NEAR OCEAN,88726.0,13126.0,17.362433862433864
-122.44,37.77,52.0,3475.0,807.0,1518.0,777.0,3.6186,500001.0,NEAR BAY,463226.58,36774.419999999984,7.354869290261417
-118.24,33.96,34.0,1724.0,432.0,1876.0,416.0,2.1078,100600.0,<1H OCEAN,107050.0,6450.0,6.4115308151093435
-119.08,35.32,8.0,11609.0,2141.0,5696.0,2100.0,5.0012,106300.0,INLAND,149554.0,43254.0,40.690498588899345
-119.29,34.28,38.0,2387.0,748.0,1537.0,741.0,2.3147,192500.0,NEAR OCEAN,197808.0,5308.0,2.7574025974025975
-118.26,34.01,47.0,1269.0,323.0,1628.0,325.0,1.5089,115800.0,<1H OCEAN,112279.0,3521.0,3.040587219343696
-122.14,37.44,52.0,3117.0,468.0,1114.0,421.0,6.6756,500001.0,NEAR BAY,465690.65,34310.34999999998,6.8620562758874435
-117.13,32.58,27.0,2511.0,615.0,1427.0,576.0,3.1645,156000.0,NEAR OCEAN,152469.01,3530.9899999999907,2.263455128205122
-119.67,36.33,19.0,1241.0,244.0,850.0,237.0,2.9375,81700.0,INLAND,71201.0,10499.0,12.850673194614442
-122.43,37.81,39.0,3275.0,837.0,1137.0,725.0,3.7679,500001.0,NEAR BAY,418408.5,81592.5,16.318467363065274
-121.39,38.63,30.0,2930.0,739.0,1661.0,668.0,2.7813,118900.0,INLAND,117176.0,1724.0,1.4499579478553406
-118.36,33.86,37.0,1768.0,314.0,802.0,290.0,5.0784,295900.0,<1H OCEAN,303317.03,7417.030000000028,2.506600202771216
-118.33,33.92,23.0,969.0,288.0,670.0,251.0,3.267,185400.0,<1H OCEAN,180418.0,4982.0,2.6871628910463863
-118.79,34.14,7.0,3003.0,504.0,1143.0,466.0,5.8548,500001.0,NEAR OCEAN,375760.12,124240.88,24.848126303747392
-117.82,34.13,27.0,3770.0,573.0,1606.0,562.0,6.1321,309700.0,INLAND,247036.01,62663.98999999999,20.233771391669357
-114.57,33.57,20.0,1454.0,326.0,624.0,262.0,1.925,65500.0,INLAND,61315.0,4185.0,6.389312977099236
-118.08,34.13,46.0,1238.0,147.0,377.0,145.0,8.4546,500001.0,INLAND,471141.58,28859.419999999984,5.7718724562550845
-117.72,34.1,32.0,3241.0,895.0,1592.0,810.0,2.4952,181800.0,INLAND,137871.0,43929.0,24.16336633663366
-118.25,33.91,36.0,1950.0,365.0,1125.0,374.0,3.1111,119300.0,<1H OCEAN,128879.0,9579.0,8.029337803855825
-121.71,38.56,20.0,8627.0,1516.0,4071.0,1466.0,4.2198,164100.0,INLAND,194368.0,30268.0,18.444850700792202
-122.02,38.02,44.0,1465.0,247.0,817.0,237.0,4.8693,156900.0,NEAR BAY,205596.0,48696.0,31.036328871892927
-122.08,37.39,4.0,2292.0,,1050.0,584.0,4.8036,340000.0,NEAR BAY,289966.05,50033.95000000001,14.715867647058827
-117.16,32.74,27.0,2335.0,604.0,982.0,590.0,3.1921,261500.0,NEAR OCEAN,240344.05,21155.95000000001,8.090229445506697
-118.37,34.24,40.0,1283.0,246.0,594.0,236.0,4.1121,229200.0,<1H OCEAN,210445.0,18755.0,8.182809773123909
-118.31,34.0,47.0,1551.0,362.0,1329.0,322.0,1.9792,116400.0,<1H OCEAN,112214.0,4186.0,3.5962199312714778
-120.48,37.29,17.0,2266.0,693.0,3200.0,664.0,1.5635,60400.0,INLAND,74398.0,13998.0,23.175496688741724
-122.54,37.99,32.0,2236.0,348.0,818.0,330.0,7.3521,444000.0,NEAR BAY,409721.25,34278.75,7.7204391891891895
-117.11,32.79,16.0,2574.0,771.0,1129.0,721.0,3.3849,96900.0,NEAR OCEAN,122933.0,26033.0,26.86584107327141
-118.34,34.04,35.0,2345.0,607.0,2042.0,565.0,2.5955,139700.0,<1H OCEAN,185788.0,46088.0,32.99069434502505
-120.44,34.93,15.0,868.0,244.0,1133.0,253.0,2.0995,87500.0,<1H OCEAN,110177.0,22677.0,25.916571428571427
-118.54,34.23,29.0,1753.0,342.0,1318.0,333.0,4.125,241400.0,<1H OCEAN,194331.0,47069.0,19.4983429991715
-117.05,32.76,37.0,4879.0,906.0,2076.0,871.0,3.6625,154800.0,NEAR OCEAN,164137.0,9337.0,6.031653746770026
-122.04,36.97,30.0,2695.0,424.0,1098.0,420.0,5.3972,362300.0,NEAR OCEAN,340867.02,21432.97999999998,5.915810102125305
-122.53,38.01,27.0,3121.0,531.0,1318.0,489.0,5.4781,310900.0,NEAR BAY,295012.01,15887.98999999999,5.110321646831776
-118.39,34.16,20.0,4084.0,1062.0,1637.0,987.0,3.2388,256300.0,<1H OCEAN,327839.02,71539.02000000002,27.912220054623493
-118.2,34.12,52.0,1580.0,426.0,1462.0,406.0,3.3326,167600.0,<1H OCEAN,171197.0,3597.0,2.14618138424821
-122.43,37.64,42.0,4091.0,757.0,1861.0,771.0,4.207,272700.0,NEAR OCEAN,297698.0,24998.0,9.166850018335166
-116.88,34.08,52.0,3419.0,777.0,710.0,265.0,3.9028,128600.0,INLAND,120990.0,7610.0,5.917573872472784
-122.09,37.41,8.0,1480.0,414.0,856.0,445.0,2.8203,284100.0,NEAR BAY,204861.01,79238.98999999999,27.891231960577258
-121.9,37.3,39.0,3627.0,666.0,1531.0,635.0,4.537,345900.0,<1H OCEAN,269842.01,76057.98999999999,21.988433073142524
-122.78,38.44,14.0,4143.0,656.0,1569.0,629.0,3.9766,345300.0,<1H OCEAN,204377.0,140923.0,40.81175789168839
-122.31,38.34,19.0,4187.0,684.0,1827.0,605.0,4.5293,210400.0,NEAR BAY,198929.0,11471.0,5.451996197718631
-117.74,34.02,33.0,2318.0,464.0,1904.0,451.0,3.7454,116400.0,INLAND,140598.0,24198.0,20.788659793814432
-122.01,37.93,25.0,2652.0,335.0,1062.0,334.0,7.5898,330200.0,NEAR BAY,362337.06,32137.059999999998,9.73260448213204
-118.85,34.21,29.0,2195.0,414.0,1360.0,401.0,3.4773,206700.0,<1H OCEAN,198009.0,8691.0,4.204644412191582
-122.37,38.33,29.0,1868.0,291.0,764.0,284.0,4.825,195100.0,NEAR BAY,208611.0,13511.0,6.92516658124039
-118.11,34.07,19.0,3215.0,907.0,3072.0,870.0,2.3393,202300.0,<1H OCEAN,193840.01,8459.98999999999,4.181903114186847
-121.28,38.7,15.0,5828.0,1051.0,2868.0,1037.0,3.7813,143200.0,INLAND,152761.0,9561.0,6.676675977653631
-118.1,34.08,37.0,2894.0,659.0,1977.0,636.0,2.543,208100.0,<1H OCEAN,187740.0,20360.0,9.783757808745795
-120.07,36.96,32.0,1268.0,283.0,549.0,273.0,1.4511,65200.0,INLAND,66510.0,1310.0,2.00920245398773
-118.37,33.95,32.0,1067.0,286.0,1053.0,277.0,2.8438,181700.0,<1H OCEAN,188962.0,7262.0,3.996697853604843
-122.42,37.8,52.0,3823.0,1040.0,1830.0,977.0,4.2458,450000.0,NEAR BAY,488589.87,38589.869999999995,8.575526666666667
-118.7,34.3,23.0,2831.0,406.0,1284.0,393.0,6.1383,244100.0,<1H OCEAN,282635.02,38535.02000000002,15.786571077427292
-117.12,32.57,35.0,1450.0,256.0,930.0,286.0,2.6715,133300.0,NEAR OCEAN,138634.0,5334.0,4.001500375093774
-122.42,37.8,52.0,3067.0,870.0,2122.0,850.0,2.5603,287500.0,NEAR BAY,270884.07,16615.929999999993,5.779453913043476
-119.25,35.78,27.0,1513.0,342.0,1346.0,323.0,2.7411,59800.0,INLAND,77677.0,17877.0,29.894648829431436
-122.66,39.02,16.0,3715.0,810.0,943.0,510.0,1.7446,109400.0,INLAND,95285.0,14115.0,12.902193784277879
-118.45,33.99,52.0,1010.0,244.0,573.0,242.0,4.1861,363200.0,<1H OCEAN,336024.04,27175.96000000002,7.482367841409697
-117.61,34.08,12.0,4427.0,,2400.0,843.0,4.7147,158700.0,INLAND,164243.0,5543.0,3.4927536231884058
-117.96,33.93,15.0,2014.0,419.0,839.0,390.0,4.7446,175400.0,<1H OCEAN,212015.0,36615.0,20.8751425313569
-115.73,32.8,44.0,472.0,81.0,206.0,57.0,2.2083,93800.0,INLAND,83378.0,10422.0,11.110874200426439
-118.12,34.1,34.0,2918.0,555.0,1435.0,568.0,4.2344,306300.0,<1H OCEAN,298449.04,7850.960000000021,2.5631603003591317
-117.96,33.65,18.0,3603.0,879.0,1549.0,756.0,4.0229,363100.0,<1H OCEAN,218338.0,144762.0,39.868355824841636
-118.57,34.2,33.0,1759.0,311.0,943.0,315.0,5.223,209200.0,<1H OCEAN,243391.0,34191.0,16.343690248565963
-119.02,35.41,41.0,2221.0,516.0,1106.0,473.0,1.97,51900.0,INLAND,66991.0,15091.0,29.077071290944122
-119.06,35.33,14.0,5264.0,1064.0,3278.0,1049.0,3.8117,82800.0,INLAND,92550.0,9750.0,11.77536231884058
-122.44,37.77,52.0,3505.0,745.0,1374.0,714.0,4.3667,500001.0,NEAR BAY,465280.62,34720.380000000005,6.944062111875778
-117.15,32.91,14.0,1259.0,238.0,889.0,247.0,4.9464,174800.0,<1H OCEAN,187802.01,13002.01000000001,7.438220823798631
-118.44,34.29,30.0,1632.0,401.0,1357.0,401.0,3.1588,160100.0,<1H OCEAN,174605.0,14505.0,9.059962523422861
-119.8,36.02,20.0,156.0,39.0,171.0,37.0,3.05,225000.0,INLAND,97622.0,127378.0,56.61244444444444
-119.77,36.78,36.0,3616.0,779.0,1994.0,786.0,2.5434,67300.0,INLAND,70877.0,3577.0,5.315007429420506
-118.28,33.97,38.0,1819.0,497.0,2110.0,499.0,1.6027,97300.0,<1H OCEAN,99098.0,1798.0,1.8478931140801644
-118.4,34.05,26.0,4473.0,923.0,1518.0,805.0,5.0762,500001.0,<1H OCEAN,458895.54,41105.46000000002,8.221075557848888
-122.07,37.57,8.0,8647.0,1407.0,5019.0,1379.0,6.5615,318300.0,NEAR BAY,349879.12,31579.119999999995,9.921181275526232
-121.56,39.08,26.0,1377.0,289.0,761.0,267.0,1.4934,48300.0,INLAND,60962.0,12662.0,26.215320910973084
-121.98,37.54,17.0,5133.0,1375.0,3386.0,1339.0,3.1326,220800.0,<1H OCEAN,213966.0,6834.0,3.095108695652174
-122.29,38.3,52.0,144.0,54.0,89.0,48.0,1.0096,162500.0,NEAR BAY,184758.02,22258.01999999999,13.69724307692307
-118.15,33.9,20.0,2850.0,737.0,1855.0,662.0,2.809,144600.0,<1H OCEAN,175795.0,31195.0,21.573305670816044
-122.04,37.34,28.0,3081.0,460.0,1260.0,461.0,7.5372,432600.0,<1H OCEAN,435306.31,2706.3099999999977,0.6255917706888575
-118.49,34.27,34.0,4877.0,815.0,2521.0,781.0,5.5714,225900.0,<1H OCEAN,269039.0,43139.0,19.096502877379372
-117.12,32.74,46.0,1898.0,441.0,978.0,439.0,3.2708,155200.0,NEAR OCEAN,162395.0,7195.0,4.635953608247423
-118.95,35.38,35.0,2220.0,388.0,906.0,373.0,3.5938,95200.0,INLAND,91218.0,3982.0,4.182773109243698
-122.08,37.4,23.0,806.0,158.0,373.0,156.0,5.9291,284600.0,NEAR BAY,334997.07,50397.07000000001,17.708035839775125
-118.26,33.88,40.0,519.0,102.0,330.0,95.0,3.0972,108500.0,<1H OCEAN,133205.0,24705.0,22.76958525345622
-119.76,36.79,32.0,2463.0,468.0,1261.0,486.0,3.3281,75100.0,INLAND,88220.0,13120.0,17.470039946737685
-118.25,33.98,39.0,1553.0,461.0,2271.0,437.0,1.7378,121900.0,<1H OCEAN,102743.0,19157.0,15.715340442986053
-118.98,35.38,24.0,1807.0,465.0,1460.0,410.0,1.4786,54800.0,INLAND,51161.0,3639.0,6.64051094890511
-118.92,35.13,29.0,1297.0,262.0,909.0,253.0,1.9236,106300.0,INLAND,56468.0,49832.0,46.87864534336782
-118.21,33.8,44.0,1387.0,280.0,984.0,302.0,4.25,143100.0,NEAR OCEAN,187507.0,44407.0,31.03214535290007
-118.27,34.15,7.0,2837.0,776.0,2287.0,736.0,3.008,229000.0,<1H OCEAN,227013.0,1987.0,0.8676855895196506
-119.96,35.99,25.0,1047.0,270.0,1505.0,286.0,2.0976,47700.0,INLAND,52937.0,5237.0,10.979035639412999
-118.0,34.15,48.0,3436.0,673.0,1540.0,648.0,4.275,256800.0,INLAND,249552.0,7248.0,2.8224299065420557
-122.46,37.71,45.0,1799.0,394.0,1436.0,389.0,3.65,239900.0,NEAR OCEAN,236006.0,3894.0,1.6231763234681118
-121.32,38.67,31.0,2532.0,479.0,1396.0,467.0,4.0417,114500.0,INLAND,122930.0,8430.0,7.362445414847161
-118.07,33.96,30.0,928.0,230.0,913.0,214.0,2.6991,147100.0,<1H OCEAN,163352.0,16252.0,11.048266485384092
-117.0,32.77,35.0,2114.0,317.0,881.0,320.0,5.5,241400.0,<1H OCEAN,200556.0,40844.0,16.91963545981773
-121.99,37.54,18.0,3584.0,715.0,1673.0,661.0,3.9444,240100.0,<1H OCEAN,236602.0,3498.0,1.4568929612661392
-121.19,38.04,35.0,703.0,117.0,290.0,107.0,3.225,177100.0,INLAND,158471.0,18629.0,10.518915866741954
-118.56,34.21,13.0,8327.0,1849.0,4126.0,1773.0,3.7313,189800.0,<1H OCEAN,239293.0,49493.0,26.076396206533193
-116.92,32.82,16.0,2784.0,468.0,1458.0,465.0,4.0048,184600.0,<1H OCEAN,168476.0,16124.0,8.734561213434452
-122.2,37.78,50.0,1867.0,403.0,1128.0,378.0,2.5401,129100.0,NEAR BAY,126726.0,2374.0,1.838884585592564
-122.41,37.71,28.0,5015.0,1240.0,3900.0,1029.0,1.2269,181900.0,NEAR BAY,216553.05,34653.04999999999,19.05060472787245
-122.07,37.64,22.0,5861.0,1516.0,5436.0,1463.0,2.5158,134900.0,NEAR BAY,179007.0,44107.0,32.69607116382506
-118.23,33.95,37.0,2667.0,671.0,2865.0,683.0,0.6831,87500.0,<1H OCEAN,115487.02,27987.020000000004,31.985165714285717
-118.01,33.76,35.0,2072.0,349.0,1249.0,317.0,3.9855,191900.0,<1H OCEAN,203450.0,11550.0,6.018759770713913
-118.37,33.99,36.0,3228.0,543.0,1305.0,520.0,5.1695,397000.0,<1H OCEAN,326078.08,70921.91999999998,17.864463476070526
-118.27,33.95,34.0,1261.0,315.0,1027.0,303.0,2.2946,88800.0,<1H OCEAN,101956.0,13156.0,14.815315315315317
-121.33,38.65,24.0,3533.0,741.0,1496.0,723.0,2.8106,183200.0,INLAND,136623.0,46577.0,25.424126637554583
-122.18,37.76,52.0,754.0,175.0,447.0,165.0,3.9063,93800.0,NEAR BAY,158386.0,64586.0,68.85501066098081
-121.97,37.28,27.0,2427.0,403.0,1301.0,438.0,5.0385,277300.0,<1H OCEAN,276748.0,552.0,0.1990623873061666
-117.5,34.0,15.0,1929.0,317.0,1237.0,316.0,4.4063,128500.0,INLAND,136030.0,7530.0,5.859922178988327
-124.1,40.9,18.0,4032.0,798.0,1948.0,775.0,2.7321,92600.0,NEAR OCEAN,97936.0,5336.0,5.762419006479481
-116.43,33.81,8.0,6710.0,1343.0,2069.0,781.0,3.5223,115100.0,INLAND,181245.1,66145.1,57.46750651607299
-120.76,38.47,17.0,1521.0,309.0,607.0,240.0,3.5,123800.0,INLAND,146252.0,22452.0,18.135702746365105
-118.41,34.17,35.0,2027.0,428.0,879.0,402.0,4.692,330900.0,<1H OCEAN,319750.04,11149.960000000021,3.369585977636755
-122.83,38.4,37.0,2217.0,451.0,1019.0,428.0,3.1217,178500.0,<1H OCEAN,188327.0,9827.0,5.505322128851541
-118.46,34.4,12.0,25957.0,4798.0,10475.0,4490.0,4.542,195300.0,<1H OCEAN,213385.0,18085.0,9.260112647209422
-122.19,37.71,36.0,361.0,69.0,158.0,58.0,5.5461,262500.0,NEAR BAY,304200.03,41700.03000000003,15.885725714285726
-119.91,37.23,17.0,2171.0,389.0,1042.0,375.0,3.625,94400.0,INLAND,114370.0,19970.0,21.154661016949152
-121.92,37.3,36.0,2088.0,358.0,772.0,347.0,4.2762,310100.0,<1H OCEAN,289653.01,20446.98999999999,6.59367623347307
-117.26,32.95,22.0,5484.0,1227.0,1947.0,1012.0,4.4375,500001.0,NEAR OCEAN,313132.02,186868.97999999998,37.37372125255749
-119.01,35.37,33.0,821.0,181.0,579.0,172.0,1.2469,46700.0,INLAND,58071.0,11371.0,24.349036402569592
-117.67,33.49,15.0,2782.0,579.0,983.0,525.0,2.1935,183300.0,<1H OCEAN,209661.19,26361.190000000002,14.381445717403166
-117.81,35.65,19.0,1124.0,290.0,598.0,261.0,1.8984,54300.0,INLAND,73284.94,18984.940000000002,34.96305709023942
-118.42,33.98,3.0,475.0,155.0,236.0,153.0,3.6667,450000.0,<1H OCEAN,304632.06,145367.94,32.30398666666667
-122.4,37.76,52.0,1495.0,311.0,506.0,275.0,4.4375,320000.0,NEAR BAY,296673.01,23326.98999999999,7.289684374999997
-119.84,36.81,18.0,2789.0,378.0,937.0,364.0,7.7062,188300.0,INLAND,230432.0,42132.0,22.374933616569304
-121.43,37.75,42.0,1207.0,278.0,699.0,279.0,3.3611,117600.0,INLAND,123475.0,5875.0,4.995748299319728
-118.22,34.09,36.0,1427.0,415.0,1835.0,410.0,2.48,138900.0,<1H OCEAN,154281.0,15381.0,11.073434125269978
-117.04,32.55,15.0,2206.0,648.0,2511.0,648.0,1.6348,93200.0,NEAR OCEAN,117067.0,23867.0,25.608369098712448
-117.14,33.15,16.0,1129.0,198.0,758.0,178.0,5.0346,174600.0,<1H OCEAN,182570.0,7970.0,4.564719358533791
-117.94,34.04,36.0,1431.0,354.0,1367.0,334.0,3.5592,160200.0,<1H OCEAN,158252.0,1948.0,1.215980024968789
-117.93,34.57,5.0,5613.0,1060.0,3569.0,999.0,3.1946,132700.0,INLAND,140289.0,7589.0,5.718914845516202
-118.37,34.16,25.0,2450.0,618.0,1054.0,578.0,3.6375,262500.0,<1H OCEAN,295010.01,32510.01000000001,12.384765714285718
-117.1,34.21,22.0,4397.0,931.0,1145.0,445.0,4.5268,108400.0,INLAND,136995.0,28595.0,26.379151291512915
-122.42,40.44,16.0,994.0,,495.0,181.0,2.1875,76400.0,INLAND,81406.0,5006.0,6.552356020942408
-121.47,38.54,47.0,2085.0,464.0,1346.0,402.0,1.2679,56700.0,INLAND,67531.0,10831.0,19.102292768959437
-118.14,34.08,30.0,1433.0,397.0,1110.0,346.0,2.3464,191700.0,<1H OCEAN,199091.0,7391.0,3.855503390714658
-118.39,34.23,18.0,3405.0,831.0,3001.0,795.0,3.0083,181900.0,<1H OCEAN,186696.0,4796.0,2.6366135239142388
-121.41,38.69,28.0,1601.0,308.0,848.0,305.0,3.6429,105200.0,INLAND,106590.0,1390.0,1.3212927756653992
-123.8,39.44,33.0,2024.0,459.0,1019.0,422.0,1.9208,93600.0,<1H OCEAN,97758.0,4158.0,4.4423076923076925
-117.71,33.54,7.0,4907.0,577.0,1883.0,556.0,10.4415,453800.0,<1H OCEAN,464979.6,11179.599999999977,2.463552225650061
-121.5,38.56,46.0,2646.0,645.0,1684.0,616.0,1.128,123100.0,INLAND,97079.0,26021.0,21.138099106417545
-117.24,32.75,36.0,2831.0,669.0,1279.0,660.0,2.9896,252700.0,NEAR OCEAN,252157.0,543.0,0.2148793035219628
-118.26,33.82,28.0,5091.0,1074.0,4753.0,1033.0,3.6477,117400.0,<1H OCEAN,205142.01,87742.01000000001,74.73765758091993
-117.95,33.71,16.0,6058.0,1715.0,3285.0,1495.0,3.4133,290900.0,<1H OCEAN,185401.0,105499.0,36.266414575455485
-117.24,32.75,41.0,1989.0,514.0,1015.0,489.0,2.79,226000.0,NEAR OCEAN,262267.0,36267.0,16.047345132743363
-121.35,38.04,12.0,6217.0,1019.0,3771.0,961.0,3.7206,146000.0,INLAND,133702.0,12298.0,8.423287671232876
-117.57,33.88,39.0,679.0,164.0,769.0,179.0,2.3036,110600.0,INLAND,119290.0,8690.0,7.857142857142857
-117.24,32.94,12.0,2165.0,437.0,792.0,386.0,5.2648,294400.0,NEAR OCEAN,280935.05,13464.950000000012,4.5736922554347865
-121.63,39.12,34.0,1991.0,348.0,804.0,344.0,3.4492,98800.0,INLAND,118020.0,19220.0,19.453441295546558
-117.9,33.8,27.0,2176.0,442.0,1440.0,418.0,4.375,212500.0,<1H OCEAN,192712.0,19788.0,9.312
-122.01,38.26,12.0,4132.0,710.0,2087.0,633.0,4.5987,139700.0,INLAND,163477.0,23777.0,17.02004294917681
-118.44,34.17,29.0,2685.0,642.0,1085.0,599.0,3.2763,279400.0,<1H OCEAN,278047.01,1352.9899999999907,0.4842483894058664
-117.92,33.9,13.0,1814.0,320.0,1010.0,313.0,6.3489,337900.0,<1H OCEAN,276473.0,61427.0,18.17904705534182
-122.64,38.01,36.0,1336.0,258.0,678.0,249.0,5.5789,292000.0,NEAR OCEAN,342586.04,50586.03999999998,17.323986301369857
-119.97,36.44,18.0,1128.0,237.0,772.0,220.0,2.1771,39200.0,INLAND,65078.99,25878.989999999998,66.01783163265306
-117.95,33.79,34.0,2912.0,520.0,1625.0,501.0,4.4667,190600.0,<1H OCEAN,204419.0,13819.0,7.250262329485835
-118.05,33.84,21.0,4890.0,653.0,2295.0,654.0,6.983,329700.0,<1H OCEAN,339889.0,10189.0,3.0903851986654534
-121.26,37.95,44.0,819.0,184.0,677.0,183.0,1.725,59300.0,INLAND,66503.0,7203.0,12.146711635750423
-118.96,37.64,11.0,3934.0,697.0,901.0,345.0,4.2381,242700.0,INLAND,131849.0,110851.0,45.67408323032551
-121.64,39.11,18.0,3212.0,542.0,1817.0,508.0,3.3793,92900.0,INLAND,108474.0,15574.0,16.764262648008614
-117.12,32.76,28.0,2160.0,608.0,1339.0,571.0,1.9152,128100.0,NEAR OCEAN,124949.0,3151.0,2.4597970335675257
-116.92,32.86,11.0,2204.0,518.0,1472.0,497.0,2.3693,127000.0,<1H OCEAN,126591.0,409.0,0.3220472440944882
-118.83,34.33,6.0,6679.0,1164.0,3196.0,1157.0,5.4493,242600.0,<1H OCEAN,274407.04,31807.03999999998,13.110898598516066
-122.39,37.78,3.0,3464.0,1179.0,1441.0,919.0,4.7105,275000.0,NEAR BAY,258002.11,16997.890000000014,6.1810509090909145
-117.25,32.73,38.0,1840.0,291.0,633.0,283.0,4.9125,383600.0,NEAR OCEAN,383799.1,199.09999999997672,0.051903023983309884
-120.84,35.3,15.0,2062.0,327.0,781.0,316.0,4.9359,317700.0,NEAR OCEAN,270476.01,47223.98999999999,14.864334277620394
-117.98,33.7,17.0,1997.0,340.0,952.0,341.0,4.4148,239200.0,<1H OCEAN,219901.0,19299.0,8.06814381270903
-122.24,37.77,52.0,1153.0,235.0,481.0,223.0,2.6411,241000.0,NEAR BAY,157001.0,83999.0,34.85435684647303
-121.36,38.66,22.0,2878.0,599.0,1362.0,541.0,2.7955,96500.0,INLAND,123899.0,27399.0,28.392746113989638
-122.5,37.92,32.0,2639.0,415.0,1013.0,408.0,6.1632,349200.0,NEAR BAY,387941.11,38741.109999999986,11.094246849942722
-120.84,37.48,10.0,2874.0,612.0,1960.0,596.0,2.7381,104600.0,INLAND,112060.0,7460.0,7.131931166347992
-118.31,33.88,21.0,1490.0,430.0,686.0,400.0,2.3812,237500.0,<1H OCEAN,208798.0,28702.0,12.085052631578948
-118.09,34.68,4.0,23386.0,4171.0,10493.0,3671.0,4.0211,144000.0,INLAND,142835.0,1165.0,0.8090277777777778
-119.23,35.77,26.0,2636.0,468.0,1416.0,485.0,4.1917,84000.0,INLAND,93466.0,9466.0,11.269047619047619
-118.32,34.19,37.0,1519.0,331.0,613.0,315.0,3.0179,272500.0,<1H OCEAN,235392.01,37107.98999999999,13.617611009174308
-118.52,34.22,35.0,1275.0,222.0,959.0,226.0,5.0282,195400.0,<1H OCEAN,211496.0,16096.0,8.237461617195496
-118.3,34.1,25.0,3926.0,1715.0,4865.0,1612.0,1.6112,262500.0,<1H OCEAN,190299.01,72200.98999999999,27.505139047619043
-121.25,36.32,12.0,4776.0,1082.0,4601.0,1066.0,2.9184,100500.0,<1H OCEAN,145162.0,44662.0,44.439800995024875
-118.15,33.94,36.0,1948.0,341.0,992.0,363.0,4.2594,242400.0,<1H OCEAN,236353.0,6047.0,2.4946369636963697
-117.43,34.01,34.0,2101.0,426.0,1150.0,377.0,3.0909,98300.0,INLAND,110359.0,12059.0,12.267548321464904
-122.56,37.9,48.0,1550.0,253.0,641.0,276.0,8.634,463500.0,NEAR BAY,465649.49,2149.4899999999907,0.46375188781013826
-120.84,37.51,20.0,1901.0,313.0,1258.0,320.0,3.8958,126800.0,INLAND,143815.0,17015.0,13.418769716088327
-118.28,34.06,52.0,936.0,454.0,990.0,354.0,1.1122,187500.0,<1H OCEAN,241208.02,53708.01999999999,28.644277333333328
-119.17,34.15,18.0,2509.0,688.0,3129.0,677.0,2.6098,146100.0,NEAR OCEAN,285909.0,139809.0,95.69404517453799
-122.04,37.35,28.0,1582.0,264.0,696.0,270.0,5.678,370100.0,<1H OCEAN,320716.03,49383.96999999997,13.343412591191562
-122.28,37.87,52.0,1813.0,353.0,828.0,339.0,3.5625,191700.0,NEAR BAY,218639.0,26939.0,14.052686489306208
-118.06,33.91,24.0,4880.0,1044.0,4516.0,1050.0,4.1387,157700.0,<1H OCEAN,196279.0,38579.0,24.463538363982245
-118.47,34.15,43.0,804.0,117.0,267.0,110.0,8.2269,500001.0,<1H OCEAN,479685.78,20315.219999999972,4.063035873928246
-118.48,34.04,47.0,1956.0,277.0,724.0,277.0,8.9616,500001.0,<1H OCEAN,495580.94,4420.059999999998,0.8840102319795355
-117.08,32.76,27.0,1221.0,254.0,606.0,259.0,3.0833,155400.0,NEAR OCEAN,193634.0,38234.0,24.603603603603606
-118.71,34.3,20.0,1586.0,187.0,699.0,209.0,6.5483,335000.0,<1H OCEAN,300421.05,34578.95000000001,10.322074626865675
-118.2,34.04,18.0,796.0,227.0,547.0,218.0,1.0333,135400.0,<1H OCEAN,167970.01,32570.01000000001,24.054660265878887
-122.04,37.88,32.0,3250.0,550.0,1230.0,557.0,4.6424,312700.0,NEAR BAY,293361.02,19338.97999999998,6.184515510073547
-117.76,33.83,15.0,3086.0,457.0,1262.0,436.0,6.4415,300700.0,<1H OCEAN,295804.0,4896.0,1.6282008646491521
-117.11,33.74,18.0,4799.0,1035.0,1966.0,944.0,2.1182,71300.0,INLAND,107539.0,36239.0,50.82608695652174
-122.22,37.84,50.0,2935.0,473.0,1031.0,479.0,7.5,295200.0,NEAR BAY,353795.03,58595.03000000003,19.84926490514906
-115.37,32.82,30.0,1602.0,322.0,1130.0,335.0,3.5735,71100.0,INLAND,87329.0,16229.0,22.82559774964838
-118.11,34.16,52.0,3158.0,459.0,1229.0,444.0,5.4223,325600.0,INLAND,344482.01,18882.01000000001,5.799143120393123
-116.76,34.23,10.0,4374.0,989.0,1020.0,376.0,2.6071,89000.0,INLAND,101705.0,12705.0,14.275280898876405
-122.12,37.42,36.0,2607.0,551.0,1165.0,523.0,5.1524,373100.0,NEAR BAY,350780.13,22319.869999999995,5.982275529348699
-117.23,32.78,35.0,1649.0,355.0,746.0,360.0,4.6293,356500.0,NEAR OCEAN,261554.01,94945.98999999999,26.63281626928471
-118.44,34.19,19.0,3487.0,959.0,2278.0,835.0,2.6709,215500.0,<1H OCEAN,209375.0,6125.0,2.842227378190255
-120.9,37.64,26.0,1762.0,418.0,855.0,308.0,1.6767,81300.0,INLAND,88974.0,7674.0,9.439114391143912
-117.27,34.05,34.0,1703.0,395.0,849.0,359.0,3.1607,138200.0,INLAND,110667.0,27533.0,19.922575976845152
-120.85,37.06,31.0,2609.0,645.0,1796.0,629.0,1.5479,82000.0,INLAND,77637.0,4363.0,5.320731707317073
-116.99,32.7,15.0,3660.0,622.0,2629.0,612.0,4.0444,150100.0,NEAR OCEAN,157070.0,6970.0,4.643570952698202
-121.6,39.15,19.0,1396.0,336.0,940.0,309.0,1.5208,70300.0,INLAND,92352.0,22052.0,31.36842105263158
-117.32,34.55,18.0,279.0,59.0,188.0,60.0,0.8246,91700.0,INLAND,94176.98,2476.979999999996,2.7011777535441612
-121.47,38.49,17.0,3595.0,790.0,2760.0,770.0,2.3233,78800.0,INLAND,100403.0,21603.0,27.41497461928934
-118.45,34.23,15.0,5738.0,1767.0,4620.0,1581.0,2.3584,157600.0,<1H OCEAN,178825.0,21225.0,13.467639593908629
-118.08,34.12,27.0,1685.0,341.0,757.0,317.0,4.2434,270500.0,<1H OCEAN,256762.01,13737.98999999999,5.078739371534192
-117.96,33.94,31.0,2397.0,518.0,1407.0,476.0,2.6641,185200.0,<1H OCEAN,178612.0,6588.0,3.557235421166307
-118.14,34.06,27.0,5257.0,1082.0,3496.0,1036.0,3.3906,237200.0,<1H OCEAN,244567.0,7367.0,3.1058178752107928
-118.88,34.17,15.0,4260.0,,1701.0,669.0,5.1033,410700.0,<1H OCEAN,269875.03,140824.96999999997,34.2890114438763
-117.23,33.77,5.0,2108.0,496.0,1666.0,461.0,2.0,83000.0,INLAND,104096.0,21096.0,25.416867469879517
-117.88,33.85,26.0,3924.0,781.0,2332.0,725.0,3.7772,223900.0,<1H OCEAN,207881.0,16019.0,7.154533273782938
-121.3,38.03,13.0,1014.0,200.0,712.0,197.0,3.1471,102800.0,INLAND,117534.0,14734.0,14.332684824902724
-117.9,33.99,18.0,8076.0,1789.0,5325.0,1707.0,3.443,171900.0,<1H OCEAN,189393.0,17493.0,10.176265270506109
-117.24,32.74,44.0,1488.0,259.0,667.0,281.0,4.0862,321800.0,NEAR OCEAN,319177.02,2622.9799999999814,0.8150963331261595
-124.18,40.78,33.0,1076.0,222.0,656.0,236.0,2.5096,72200.0,NEAR OCEAN,75931.0,3731.0,5.167590027700831
-118.1,33.91,35.0,1592.0,335.0,1238.0,320.0,4.9732,165000.0,<1H OCEAN,189346.0,24346.0,14.755151515151516
-122.06,37.77,12.0,14316.0,2045.0,5781.0,2007.0,7.2634,341600.0,NEAR BAY,357039.07,15439.070000000007,4.519634074941454
-121.68,39.15,14.0,2774.0,451.0,1292.0,428.0,4.3833,115200.0,INLAND,136398.0,21198.0,18.401041666666668
-117.14,32.7,32.0,1280.0,353.0,1335.0,330.0,1.6023,77300.0,NEAR OCEAN,86234.0,8934.0,11.557567917205693
-117.02,32.76,15.0,1204.0,326.0,543.0,326.0,1.0278,154200.0,<1H OCEAN,146190.0,8010.0,5.19455252918288
-117.86,33.62,17.0,2975.0,371.0,1247.0,398.0,10.1989,500001.0,<1H OCEAN,468923.57,31077.429999999993,6.21547356905286
-117.13,32.79,35.0,1362.0,243.0,698.0,255.0,3.6458,173800.0,NEAR OCEAN,164057.0,9743.0,5.605868814729574
-118.2,34.04,52.0,1249.0,307.0,1223.0,297.0,2.07,136300.0,<1H OCEAN,142786.0,6486.0,4.758620689655172
-120.57,38.2,13.0,4110.0,847.0,1796.0,706.0,2.6417,122300.0,INLAND,125269.0,2969.0,2.427636958299264
-118.17,33.96,25.0,2249.0,681.0,2621.0,628.0,2.3,164200.0,<1H OCEAN,159757.0,4443.0,2.70584652862363
-117.74,33.46,9.0,6564.0,1316.0,1720.0,904.0,4.89,454100.0,<1H OCEAN,270630.06,183469.94,40.402981722087645
-117.18,34.54,5.0,3772.0,619.0,2097.0,635.0,3.8194,98500.0,INLAND,131404.0,32904.0,33.40507614213198
-118.42,34.18,40.0,1013.0,150.0,449.0,166.0,5.7143,382400.0,<1H OCEAN,364173.07,18226.929999999993,4.766456589958158
-119.69,34.38,39.0,1383.0,459.0,677.0,362.0,2.25,281300.0,NEAR OCEAN,278322.05,2977.9500000000116,1.0586384642730222
-117.27,33.03,19.0,2899.0,499.0,1356.0,512.0,4.87,220900.0,NEAR OCEAN,285683.02,64783.02000000002,29.32685377999095
-118.41,34.25,36.0,1146.0,259.0,1173.0,272.0,3.6016,153800.0,<1H OCEAN,158988.0,5188.0,3.373211963589077
-118.66,34.02,23.0,8798.0,1465.0,2750.0,1208.0,8.7364,500001.0,NEAR OCEAN,480468.72,19532.280000000028,3.906448187103631
-122.15,37.74,43.0,1383.0,275.0,853.0,272.0,3.5083,122000.0,NEAR BAY,141893.0,19893.0,16.305737704918034
-120.85,37.49,39.0,2840.0,733.0,2606.0,737.0,1.9429,76400.0,INLAND,74223.0,2177.0,2.849476439790576
-118.29,34.17,12.0,2238.0,682.0,1882.0,611.0,2.9,208300.0,<1H OCEAN,227495.0,19195.0,9.215074411905904
-122.7,38.43,28.0,1585.0,412.0,1362.0,424.0,1.6685,114100.0,<1H OCEAN,147626.0,33526.0,29.38299737072743
-117.76,33.86,14.0,3666.0,442.0,1400.0,433.0,10.1316,500001.0,<1H OCEAN,438691.24,61309.76000000001,12.26192747614505
-122.58,38.15,9.0,1302.0,177.0,682.0,190.0,7.5,423200.0,<1H OCEAN,365405.17,57794.830000000016,13.656623345935731
-118.32,34.04,39.0,2965.0,812.0,2638.0,794.0,2.532,172700.0,<1H OCEAN,192893.01,20193.01000000001,11.69253618992473
-120.46,36.87,20.0,1287.0,310.0,954.0,269.0,1.3386,63000.0,INLAND,59572.0,3428.0,5.4412698412698415
-117.92,33.7,15.0,3201.0,,1510.0,622.0,4.2708,161700.0,<1H OCEAN,197445.0,35745.0,22.105751391465677
-121.59,39.39,22.0,2515.0,482.0,1284.0,462.0,2.1776,73800.0,INLAND,68202.0,5598.0,7.585365853658536
-117.94,34.02,27.0,5026.0,955.0,3899.0,930.0,3.871,162900.0,<1H OCEAN,180697.0,17797.0,10.925107427869857
-120.45,34.94,26.0,1058.0,232.0,891.0,243.0,3.6422,120600.0,<1H OCEAN,178556.0,57956.0,48.056384742951906
-117.12,32.76,23.0,2681.0,717.0,1279.0,648.0,2.1597,116100.0,NEAR OCEAN,129886.0,13786.0,11.874246339362617
-117.34,34.0,27.0,321.0,64.0,214.0,67.0,3.175,101600.0,INLAND,120875.0,19275.0,18.971456692913385
-118.05,34.1,30.0,2143.0,427.0,1107.0,416.0,4.2321,252200.0,INLAND,243303.0,8897.0,3.5277557494052343
-118.19,33.82,19.0,2953.0,895.0,1914.0,855.0,3.5521,290000.0,NEAR OCEAN,227676.01,62323.98999999999,21.491031034482756
-117.38,34.06,17.0,3139.0,569.0,1612.0,516.0,3.3571,112300.0,INLAND,115784.0,3484.0,3.1024042742653606
-121.27,37.97,39.0,1023.0,243.0,550.0,224.0,1.1141,54400.0,INLAND,72235.0,17835.0,32.78492647058823
-122.18,39.75,30.0,4157.0,834.0,1885.0,774.0,1.6948,67500.0,INLAND,64809.0,2691.0,3.986666666666667
-118.49,34.03,32.0,3851.0,900.0,1456.0,836.0,4.5208,442100.0,<1H OCEAN,453743.32,11643.320000000007,2.6336394480886693
-117.68,33.54,5.0,2840.0,403.0,1363.0,403.0,7.618,341400.0,<1H OCEAN,326004.0,15396.0,4.509666080843585
-122.92,39.05,38.0,3131.0,624.0,1591.0,568.0,2.5457,80700.0,INLAND,119280.0,38580.0,47.806691449814124
-120.0,38.92,26.0,529.0,116.0,191.0,83.0,3.5,103600.0,INLAND,134311.0,30711.0,29.643822393822393
-121.2,37.79,36.0,866.0,160.0,502.0,149.0,2.4798,101500.0,INLAND,103842.0,2342.0,2.3073891625615763
-117.3,34.11,42.0,525.0,111.0,444.0,120.0,2.6771,67000.0,INLAND,79746.0,12746.0,19.023880597014927
-118.38,33.86,24.0,3124.0,560.0,1312.0,542.0,6.3021,333800.0,<1H OCEAN,334997.05,1197.0499999999884,0.3586129418813626
-117.01,33.75,15.0,2873.0,903.0,1094.0,659.0,1.8015,105100.0,INLAND,105762.0,662.0,0.6298763082778307
-118.04,33.99,47.0,2530.0,565.0,1262.0,509.0,3.6475,197100.0,<1H OCEAN,205355.0,8255.0,4.188229325215627
-121.25,38.69,24.0,1014.0,185.0,606.0,194.0,4.1607,112800.0,INLAND,153495.0,40695.0,36.07712765957447
-122.09,37.65,35.0,1130.0,192.0,543.0,184.0,4.3897,190600.0,NEAR BAY,196513.0,5913.0,3.102308499475341
-121.26,37.96,43.0,940.0,208.0,690.0,181.0,2.3056,62300.0,INLAND,83934.0,21634.0,34.725521669341894
-117.35,33.97,27.0,3960.0,886.0,2807.0,838.0,3.024,122500.0,INLAND,107951.0,14549.0,11.876734693877552
-118.2,33.91,36.0,2283.0,499.0,1836.0,462.0,2.8793,118100.0,<1H OCEAN,132616.0,14516.0,12.291278577476715
-118.46,34.02,46.0,2571.0,502.0,1225.0,501.0,6.0436,473000.0,<1H OCEAN,423277.26,49722.73999999999,10.512207188160675
-118.32,33.94,37.0,1487.0,296.0,863.0,291.0,3.1563,186200.0,<1H OCEAN,148079.0,38121.0,20.47314715359828
-118.25,33.8,36.0,1697.0,394.0,1274.0,396.0,3.35,163100.0,<1H OCEAN,170666.0,7566.0,4.638871857755978
-119.75,36.75,49.0,2331.0,460.0,1290.0,477.0,2.5111,55400.0,INLAND,69623.0,14223.0,25.673285198555956
-122.24,38.14,15.0,8479.0,1759.0,5008.0,1646.0,3.724,131600.0,NEAR BAY,162647.0,31047.0,23.5919452887538
-119.05,36.07,21.0,2472.0,523.0,1238.0,504.0,1.7756,62900.0,INLAND,65369.0,2469.0,3.925278219395866
-120.82,37.49,25.0,1611.0,285.0,882.0,261.0,3.5547,122400.0,INLAND,137839.0,15439.0,12.613562091503269
-121.96,37.06,16.0,1321.0,224.0,650.0,206.0,6.3258,390000.0,NEAR OCEAN,324506.06,65493.94,16.793317948717952
-122.13,37.45,37.0,1287.0,197.0,510.0,206.0,7.9029,500001.0,NEAR BAY,466989.71,33011.28999999998,6.602244795510405
-118.05,33.82,25.0,1548.0,279.0,732.0,265.0,5.123,159600.0,<1H OCEAN,229073.0,69473.0,43.52944862155388
-122.03,38.25,13.0,3334.0,541.0,1923.0,538.0,4.0905,134800.0,INLAND,148028.0,13228.0,9.813056379821958
-121.94,37.33,36.0,1893.0,359.0,797.0,360.0,3.6818,257600.0,<1H OCEAN,261601.0,4001.0,1.5531832298136645
-118.0,33.73,26.0,2236.0,280.0,809.0,282.0,6.7395,342800.0,<1H OCEAN,317672.02,25127.97999999998,7.330215869311546
-118.32,33.89,44.0,1300.0,252.0,695.0,249.0,5.1669,220600.0,<1H OCEAN,239642.01,19042.01000000001,8.63191749773346
-122.05,37.95,22.0,5175.0,1213.0,2804.0,1091.0,2.85,144600.0,NEAR BAY,185946.0,41346.0,28.59336099585062
-118.23,34.16,31.0,3105.0,582.0,1359.0,547.0,5.1718,429100.0,<1H OCEAN,294327.09,134772.90999999997,31.408275460265667
-121.46,38.61,43.0,705.0,178.0,464.0,159.0,2.4205,60900.0,INLAND,117180.0,56280.0,92.41379310344827
-117.14,32.71,52.0,800.0,313.0,1337.0,282.0,1.5594,87500.0,NEAR OCEAN,89511.0,2011.0,2.298285714285714
-122.46,37.71,47.0,1527.0,283.0,1102.0,282.0,4.0,231600.0,NEAR OCEAN,239089.0,7489.0,3.233592400690846
-121.49,38.53,40.0,2966.0,536.0,1225.0,505.0,3.125,130600.0,INLAND,108025.0,22575.0,17.28560490045942
-118.49,34.22,30.0,1756.0,314.0,899.0,288.0,5.0325,238200.0,<1H OCEAN,228695.0,9505.0,3.9903442485306466
-122.03,37.69,20.0,200.0,25.0,83.0,31.0,6.5,340000.0,NEAR BAY,305366.01,34633.98999999999,10.186467647058821
-117.62,33.77,43.0,1911.0,439.0,930.0,433.0,4.6369,186400.0,<1H OCEAN,228426.04,42026.04000000001,22.546158798283265
-118.07,34.12,30.0,2201.0,559.0,1194.0,531.0,4.1136,279900.0,INLAND,262378.0,17522.0,6.260092890317972
-118.1,33.96,36.0,2013.0,435.0,1476.0,475.0,3.9549,192100.0,<1H OCEAN,171027.0,21073.0,10.969807391983343
-118.36,34.03,43.0,1690.0,379.0,1017.0,359.0,2.1078,133500.0,<1H OCEAN,146392.0,12892.0,9.65692883895131
-117.27,34.17,16.0,30.0,3.0,49.0,8.0,4.625,250000.0,INLAND,190987.04,59012.95999999999,23.605183999999994
-121.62,36.63,52.0,1437.0,298.0,836.0,257.0,3.6286,165500.0,<1H OCEAN,236862.01,71362.01000000001,43.119039274924475
-118.53,34.26,18.0,3674.0,,1590.0,550.0,8.176,308400.0,<1H OCEAN,402361.1,93961.09999999998,30.46728274967574
-118.52,34.04,47.0,1985.0,315.0,819.0,340.0,6.5147,500001.0,<1H OCEAN,454458.56,45542.44,9.108469783060434
-122.4,37.73,42.0,1413.0,406.0,1027.0,362.0,2.3625,233000.0,NEAR BAY,216238.02,16761.98000000001,7.193982832618031
-117.84,33.66,5.0,1688.0,430.0,857.0,402.0,3.7857,231600.0,<1H OCEAN,249875.07,18275.070000000007,7.890790155440418
-122.0,37.96,28.0,4071.0,713.0,2033.0,647.0,4.5833,190700.0,INLAND,178849.0,11851.0,6.214472994231778
-118.29,33.96,36.0,1717.0,417.0,902.0,368.0,1.4868,113200.0,<1H OCEAN,106176.0,7024.0,6.204946996466431
-121.53,39.53,35.0,1806.0,293.0,683.0,295.0,4.5156,91200.0,INLAND,146574.0,55374.0,60.7171052631579
-121.99,37.34,27.0,3353.0,653.0,1571.0,621.0,5.273,315600.0,<1H OCEAN,316379.0,779.0,0.24683143219264891
-122.23,40.2,17.0,762.0,138.0,322.0,139.0,4.2917,128800.0,INLAND,152994.0,24194.0,18.78416149068323
-117.25,32.73,37.0,2224.0,331.0,821.0,341.0,6.3331,400000.0,NEAR OCEAN,414311.18,14311.179999999993,3.5777949999999983
-118.38,33.81,41.0,1889.0,301.0,802.0,278.0,6.015,488500.0,NEAR OCEAN,390079.27,98420.72999999998,20.147539406345956
-122.0,37.28,35.0,3133.0,541.0,1449.0,555.0,5.7295,346100.0,<1H OCEAN,325903.0,20197.0,5.835596648367524
-118.19,33.79,29.0,3497.0,1096.0,2994.0,919.0,1.8109,137500.0,NEAR OCEAN,142593.0,5093.0,3.7039999999999997
-118.26,33.94,45.0,1080.0,218.0,850.0,237.0,2.25,93400.0,<1H OCEAN,109092.0,15692.0,16.800856531049252
-117.64,33.88,13.0,8010.0,1366.0,3920.0,1309.0,5.536,204800.0,<1H OCEAN,239354.0,34554.0,16.8720703125
-122.41,37.61,43.0,1934.0,303.0,847.0,300.0,4.7381,347400.0,NEAR OCEAN,321445.01,25954.98999999999,7.471211859527919
-117.87,33.87,7.0,2663.0,642.0,1367.0,677.0,4.6563,162400.0,<1H OCEAN,189073.0,26673.0,16.424261083743843
-116.47,33.84,3.0,9169.0,1512.0,3838.0,1270.0,4.3111,142500.0,INLAND,172985.02,30485.01999999999,21.392996491228065
-118.47,34.19,41.0,1104.0,196.0,495.0,196.0,5.0929,225000.0,<1H OCEAN,288472.03,63472.03000000003,28.20979111111112
-119.84,34.44,28.0,977.0,162.0,537.0,159.0,4.2404,274300.0,NEAR OCEAN,292718.0,18418.0,6.71454611738972
-120.44,34.65,30.0,2265.0,512.0,1402.0,471.0,1.975,134000.0,NEAR OCEAN,142028.0,8028.0,5.991044776119403
-118.1,33.9,37.0,796.0,175.0,740.0,183.0,3.6,156400.0,<1H OCEAN,167450.0,11050.0,7.065217391304348
-118.25,33.93,42.0,763.0,191.0,754.0,174.0,2.0486,101800.0,<1H OCEAN,97417.0,4383.0,4.305500982318271
-117.07,32.63,37.0,2372.0,444.0,1056.0,419.0,3.7583,145500.0,NEAR OCEAN,149655.0,4155.0,2.855670103092783
-122.33,38.33,15.0,3193.0,468.0,1303.0,426.0,5.3017,202600.0,NEAR BAY,230930.0,28330.0,13.983218163869694
-118.37,34.04,43.0,1465.0,278.0,727.0,290.0,4.0781,289400.0,<1H OCEAN,263834.07,25565.929999999993,8.834115411195574
-121.88,37.39,13.0,3334.0,565.0,2240.0,561.0,7.105,273900.0,<1H OCEAN,336680.02,62780.02000000002,22.920781307046372
-121.22,37.72,34.0,2123.0,387.0,1310.0,368.0,2.6368,165600.0,INLAND,90311.0,75289.0,45.464371980676326
-121.29,36.9,17.0,3610.0,593.0,1734.0,559.0,5.8324,374200.0,INLAND,239155.0,135045.0,36.08898984500267
-122.96,38.42,50.0,2530.0,524.0,940.0,361.0,2.9375,122900.0,<1H OCEAN,165826.01,42926.01000000001,34.927591537835646
-121.84,37.32,14.0,5762.0,1538.0,3979.0,1389.0,3.6953,192600.0,<1H OCEAN,222606.0,30006.0,15.57943925233645
-119.56,36.09,14.0,1267.0,290.0,1077.0,279.0,1.85,52300.0,INLAND,56456.0,4156.0,7.946462715105163
-117.13,32.91,16.0,2715.0,581.0,1619.0,584.0,4.0,154700.0,<1H OCEAN,162764.0,8064.0,5.212669683257919
-118.99,35.4,43.0,2225.0,392.0,890.0,374.0,4.0208,90400.0,INLAND,103440.0,13040.0,14.424778761061946
-118.04,33.83,20.0,1488.0,312.0,972.0,283.0,4.055,201900.0,<1H OCEAN,209064.0,7164.0,3.548291233283804
-121.95,36.61,31.0,1736.0,250.0,497.0,170.0,6.3835,407800.0,NEAR OCEAN,398301.17,9498.830000000016,2.329286414909273
-122.29,37.48,15.0,5480.0,892.0,2009.0,831.0,7.4678,500001.0,NEAR OCEAN,434501.35,65499.65000000002,13.099903800192406
-122.3,37.52,38.0,2769.0,387.0,994.0,395.0,5.5902,417000.0,NEAR OCEAN,375036.02,41963.97999999998,10.063304556354911
-122.34,37.93,30.0,2515.0,481.0,1327.0,428.0,2.1287,95000.0,NEAR BAY,111909.0,16909.0,17.798947368421054
-117.33,34.03,18.0,2342.0,402.0,1264.0,382.0,4.7986,123700.0,INLAND,145732.0,22032.0,17.81083265966047
-122.5,37.76,52.0,2018.0,422.0,1142.0,463.0,3.7083,307700.0,NEAR OCEAN,301721.0,5979.0,1.943126421839454
-121.03,37.69,5.0,4034.0,771.0,1967.0,742.0,3.8065,146000.0,INLAND,152598.0,6598.0,4.519178082191781
-118.28,33.74,16.0,855.0,271.0,486.0,250.0,0.7591,350000.0,NEAR OCEAN,198903.0,151097.0,43.17057142857143
-118.1,33.82,36.0,1930.0,354.0,915.0,328.0,5.2713,244400.0,<1H OCEAN,244287.0,113.0,0.046235679214402615
-121.37,38.01,15.0,2430.0,315.0,1016.0,314.0,10.0088,242000.0,INLAND,405624.3,163624.3,67.61334710743802
-118.2,34.2,44.0,2890.0,438.0,1219.0,429.0,6.987,500001.0,<1H OCEAN,434710.33,65290.669999999984,13.058107883784228
-121.84,36.61,26.0,2902.0,761.0,2258.0,719.0,2.5663,128900.0,<1H OCEAN,165972.0,37072.0,28.760279286268425
-119.52,34.4,20.0,1834.0,477.0,1305.0,417.0,3.2125,251000.0,NEAR OCEAN,268293.02,17293.02000000002,6.889649402390445
-117.98,34.0,22.0,3632.0,538.0,1968.0,566.0,6.019,324900.0,<1H OCEAN,263741.02,61158.97999999998,18.823939673745762
-118.42,37.36,18.0,2281.0,520.0,1425.0,465.0,1.7388,54400.0,INLAND,105685.0,51285.0,94.27389705882354
-115.54,32.98,27.0,1513.0,395.0,1121.0,381.0,1.9464,60600.0,INLAND,65194.0,4594.0,7.580858085808581
-122.36,37.95,40.0,408.0,102.0,302.0,81.0,1.8333,69800.0,NEAR BAY,95291.0,25491.0,36.52005730659026
-117.29,32.92,25.0,2355.0,381.0,823.0,358.0,6.8322,500001.0,NEAR OCEAN,370136.21,129864.78999999998,25.972906054187888
-116.25,33.75,33.0,278.0,91.0,375.0,81.0,2.025,50000.0,INLAND,68207.0,18207.0,36.414
-117.34,33.98,10.0,17286.0,4952.0,9851.0,4616.0,1.7579,103400.0,INLAND,105302.0,1902.0,1.8394584139264991
-119.78,36.27,29.0,1871.0,315.0,1066.0,309.0,4.5714,100800.0,INLAND,127502.0,26702.0,26.490079365079367
-120.1,39.33,9.0,2738.0,510.0,1193.0,412.0,4.3958,124800.0,INLAND,158308.0,33508.0,26.84935897435897
-122.04,37.96,16.0,2913.0,723.0,1705.0,693.0,2.9097,106300.0,NEAR BAY,161569.0,55269.0,51.9934148635936
-117.91,33.65,19.0,1589.0,421.0,1118.0,394.0,4.1029,213400.0,<1H OCEAN,228049.01,14649.01000000001,6.864578256794757
-118.99,34.23,9.0,10618.0,1617.0,4830.0,1606.0,6.6246,284200.0,<1H OCEAN,341821.1,57621.09999999998,20.27484166080224
-119.27,34.29,32.0,2274.0,406.0,982.0,393.0,5.3254,385200.0,NEAR OCEAN,312755.02,72444.97999999998,18.80710799584631
-118.32,34.03,50.0,1845.0,349.0,1109.0,335.0,2.8971,127800.0,<1H OCEAN,149931.0,22131.0,17.316901408450704
-117.2,33.2,16.0,4409.0,629.0,1875.0,609.0,5.543,286400.0,<1H OCEAN,292141.04,5741.039999999979,2.0045530726256913
-117.81,33.71,16.0,2666.0,387.0,1227.0,347.0,7.3769,302400.0,<1H OCEAN,320583.0,18183.0,6.012896825396825
-118.31,33.98,52.0,1837.0,426.0,1062.0,343.0,2.0,96500.0,<1H OCEAN,113651.0,17151.0,17.773056994818653
-122.3,37.88,46.0,1647.0,376.0,854.0,355.0,2.9,144800.0,NEAR BAY,207401.0,62601.0,43.232734806629836
-118.65,34.18,26.0,4607.0,656.0,1769.0,643.0,7.4918,367600.0,<1H OCEAN,372749.03,5149.030000000028,1.4007154515778097
-118.39,34.01,25.0,1101.0,285.0,543.0,294.0,2.3571,340600.0,<1H OCEAN,219058.01,121541.98999999999,35.68467116852613
-117.94,33.65,20.0,5476.0,1073.0,2327.0,963.0,5.6637,222100.0,<1H OCEAN,319671.05,97571.04999999999,43.93113462404322
-122.28,37.5,33.0,6499.0,998.0,2694.0,957.0,7.4787,431300.0,NEAR OCEAN,447824.13,16524.130000000005,3.8312381173197325
-121.96,37.81,12.0,6488.0,778.0,2404.0,765.0,8.3188,403400.0,<1H OCEAN,406585.03,3185.030000000028,0.7895463559742262
-122.43,37.8,52.0,2802.0,622.0,954.0,572.0,4.5399,500001.0,NEAR BAY,491933.85,8067.150000000023,1.6134267731464584
-119.77,36.79,34.0,2679.0,460.0,1141.0,470.0,3.2642,89600.0,INLAND,87133.0,2467.0,2.7533482142857144
-122.41,40.58,35.0,2072.0,385.0,1029.0,375.0,2.8512,75600.0,INLAND,91941.0,16341.0,21.615079365079364
-118.14,34.03,44.0,2003.0,390.0,1291.0,392.0,4.0625,201100.0,<1H OCEAN,204271.0,3171.0,1.5768274490303331
-119.45,36.35,22.0,1824.0,333.0,1076.0,282.0,2.3365,69600.0,INLAND,75227.0,5627.0,8.084770114942529
-118.46,34.0,36.0,1392.0,260.0,679.0,247.0,4.7344,346900.0,<1H OCEAN,396489.22,49589.21999999997,14.294961083885838
-122.24,40.45,27.0,1804.0,321.0,782.0,300.0,3.5978,80600.0,INLAND,89136.0,8536.0,10.590570719602978
-117.25,32.78,21.0,1479.0,484.0,658.0,384.0,2.45,350000.0,NEAR OCEAN,216987.01,133012.99,38.00371142857142
-121.29,38.14,34.0,1500.0,337.0,674.0,282.0,2.515,110800.0,INLAND,110288.0,512.0,0.4620938628158845
-118.84,34.16,18.0,6075.0,1056.0,2571.0,1018.0,5.22,399400.0,<1H OCEAN,346370.23,53029.77000000002,13.277358537806716
-120.47,37.29,16.0,749.0,222.0,1277.0,224.0,1.2054,60900.0,INLAND,70642.0,9742.0,15.99671592775041
-122.8,38.37,26.0,1634.0,315.0,909.0,317.0,4.1731,257200.0,<1H OCEAN,244626.01,12573.98999999999,4.888798600311038
-117.08,32.62,28.0,2468.0,506.0,1353.0,522.0,3.0771,158600.0,NEAR OCEAN,140722.0,17878.0,11.272383354350568
-119.71,34.41,18.0,1225.0,317.0,694.0,306.0,3.6823,255000.0,NEAR OCEAN,257990.03,2990.029999999999,1.172560784313725
-117.96,34.04,35.0,1141.0,212.0,924.0,212.0,3.1591,148300.0,<1H OCEAN,158843.0,10543.0,7.109238031018206
-122.06,37.99,16.0,2445.0,469.0,721.0,474.0,2.8043,87500.0,NEAR BAY,167920.0,80420.0,91.90857142857143
-121.25,38.14,16.0,1174.0,242.0,464.0,261.0,2.3,133300.0,INLAND,116415.0,16885.0,12.666916729182295
-121.26,37.88,42.0,465.0,93.0,256.0,93.0,3.1719,158300.0,INLAND,159525.0,1225.0,0.7738471257106759
-122.28,40.5,21.0,2405.0,476.0,1197.0,412.0,2.6488,83100.0,INLAND,96055.0,12955.0,15.58965102286402
-117.98,33.84,31.0,1252.0,225.0,714.0,226.0,4.6042,220700.0,<1H OCEAN,196670.0,24030.0,10.88808337109198
-122.09,37.37,34.0,2165.0,355.0,776.0,339.0,5.2971,442100.0,NEAR BAY,338666.09,103433.90999999997,23.396043881474775
-118.08,33.93,34.0,1558.0,375.0,1179.0,337.0,3.2188,165100.0,<1H OCEAN,161985.0,3115.0,1.8867353119321622
-121.84,37.25,25.0,5939.0,989.0,3275.0,954.0,5.6488,234600.0,<1H OCEAN,277155.01,42555.01000000001,18.139390451832913
-115.56,32.78,29.0,1568.0,283.0,848.0,245.0,3.1597,76200.0,INLAND,76005.0,195.0,0.2559055118110236
-117.37,33.7,8.0,4345.0,865.0,2425.0,785.0,3.2481,123800.0,<1H OCEAN,141399.0,17599.0,14.2156704361874
-119.78,34.48,21.0,2377.0,322.0,1007.0,328.0,7.9248,500001.0,NEAR OCEAN,435932.22,64068.78000000003,12.813730372539261
-118.58,34.2,37.0,1389.0,252.0,826.0,249.0,5.015,220900.0,<1H OCEAN,262215.05,41315.04999999999,18.703055681303752
-119.22,34.26,16.0,2596.0,625.0,1403.0,562.0,3.4018,145200.0,NEAR OCEAN,205497.0,60297.0,41.52685950413223
-122.09,37.39,34.0,1508.0,483.0,774.0,443.0,2.7279,365600.0,NEAR BAY,205711.0,159889.0,43.733315098468275
-118.37,34.05,48.0,1266.0,234.0,539.0,222.0,4.005,275000.0,<1H OCEAN,371167.06,96167.06,34.96984
-119.24,36.33,9.0,3289.0,621.0,1866.0,631.0,3.1599,95000.0,INLAND,88389.0,6611.0,6.958947368421052
-117.68,34.15,4.0,4082.0,578.0,1996.0,580.0,6.7813,286300.0,INLAND,269708.0,16592.0,5.795319594830597
-117.78,34.11,23.0,7079.0,1381.0,3205.0,1327.0,3.0735,212300.0,INLAND,170531.0,41769.0,19.67451719265191
-119.65,36.34,46.0,1730.0,337.0,752.0,323.0,1.8529,67200.0,INLAND,60737.0,6463.0,9.617559523809524
-118.15,34.07,40.0,1072.0,204.0,940.0,200.0,3.125,242700.0,<1H OCEAN,185021.0,57679.0,23.76555418211784
-121.75,36.91,52.0,1211.0,447.0,1102.0,392.0,1.6875,161400.0,<1H OCEAN,157085.0,4315.0,2.6734820322180917
-121.65,36.77,15.0,2191.0,358.0,1150.0,330.0,4.7969,227500.0,<1H OCEAN,238511.0,11011.0,4.84
-117.75,33.61,17.0,2499.0,566.0,781.0,522.0,3.1779,186500.0,<1H OCEAN,178333.03,8166.970000000001,4.379072386058982
-117.41,33.94,22.0,4179.0,1081.0,2096.0,1013.0,2.4435,118500.0,INLAND,111677.0,6823.0,5.757805907172996
-117.88,33.85,25.0,1234.0,351.0,507.0,285.0,2.3173,225000.0,<1H OCEAN,188120.0,36880.0,16.391111111111112
-117.09,32.91,9.0,2012.0,316.0,802.0,289.0,6.5706,255700.0,<1H OCEAN,276865.01,21165.01000000001,8.277281971059839
-119.18,35.5,36.0,1253.0,259.0,932.0,249.0,2.1635,110400.0,INLAND,60659.0,49741.0,45.055253623188406
-118.08,34.1,36.0,2679.0,548.0,1605.0,533.0,3.5313,213200.0,<1H OCEAN,220340.0,7140.0,3.348968105065666
-118.15,34.2,37.0,1997.0,361.0,1037.0,363.0,3.7932,210300.0,INLAND,248277.0,37977.0,18.05848787446505
-122.49,37.78,46.0,3304.0,792.0,1783.0,777.0,3.6148,352200.0,NEAR BAY,342344.03,9855.969999999972,2.7984014764338365
-119.79,36.32,19.0,3252.0,614.0,1971.0,607.0,3.0667,75800.0,INLAND,84901.0,9101.0,12.006596306068602
-117.66,34.09,23.0,1426.0,313.0,954.0,319.0,3.0357,151500.0,INLAND,126853.0,24647.0,16.268646864686467
-122.29,37.81,50.0,760.0,190.0,377.0,122.0,0.9011,86100.0,NEAR BAY,97430.0,11330.0,13.15911730545877
-118.27,33.79,26.0,2109.0,651.0,2120.0,605.0,2.1447,158700.0,<1H OCEAN,153754.0,4946.0,3.1165721487082543
-118.37,34.03,43.0,1350.0,287.0,811.0,307.0,3.3636,140900.0,<1H OCEAN,232444.01,91544.01000000001,64.97090844570617
-117.96,33.83,29.0,1194.0,176.0,474.0,170.0,6.1001,298900.0,<1H OCEAN,269895.07,29004.929999999993,9.703890933422548
-119.2,34.27,8.0,4942.0,1173.0,3012.0,1033.0,3.445,203400.0,NEAR OCEAN,208145.0,4745.0,2.332841691248771
-118.27,33.98,39.0,2062.0,588.0,1933.0,570.0,1.3801,97000.0,<1H OCEAN,98456.0,1456.0,1.5010309278350515
-119.17,34.26,10.0,3654.0,541.0,1638.0,551.0,6.1885,267300.0,NEAR OCEAN,342295.11,74995.10999999999,28.05653198653198
-118.5,34.52,3.0,6577.0,1056.0,3032.0,1004.0,5.9263,251800.0,INLAND,230192.0,21608.0,8.581413820492454
-122.27,40.46,14.0,2633.0,530.0,1324.0,513.0,2.2768,78600.0,INLAND,85262.0,6662.0,8.475826972010179
-117.89,33.71,24.0,4365.0,804.0,2663.0,753.0,4.5814,233300.0,<1H OCEAN,202354.0,30946.0,13.264466352336049
-121.82,37.37,42.0,2913.0,577.0,1873.0,580.0,3.7214,167900.0,<1H OCEAN,184493.0,16593.0,9.88266825491364
-117.71,33.54,15.0,2460.0,368.0,962.0,320.0,7.3878,318300.0,<1H OCEAN,325555.0,7255.0,2.279296261388627
-122.48,38.54,37.0,1898.0,359.0,973.0,340.0,4.2096,256600.0,INLAND,238472.0,18128.0,7.064692127825409
-117.94,34.09,21.0,2707.0,675.0,1742.0,626.0,2.1062,176700.0,<1H OCEAN,169300.0,7400.0,4.187889077532541
-117.15,32.74,26.0,3149.0,832.0,1320.0,808.0,3.0259,211700.0,NEAR OCEAN,207855.0,3845.0,1.8162494095418042
-118.25,34.02,32.0,1375.0,448.0,1698.0,432.0,1.6302,130700.0,<1H OCEAN,116567.0,14133.0,10.813312930374904
-117.38,34.11,36.0,1497.0,264.0,894.0,275.0,3.3066,96300.0,INLAND,104468.0,8168.0,8.481827622014537
-117.38,34.13,23.0,1326.0,300.0,722.0,263.0,2.1856,107800.0,INLAND,96135.0,11665.0,10.820964749536179
-121.8,38.68,11.0,3851.0,892.0,1847.0,747.0,3.4331,120600.0,INLAND,133409.0,12809.0,10.62106135986733
-122.06,37.34,20.0,3435.0,593.0,1293.0,553.0,6.7578,451400.0,<1H OCEAN,360764.09,90635.90999999997,20.078845813026135
-117.43,33.93,36.0,2386.0,396.0,1176.0,374.0,4.5122,113300.0,INLAND,141772.0,28472.0,25.129744042365402
-117.06,33.13,12.0,8742.0,2114.0,4854.0,1957.0,2.8015,143500.0,<1H OCEAN,145998.0,2498.0,1.7407665505226482
-118.52,34.32,18.0,7498.0,976.0,3189.0,955.0,8.1248,374000.0,<1H OCEAN,395657.07,21657.070000000007,5.790660427807488
-117.91,33.94,15.0,5799.0,842.0,2314.0,787.0,6.3433,350500.0,<1H OCEAN,292250.0,58250.0,16.619115549215408
-118.32,34.14,23.0,4574.0,1423.0,1624.0,995.0,4.0965,500001.0,<1H OCEAN,401468.22,98532.78000000003,19.70651658696683
-118.49,34.13,24.0,4394.0,,1443.0,528.0,11.2979,500001.0,<1H OCEAN,499872.99,128.0100000000093,0.02560194879610427
-121.94,37.25,16.0,3942.0,749.0,1894.0,737.0,5.2894,332800.0,<1H OCEAN,274540.0,58260.0,17.506009615384617
-121.44,38.63,38.0,1673.0,399.0,1116.0,382.0,1.3302,62200.0,INLAND,64391.0,2191.0,3.522508038585209
-118.74,34.26,22.0,4337.0,673.0,2347.0,636.0,5.4091,222400.0,<1H OCEAN,245784.0,23384.0,10.514388489208633
-119.38,36.53,38.0,1281.0,,1423.0,293.0,1.9602,51400.0,INLAND,57511.0,6111.0,11.88910505836576
-117.95,33.93,37.0,2633.0,630.0,1904.0,630.0,2.6123,161300.0,<1H OCEAN,164034.0,2734.0,1.6949783013019217
-119.69,36.82,17.0,1897.0,433.0,1207.0,384.0,1.8021,55900.0,INLAND,65011.0,9111.0,16.298747763864043
-121.1,39.08,13.0,1110.0,216.0,602.0,209.0,2.5887,144400.0,INLAND,130088.0,14312.0,9.91135734072022
-118.04,34.15,34.0,1523.0,311.0,676.0,295.0,3.3621,377200.0,INLAND,225686.0,151514.0,40.16808059384942
-118.26,33.77,36.0,886.0,253.0,809.0,219.0,2.4545,164200.0,NEAR OCEAN,152284.0,11916.0,7.257003654080389
-117.14,32.71,52.0,500.0,,480.0,108.0,1.8696,91100.0,NEAR OCEAN,113447.0,22347.0,24.530186608122943
-119.25,34.27,46.0,679.0,159.0,382.0,143.0,3.5,221200.0,NEAR OCEAN,229927.0,8727.0,3.9452983725135624
-118.39,34.04,52.0,1492.0,277.0,666.0,289.0,4.7386,340400.0,<1H OCEAN,379319.09,38919.090000000026,11.433340188014109
-118.11,34.0,24.0,2403.0,590.0,2103.0,547.0,2.7292,193800.0,<1H OCEAN,178700.0,15100.0,7.791537667698659
-121.38,38.64,19.0,4563.0,1069.0,2256.0,926.0,2.1472,143400.0,INLAND,108357.0,35043.0,24.43723849372385
-118.02,34.08,29.0,2741.0,667.0,2449.0,677.0,3.6944,175200.0,INLAND,239077.0,63877.0,36.45947488584475
-116.94,32.83,38.0,1701.0,317.0,872.0,304.0,3.7831,147800.0,<1H OCEAN,159600.0,11800.0,7.983761840324763
-121.75,36.91,32.0,1461.0,422.0,1494.0,416.0,2.8056,173200.0,<1H OCEAN,156972.0,16228.0,9.369515011547344
-118.16,33.78,15.0,4798.0,1374.0,3087.0,1212.0,2.127,163300.0,NEAR OCEAN,164308.0,1008.0,0.6172688303735456
-119.77,36.73,44.0,1960.0,393.0,1286.0,381.0,2.1518,53000.0,INLAND,63027.0,10027.0,18.9188679245283
-119.46,36.61,13.0,1348.0,258.0,719.0,246.0,3.625,108300.0,INLAND,93101.0,15199.0,14.034164358264082
-118.5,34.19,35.0,2720.0,490.0,1158.0,445.0,5.0796,228300.0,<1H OCEAN,263614.01,35314.01000000001,15.468247919404297
-118.34,33.95,25.0,3762.0,1281.0,4015.0,1178.0,2.1587,143800.0,<1H OCEAN,146827.0,3027.0,2.105006954102921
-116.91,33.71,19.0,6807.0,1164.0,2703.0,1055.0,3.1591,189700.0,INLAND,139225.0,50475.0,26.607801792303636
-117.12,32.7,14.0,819.0,237.0,827.0,237.0,1.3194,90500.0,NEAR OCEAN,89633.0,867.0,0.958011049723757
-121.97,37.36,36.0,765.0,134.0,306.0,136.0,4.575,247600.0,<1H OCEAN,264091.01,16491.01000000001,6.66034329563813
-122.82,38.53,27.0,1823.0,360.0,907.0,317.0,3.276,172900.0,<1H OCEAN,188184.0,15284.0,8.839791787160209
-119.06,36.1,21.0,1344.0,249.0,868.0,221.0,2.5893,63600.0,INLAND,69721.0,6121.0,9.624213836477988
-117.98,33.85,23.0,2089.0,377.0,1085.0,362.0,4.765,181500.0,<1H OCEAN,218137.0,36637.0,20.185674931129476
-121.43,37.75,30.0,1912.0,451.0,1065.0,388.0,2.1424,125000.0,INLAND,85852.0,39148.0,31.3184
-116.98,33.93,40.0,2277.0,498.0,1391.0,453.0,1.9472,73200.0,INLAND,80910.0,7710.0,10.532786885245901
-121.55,39.51,48.0,827.0,198.0,396.0,161.0,0.8024,58300.0,INLAND,70710.0,12410.0,21.28644939965695
-118.17,33.77,45.0,2151.0,643.0,1047.0,579.0,3.1149,218800.0,NEAR OCEAN,321130.08,102330.08000000002,46.768775137111525
-117.14,32.76,32.0,2587.0,681.0,1246.0,650.0,2.1727,145500.0,NEAR OCEAN,146214.0,714.0,0.49072164948453606
-118.13,34.07,32.0,1880.0,428.0,1404.0,424.0,3.085,220500.0,<1H OCEAN,211680.0,8820.0,4.0
-117.9,33.65,30.0,1634.0,373.0,771.0,364.0,3.4125,284100.0,<1H OCEAN,297675.04,13575.039999999979,4.778261175642371
-118.25,33.86,26.0,3022.0,476.0,1852.0,452.0,6.0531,186400.0,<1H OCEAN,284023.0,97623.0,52.372854077253216
-119.05,34.21,27.0,4357.0,926.0,2110.0,876.0,3.0119,218200.0,<1H OCEAN,204287.0,13913.0,6.376260311640697
-121.89,37.66,3.0,1565.0,464.0,769.0,461.0,2.1187,231300.0,INLAND,159148.0,72152.0,31.194120190229143
-118.4,34.05,34.0,2113.0,459.0,859.0,432.0,3.6953,500001.0,<1H OCEAN,417636.31,82364.69,16.472905054189894
-118.4,33.99,39.0,1613.0,380.0,1113.0,356.0,2.825,276700.0,<1H OCEAN,257859.01,18840.98999999999,6.809176002891215
-118.23,33.98,30.0,2562.0,959.0,3909.0,955.0,1.9929,150600.0,<1H OCEAN,128218.0,22382.0,14.861885790172643
-118.25,33.95,48.0,1766.0,424.0,1655.0,420.0,0.9751,95500.0,<1H OCEAN,99582.0,4082.0,4.27434554973822
-122.27,37.85,52.0,1974.0,426.0,875.0,363.0,1.5817,153600.0,NEAR BAY,137653.01,15946.98999999999,10.38215494791666
-121.45,38.48,28.0,2780.0,510.0,1638.0,533.0,2.9571,103100.0,INLAND,104809.0,1709.0,1.6576139670223085
-121.36,38.64,24.0,6540.0,1008.0,2667.0,1031.0,5.5632,175200.0,INLAND,237622.0,62422.0,35.62899543378995
-118.21,34.06,30.0,511.0,153.0,1152.0,149.0,2.3611,156800.0,<1H OCEAN,139482.0,17318.0,11.044642857142858
-122.75,38.5,16.0,4196.0,638.0,1713.0,615.0,5.449,252100.0,<1H OCEAN,250166.0,1934.0,0.7671558905196351
-122.27,37.51,36.0,1406.0,224.0,598.0,237.0,5.8964,414800.0,NEAR OCEAN,391784.14,23015.859999999986,5.548664416586304
-122.12,37.68,40.0,1553.0,253.0,724.0,267.0,4.38,196400.0,NEAR BAY,198250.0,1850.0,0.9419551934826884
-121.45,38.56,52.0,3420.0,555.0,1301.0,530.0,4.0417,173800.0,INLAND,153022.0,20778.0,11.95512082853855
-121.55,38.51,14.0,5490.0,851.0,2415.0,837.0,6.5253,216800.0,INLAND,271960.0,55160.0,25.44280442804428
-117.87,33.6,35.0,1598.0,398.0,782.0,411.0,5.1155,500000.0,<1H OCEAN,362996.27,137003.72999999998,27.400745999999998
-118.05,33.72,17.0,1875.0,472.0,900.0,406.0,5.2589,226100.0,<1H OCEAN,254648.03,28548.03,12.626284829721362
-118.48,34.02,25.0,1583.0,460.0,983.0,422.0,2.7019,293800.0,<1H OCEAN,364761.08,70961.08000000002,24.152852280462906
-119.67,36.8,9.0,3712.0,508.0,1632.0,474.0,6.011,163100.0,INLAND,155885.0,7215.0,4.423666462293071
-118.09,33.79,31.0,4231.0,617.0,1694.0,623.0,6.6312,360100.0,<1H OCEAN,384289.14,24189.140000000014,6.717339627881149
-118.35,34.07,46.0,1651.0,410.0,512.0,397.0,4.0179,350000.0,<1H OCEAN,416873.21,66873.21000000002,19.106631428571436
-118.2,34.05,40.0,1082.0,318.0,1085.0,273.0,1.7054,117200.0,<1H OCEAN,142618.0,25418.0,21.687713310580207
-121.01,37.69,20.0,3275.0,760.0,1538.0,705.0,2.48,135600.0,INLAND,129011.0,6589.0,4.859144542772861
-117.25,34.04,18.0,5761.0,1063.0,2763.0,1058.0,4.4472,161100.0,INLAND,140418.0,20682.0,12.837988826815641
-122.22,37.78,50.0,1920.0,530.0,1525.0,477.0,1.4886,128800.0,NEAR BAY,119131.0,9669.0,7.506987577639751
-118.46,33.97,19.0,2461.0,521.0,777.0,447.0,10.0,500001.0,<1H OCEAN,483365.57,16635.429999999993,3.327079345841307
-117.28,34.17,26.0,3728.0,888.0,1765.0,727.0,1.7456,86800.0,INLAND,84598.0,2202.0,2.5368663594470044
-120.47,34.65,31.0,1438.0,320.0,816.0,270.0,2.4583,128100.0,NEAR OCEAN,135917.0,7817.0,6.1022638563622165
-121.87,37.26,24.0,2383.0,343.0,1146.0,341.0,5.6223,265700.0,<1H OCEAN,278865.0,13165.0,4.954836281520512
-122.26,38.29,10.0,969.0,160.0,482.0,180.0,6.5799,218100.0,NEAR BAY,311086.07,92986.07,42.63460339293903
-122.0,38.35,24.0,745.0,116.0,300.0,115.0,3.6176,158500.0,INLAND,127522.0,30978.0,19.54447949526814
-118.27,34.05,24.0,323.0,214.0,751.0,189.0,1.8304,225000.0,<1H OCEAN,218591.0,6409.0,2.8484444444444446
-118.21,33.96,39.0,2265.0,628.0,2323.0,599.0,2.1522,155300.0,<1H OCEAN,157408.0,2108.0,1.357372826786864
-118.05,33.78,18.0,3414.0,434.0,1272.0,454.0,8.7015,390900.0,<1H OCEAN,400818.14,9918.140000000014,2.5372576106421114
-121.89,37.25,21.0,2080.0,352.0,1040.0,325.0,5.2887,264500.0,<1H OCEAN,262661.0,1839.0,0.6952741020793951
-118.09,33.76,26.0,1625.0,440.0,533.0,414.0,1.808,58500.0,<1H OCEAN,82893.0,24393.0,41.697435897435895
-119.56,36.09,35.0,1648.0,285.0,792.0,265.0,3.2847,64700.0,INLAND,81533.0,16833.0,26.017001545595054
-118.13,33.79,20.0,6678.0,1797.0,3625.0,1599.0,3.7716,242900.0,NEAR OCEAN,232212.02,10687.98000000001,4.400156442980655
-122.02,37.87,14.0,3056.0,369.0,1209.0,377.0,8.4352,441400.0,NEAR BAY,401167.15,40232.84999999998,9.114827820570905
-122.26,37.82,31.0,4596.0,1331.0,2048.0,1180.0,2.8345,183800.0,NEAR BAY,242009.0,58209.0,31.66974972796518
-121.98,37.31,32.0,2248.0,460.0,1191.0,419.0,5.606,288900.0,<1H OCEAN,329175.04,40275.03999999998,13.940823814468667
-117.34,34.13,29.0,1494.0,286.0,991.0,280.0,2.125,70600.0,INLAND,81416.0,10816.0,15.320113314447593
-117.01,32.81,26.0,4499.0,645.0,1866.0,626.0,5.516,185100.0,<1H OCEAN,222555.0,37455.0,20.235008103727715
-117.82,33.78,28.0,4485.0,667.0,2048.0,685.0,5.4562,274700.0,<1H OCEAN,247854.01,26845.98999999999,9.77283946123043
-122.57,40.61,27.0,1540.0,315.0,883.0,321.0,2.8036,93400.0,INLAND,92010.0,1390.0,1.488222698072805
-118.18,33.95,39.0,2121.0,579.0,1991.0,528.0,2.9094,152200.0,<1H OCEAN,160352.0,8152.0,5.35611038107753
-117.39,33.95,35.0,1599.0,284.0,721.0,287.0,4.125,120700.0,INLAND,141222.0,20522.0,17.002485501242752
-117.35,34.15,32.0,2699.0,552.0,2086.0,551.0,2.2974,84500.0,INLAND,84103.0,397.0,0.46982248520710057
-117.84,33.73,20.0,2572.0,732.0,1534.0,669.0,2.4211,175000.0,<1H OCEAN,174610.0,390.0,0.22285714285714286
-119.54,36.52,16.0,2703.0,415.0,1106.0,372.0,4.2045,120900.0,INLAND,105506.0,15394.0,12.7328370554177
-122.31,37.54,45.0,1222.0,220.0,492.0,205.0,5.539,396900.0,NEAR OCEAN,318703.05,78196.95000000001,19.701927437641725
-122.4,37.81,12.0,1349.0,349.0,536.0,334.0,7.7852,250000.0,NEAR BAY,406247.18,156247.18,62.49887199999999
-118.33,34.01,47.0,1320.0,259.0,653.0,291.0,3.7727,193000.0,<1H OCEAN,173496.0,19504.0,10.105699481865285
-116.92,32.79,24.0,4055.0,742.0,2123.0,744.0,4.5224,142000.0,<1H OCEAN,171950.0,29950.0,21.091549295774648
-117.13,33.13,17.0,3164.0,652.0,1123.0,699.0,2.082,80000.0,<1H OCEAN,149127.02,69127.01999999999,86.40877499999998
-118.25,34.13,52.0,322.0,88.0,229.0,89.0,2.125,243800.0,<1H OCEAN,240102.05,3697.9500000000116,1.5167965545529172
-121.03,39.37,15.0,1337.0,326.0,1172.0,306.0,2.6341,85000.0,INLAND,90361.0,5361.0,6.307058823529411
-121.29,37.95,52.0,288.0,86.0,272.0,54.0,0.696,42500.0,INLAND,61839.0,19339.0,45.5035294117647
-117.88,33.88,15.0,957.0,360.0,615.0,370.0,3.0263,162500.0,<1H OCEAN,180836.0,18336.0,11.283692307692307
-118.38,34.19,42.0,1308.0,289.0,950.0,302.0,2.7379,181500.0,<1H OCEAN,194463.0,12963.0,7.142148760330579
-122.09,37.66,40.0,1340.0,313.0,766.0,271.0,3.4722,135400.0,NEAR BAY,173851.0,38451.0,28.39807976366322
-122.05,39.6,34.0,2051.0,342.0,958.0,322.0,2.8466,95300.0,INLAND,83463.0,11837.0,12.42077649527807
-117.2,32.77,30.0,156.0,45.0,77.0,40.0,3.2679,137500.0,NEAR OCEAN,205284.02,67784.01999999999,49.29746909090908
-122.03,37.97,20.0,3968.0,931.0,2629.0,903.0,2.9915,166700.0,NEAR BAY,158522.0,8178.0,4.905818836232753
-117.24,32.85,18.0,3117.0,475.0,904.0,368.0,6.7587,388500.0,NEAR OCEAN,338771.07,49728.92999999999,12.800239382239381
-118.53,34.09,37.0,5477.0,833.0,1925.0,757.0,8.1888,500001.0,<1H OCEAN,494884.89,5116.109999999986,1.02321995356009
-122.29,37.88,50.0,1211.0,261.0,523.0,227.0,3.8672,216700.0,NEAR BAY,237370.01,20670.01000000001,9.538537148131061
-122.02,37.98,37.0,1474.0,343.0,782.0,331.0,3.4187,161700.0,NEAR BAY,149114.0,12586.0,7.783549783549784
-122.26,37.48,34.0,4453.0,682.0,1805.0,672.0,5.6038,451300.0,NEAR OCEAN,347839.04,103460.96000000002,22.925096388211838
-122.33,40.52,23.0,2801.0,507.0,1318.0,454.0,3.5081,116700.0,INLAND,105480.0,11220.0,9.61439588688946
-119.06,34.23,29.0,3511.0,632.0,2591.0,596.0,3.0219,221700.0,<1H OCEAN,205471.0,16229.0,7.320252593594947
-121.92,37.96,14.0,5332.0,884.0,2093.0,839.0,5.2798,237400.0,INLAND,194052.0,43348.0,18.259477674810444
-118.88,34.2,23.0,4862.0,597.0,1938.0,594.0,7.3409,316000.0,<1H OCEAN,344359.01,28359.01000000001,8.97437025316456
-122.4,40.58,40.0,3895.0,929.0,1782.0,910.0,1.3329,78200.0,INLAND,66355.0,11845.0,15.147058823529411
-122.3,38.32,20.0,2063.0,486.0,1045.0,460.0,2.5035,153200.0,NEAR BAY,153092.0,108.0,0.07049608355091383
-120.1,39.37,10.0,2325.0,410.0,1016.0,373.0,4.5208,117300.0,INLAND,154107.0,36807.0,31.37851662404092
-119.0,36.07,20.0,1042.0,183.0,509.0,175.0,2.9815,73000.0,INLAND,88857.0,15857.0,21.721917808219178
-117.17,32.77,6.0,3856.0,875.0,1547.0,816.0,4.5481,164800.0,NEAR OCEAN,263891.0,99091.0,60.12803398058253
-122.04,38.25,32.0,1203.0,287.0,571.0,255.0,3.0938,110400.0,INLAND,129177.0,18777.0,17.008152173913043
-121.84,39.73,52.0,502.0,100.0,311.0,100.0,1.5481,200000.0,INLAND,84843.0,115157.0,57.5785
-121.23,37.95,36.0,811.0,168.0,514.0,152.0,2.625,89200.0,INLAND,93447.0,4247.0,4.761210762331839
-116.27,34.13,37.0,452.0,109.0,184.0,59.0,3.7292,65800.0,INLAND,117777.03,51977.03,78.99244680851064
-118.01,34.1,27.0,2424.0,542.0,1713.0,557.0,3.8085,181400.0,INLAND,222468.0,41068.0,22.63947078280044
-120.4,37.92,22.0,1022.0,194.0,517.0,198.0,3.625,99400.0,INLAND,130978.0,31578.0,31.76861167002012
-118.35,34.1,18.0,7432.0,2793.0,3596.0,2270.0,2.8036,225000.0,<1H OCEAN,293065.04,68065.03999999998,30.25112888888888
-117.32,33.25,7.0,2499.0,420.0,1314.0,398.0,4.85,186900.0,<1H OCEAN,193102.0,6202.0,3.3183520599250933
-116.9,32.77,8.0,3600.0,492.0,1421.0,482.0,6.2609,307100.0,<1H OCEAN,285215.0,21885.0,7.12634321068056
-117.08,32.71,27.0,2204.0,598.0,1656.0,521.0,1.4821,86200.0,NEAR OCEAN,102694.0,16494.0,19.134570765661252
-118.36,33.97,18.0,1284.0,283.0,990.0,289.0,4.0179,195800.0,<1H OCEAN,248122.0,52322.0,26.722165474974464
-117.41,34.0,26.0,2372.0,621.0,1647.0,612.0,1.4719,88600.0,INLAND,95137.0,6537.0,7.378103837471784
-117.33,34.06,42.0,530.0,123.0,390.0,124.0,1.0469,67000.0,INLAND,82437.0,15437.0,23.040298507462687
-122.15,37.74,49.0,1325.0,277.0,764.0,282.0,3.3125,118000.0,NEAR BAY,179081.0,61081.0,51.763559322033906
-122.07,37.39,19.0,1465.0,342.0,646.0,345.0,4.712,289300.0,NEAR BAY,281172.02,8127.979999999981,2.8095333563774565
-121.51,38.55,46.0,1485.0,278.0,531.0,291.0,2.7885,137200.0,INLAND,119818.0,17382.0,12.669096209912537
-117.15,34.05,9.0,1442.0,219.0,633.0,230.0,5.0227,162300.0,INLAND,142243.0,20057.0,12.357979051139864
-121.45,38.51,29.0,4221.0,901.0,2294.0,850.0,2.2245,75900.0,INLAND,87387.0,11487.0,15.134387351778656
-122.05,36.87,18.0,2232.0,440.0,1091.0,458.0,3.8269,276000.0,NEAR OCEAN,260017.0,15983.0,5.790942028985508
-121.83,37.23,22.0,5507.0,841.0,2785.0,848.0,6.0889,245200.0,<1H OCEAN,268538.0,23338.0,9.51794453507341
-118.36,33.95,42.0,2532.0,627.0,2038.0,591.0,2.875,177500.0,<1H OCEAN,159633.0,17867.0,10.065915492957748
-117.18,33.16,15.0,5923.0,1206.0,3943.0,1006.0,3.1793,159900.0,<1H OCEAN,179905.01,20005.01000000001,12.510950594121331
-117.58,34.09,27.0,754.0,200.0,746.0,185.0,1.9531,100800.0,INLAND,99616.0,1184.0,1.1746031746031746
-121.9,38.04,36.0,1489.0,331.0,838.0,259.0,1.2024,90200.0,INLAND,88559.0,1641.0,1.819290465631929
-117.46,34.14,10.0,714.0,131.0,381.0,119.0,0.8926,116100.0,INLAND,121202.0,5102.0,4.394487510766581
-118.43,33.98,19.0,8324.0,1590.0,2927.0,1538.0,7.5426,351700.0,<1H OCEAN,423415.43,71715.43,20.391080466306512
-122.14,39.65,33.0,419.0,77.0,190.0,67.0,3.6429,87500.0,INLAND,111356.0,23856.0,27.264
-122.13,39.74,20.0,1401.0,280.0,668.0,250.0,2.2569,94300.0,INLAND,83108.0,11192.0,11.868504772004242
-121.83,37.3,17.0,1299.0,211.0,825.0,217.0,4.5,235800.0,<1H OCEAN,223870.05,11929.950000000012,5.059351145038173
-118.1,33.99,31.0,965.0,217.0,599.0,206.0,2.7202,190300.0,<1H OCEAN,171478.0,18822.0,9.890698896479243
-122.46,37.7,37.0,1028.0,275.0,904.0,261.0,3.5035,238600.0,NEAR OCEAN,238225.0,375.0,0.15716680637049454
-118.28,34.24,29.0,3390.0,580.0,1543.0,576.0,5.6184,316900.0,<1H OCEAN,288141.05,28758.95000000001,9.075086778163461
-121.93,37.89,13.0,2085.0,292.0,852.0,264.0,7.3445,366700.0,INLAND,308724.0,57976.0,15.810199072811562
-118.5,34.03,52.0,1711.0,245.0,671.0,242.0,7.7572,500001.0,<1H OCEAN,488532.77,11468.229999999981,2.293641412717171
-121.29,38.12,18.0,1534.0,275.0,741.0,263.0,3.9607,132500.0,INLAND,153894.0,21394.0,16.146415094339623
-117.22,32.85,26.0,1647.0,261.0,694.0,259.0,4.6875,274400.0,NEAR OCEAN,212223.0,62177.0,22.659256559766764
-122.47,37.77,52.0,3143.0,635.0,1350.0,623.0,3.8571,366700.0,NEAR BAY,420732.33,54032.330000000016,14.734750477229348
-118.38,34.07,16.0,4814.0,1381.0,1897.0,1209.0,3.3725,375000.0,<1H OCEAN,409279.26,34279.26000000001,9.141136000000003
-117.91,34.08,35.0,1443.0,266.0,861.0,262.0,3.5795,186900.0,<1H OCEAN,196509.0,9609.0,5.141252006420546
-118.32,34.1,52.0,786.0,270.0,756.0,273.0,2.2311,206300.0,<1H OCEAN,238217.01,31917.01000000001,15.471163354338346
-121.36,38.01,16.0,2178.0,667.0,1192.0,579.0,2.3339,87100.0,INLAND,111016.0,23916.0,27.45809414466131
-118.12,33.99,27.0,2316.0,559.0,2012.0,544.0,2.8155,176800.0,<1H OCEAN,183799.0,6999.0,3.958710407239819
-118.14,33.91,34.0,1766.0,410.0,974.0,404.0,3.0703,180800.0,<1H OCEAN,206637.0,25837.0,14.29037610619469
-122.2,37.79,35.0,1802.0,459.0,1009.0,390.0,2.3036,126000.0,NEAR BAY,123762.0,2238.0,1.7761904761904763
-118.13,34.19,42.0,2203.0,412.0,1012.0,377.0,4.0714,234000.0,INLAND,257688.0,23688.0,10.123076923076923
-118.9,35.41,6.0,4656.0,971.0,2320.0,935.0,3.0938,100800.0,INLAND,87172.0,13628.0,13.51984126984127
-114.61,34.83,31.0,2478.0,464.0,1346.0,479.0,3.212,70400.0,INLAND,83869.0,13469.0,19.132102272727273
-118.14,33.78,44.0,2101.0,496.0,1038.0,500.0,3.108,217900.0,NEAR OCEAN,271846.01,53946.01000000001,24.757232675539242
-121.12,35.58,16.0,4109.0,798.0,1298.0,626.0,3.4799,320800.0,NEAR OCEAN,256779.0,64021.0,19.956670822942645
-117.65,34.04,15.0,3393.0,,2039.0,611.0,3.9336,151000.0,INLAND,155095.0,4095.0,2.7119205298013247
-121.84,37.37,28.0,1579.0,339.0,1252.0,353.0,4.1615,214800.0,<1H OCEAN,182872.02,31927.98000000001,14.864050279329613
-118.27,33.79,39.0,1513.0,365.0,1227.0,354.0,3.3929,184600.0,<1H OCEAN,167008.0,17592.0,9.529794149512458
-120.56,38.48,14.0,3545.0,702.0,946.0,411.0,3.4609,120900.0,INLAND,126957.0,6057.0,5.009925558312655
-121.39,39.61,22.0,2828.0,610.0,986.0,391.0,2.8871,94700.0,INLAND,88194.0,6506.0,6.870116156282998
-116.92,32.76,7.0,1659.0,237.0,862.0,242.0,5.2741,249400.0,<1H OCEAN,182591.0,66809.0,26.787890938251802
-121.29,37.96,52.0,888.0,324.0,630.0,258.0,1.2411,112500.0,INLAND,90671.0,21829.0,19.403555555555556
-118.03,33.78,25.0,3554.0,528.0,1600.0,537.0,6.6453,270100.0,<1H OCEAN,311793.0,41693.0,15.436134764901887
-117.83,33.68,4.0,3226.0,838.0,1666.0,800.0,4.1652,184500.0,<1H OCEAN,288897.21,104397.21000000002,56.5838536585366
-121.79,36.64,11.0,32627.0,6445.0,28566.0,6082.0,2.3087,118800.0,<1H OCEAN,154824.0,36024.0,30.323232323232325
-118.43,34.02,42.0,1528.0,244.0,634.0,242.0,8.1631,500001.0,<1H OCEAN,497756.94,2244.0599999999977,0.44881110237779476
-121.9,36.97,21.0,3707.0,751.0,1420.0,608.0,4.4485,295200.0,NEAR OCEAN,292004.02,3195.9799999999814,1.0826490514905087
-121.95,37.33,31.0,1866.0,465.0,821.0,447.0,2.3547,275900.0,<1H OCEAN,222956.0,52944.0,19.189561435302647
-121.91,37.42,19.0,1684.0,387.0,1224.0,376.0,4.1389,174100.0,<1H OCEAN,197481.0,23381.0,13.429638139000573
-117.07,33.12,21.0,4578.0,927.0,2818.0,900.0,3.1458,187700.0,<1H OCEAN,159674.0,28026.0,14.931273308470963
-118.09,33.77,27.0,2301.0,640.0,847.0,627.0,1.7208,67500.0,<1H OCEAN,102506.02,35006.020000000004,51.86077037037038
-118.32,33.82,22.0,2508.0,402.0,1254.0,395.0,7.0935,379500.0,<1H OCEAN,378686.2,813.7999999999884,0.21444005270091918
-118.12,34.04,34.0,2103.0,427.0,1355.0,434.0,4.5795,235300.0,<1H OCEAN,211247.0,24053.0,10.222269443263917
-118.22,33.89,37.0,797.0,190.0,485.0,166.0,2.7434,95200.0,<1H OCEAN,122218.0,27018.0,28.380252100840337
-121.86,36.63,37.0,338.0,109.0,231.0,100.0,2.5313,108300.0,<1H OCEAN,198874.01,90574.01000000001,83.63251154201294
-122.43,37.74,52.0,2229.0,498.0,1079.0,472.0,5.0196,324300.0,NEAR BAY,343514.0,19214.0,5.924761023743447
-119.19,36.06,29.0,1815.0,376.0,1421.0,339.0,1.9091,71300.0,INLAND,49857.0,21443.0,30.07433380084151
-117.93,33.65,26.0,5831.0,1546.0,4738.0,1477.0,3.1483,213000.0,<1H OCEAN,223588.01,10588.01000000001,4.970896713615028
-121.09,37.61,42.0,1787.0,296.0,921.0,287.0,3.8864,171400.0,INLAND,148668.0,22732.0,13.262543757292883
-122.07,37.67,27.0,3239.0,671.0,1469.0,616.0,3.2465,230600.0,NEAR BAY,219902.0,10698.0,4.639202081526453
-121.18,37.79,16.0,1326.0,286.0,509.0,297.0,1.9464,112500.0,INLAND,114327.0,1827.0,1.624
-120.61,35.11,11.0,3733.0,831.0,1839.0,739.0,3.3062,158500.0,<1H OCEAN,203729.0,45229.0,28.53564668769716
-117.69,34.05,10.0,1875.0,366.0,1055.0,363.0,4.3264,128900.0,INLAND,152995.0,24095.0,18.69278510473235
-117.14,33.39,17.0,2889.0,587.0,1931.0,510.0,3.8547,208300.0,<1H OCEAN,219380.0,11080.0,5.319251080172828
-122.95,40.67,17.0,1498.0,331.0,574.0,242.0,2.0268,94200.0,INLAND,79675.0,14525.0,15.41932059447983
-118.41,33.96,32.0,1044.0,219.0,567.0,222.0,4.1471,284400.0,<1H OCEAN,328152.04,43752.03999999998,15.38398030942334
-119.76,36.8,20.0,6257.0,1346.0,2795.0,1267.0,2.2094,83700.0,INLAND,75656.0,8044.0,9.610513739545997
-117.18,32.83,31.0,1772.0,353.0,1090.0,350.0,3.9265,162000.0,NEAR OCEAN,188390.01,26390.01000000001,16.290129629629636
-117.9,34.01,27.0,1702.0,381.0,2091.0,352.0,3.7917,131100.0,<1H OCEAN,164492.0,33392.0,25.47063310450038
-122.04,37.36,26.0,3298.0,460.0,1241.0,472.0,6.8753,403000.0,<1H OCEAN,402839.14,160.85999999998603,0.039915632754338966
-118.46,34.04,17.0,2729.0,897.0,1404.0,758.0,3.1235,420800.0,<1H OCEAN,347354.07,73445.93,17.45388070342205
-122.2,39.93,9.0,1296.0,287.0,768.0,260.0,1.9191,54400.0,INLAND,90052.0,35652.0,65.53676470588236
-117.77,33.51,29.0,3590.0,772.0,1070.0,603.0,4.4464,500001.0,<1H OCEAN,376421.14,123579.85999999999,24.71592256815486
-121.99,37.26,17.0,4034.0,611.0,1158.0,560.0,8.2069,442500.0,<1H OCEAN,404222.17,38277.830000000016,8.650357062146895
-117.38,33.14,14.0,5039.0,1373.0,1298.0,696.0,3.209,313300.0,NEAR OCEAN,221585.01,91714.98999999999,29.273855729332904
-119.76,36.75,39.0,2233.0,563.0,2031.0,491.0,1.8641,50800.0,INLAND,56840.0,6040.0,11.88976377952756
-117.39,33.69,5.0,6529.0,997.0,3464.0,1006.0,5.3275,168700.0,<1H OCEAN,244269.0,75569.0,44.79490219324244
-117.05,34.02,21.0,3098.0,646.0,1351.0,614.0,2.598,106700.0,INLAND,99725.0,6975.0,6.537019681349578
-121.42,38.62,33.0,3171.0,832.0,1591.0,695.0,2.0786,88600.0,INLAND,94096.0,5496.0,6.203160270880361
-117.93,34.05,32.0,3055.0,623.0,1902.0,565.0,4.2926,190700.0,<1H OCEAN,197215.0,6515.0,3.416360776088097
-122.41,37.8,30.0,1821.0,738.0,1648.0,684.0,0.8836,450000.0,NEAR BAY,273179.33,176820.66999999998,39.293482222222224
-122.11,37.67,36.0,2110.0,389.0,952.0,370.0,3.8,187500.0,NEAR BAY,199043.0,11543.0,6.156266666666667
-119.61,36.56,34.0,1911.0,497.0,1886.0,481.0,1.625,53000.0,INLAND,52070.0,930.0,1.7547169811320755
-118.01,34.06,26.0,557.0,153.0,455.0,196.0,2.7721,155400.0,INLAND,182924.0,27524.0,17.71171171171171
-118.19,33.99,37.0,2073.0,614.0,2544.0,598.0,2.9054,156300.0,<1H OCEAN,158570.0,2270.0,1.45233525271913
-118.31,34.03,46.0,2173.0,510.0,1343.0,476.0,2.025,135500.0,<1H OCEAN,141332.0,5832.0,4.304059040590405
-122.04,37.66,23.0,2419.0,348.0,1066.0,384.0,6.3501,350000.0,NEAR BAY,306190.01,43809.98999999999,12.517139999999996
-122.07,37.06,31.0,1634.0,370.0,939.0,332.0,3.8625,232300.0,NEAR OCEAN,238554.0,6254.0,2.6922083512699095
-121.65,37.12,14.0,4721.0,999.0,2648.0,888.0,3.6895,239300.0,<1H OCEAN,209796.0,29504.0,12.329293773506059
-122.37,37.59,39.0,4645.0,1196.0,2156.0,1113.0,3.4412,353800.0,NEAR OCEAN,365462.05,11662.049999999988,3.2962266817410937
-118.4,33.96,43.0,2416.0,454.0,1028.0,409.0,5.6732,330700.0,<1H OCEAN,393372.22,62672.21999999997,18.95138191714544
-118.32,33.34,52.0,996.0,264.0,341.0,160.0,2.7361,450000.0,ISLAND,306411.03,143588.96999999997,31.908659999999994
-118.88,35.34,20.0,1351.0,255.0,762.0,253.0,2.1111,105300.0,INLAND,60395.98,44904.02,42.64389363722697
-118.4,33.87,40.0,1679.0,372.0,719.0,385.0,6.435,479500.0,<1H OCEAN,461041.33,18458.669999999984,3.8495662148070875
-121.37,38.68,34.0,1086.0,187.0,663.0,190.0,3.3074,84200.0,INLAND,99199.0,14999.0,17.81353919239905
-122.1,37.39,36.0,1860.0,367.0,794.0,366.0,5.0871,354500.0,NEAR BAY,312417.11,42082.890000000014,11.87105500705219
-119.81,36.78,36.0,1650.0,313.0,660.0,298.0,3.0,79700.0,INLAND,73067.0,6633.0,8.322459222082811
-117.16,33.54,4.0,4952.0,1000.0,2912.0,943.0,3.7538,147500.0,<1H OCEAN,198825.02,51325.01999999999,34.79662372881355
-117.95,33.78,32.0,2296.0,560.0,1376.0,532.0,3.7303,188500.0,<1H OCEAN,193964.0,5464.0,2.8986737400530505
-122.18,37.46,40.0,2529.0,293.0,831.0,258.0,15.0001,500001.0,NEAR BAY,500001.0,0.0,0.0
-118.32,33.97,46.0,1504.0,270.0,814.0,306.0,4.3919,157100.0,<1H OCEAN,172142.0,15042.0,9.574793125397836
-117.99,33.88,25.0,3401.0,509.0,1503.0,498.0,6.6704,240600.0,<1H OCEAN,312120.01,71520.01000000001,29.72568994181214
-118.26,34.23,33.0,1805.0,303.0,838.0,301.0,5.4306,326600.0,<1H OCEAN,275661.0,50939.0,15.596754439681568
-120.97,37.67,31.0,1648.0,293.0,792.0,294.0,2.4,121500.0,INLAND,110397.0,11103.0,9.138271604938272
-117.81,34.01,12.0,9197.0,1642.0,4332.0,1554.0,4.9589,282100.0,<1H OCEAN,232250.0,49850.0,17.671038638780573
-118.51,34.19,38.0,2182.0,409.0,1141.0,379.0,4.2865,221100.0,<1H OCEAN,232225.01,11125.01000000001,5.031664405246499
-118.17,33.77,45.0,2508.0,797.0,1340.0,720.0,2.6786,191100.0,NEAR OCEAN,210769.0,19669.0,10.29251700680272
-117.19,33.9,3.0,21060.0,3366.0,9623.0,2812.0,4.189,143000.0,INLAND,152170.01,9170.01000000001,6.412594405594412
-121.01,37.61,5.0,3655.0,696.0,2316.0,647.0,3.4703,129300.0,INLAND,135093.0,5793.0,4.480278422273782
-119.69,34.42,17.0,1826.0,544.0,1325.0,532.0,1.2762,253600.0,<1H OCEAN,215296.05,38303.95000000001,15.104081230283917
-118.27,33.93,41.0,570.0,135.0,466.0,121.0,2.6458,91300.0,<1H OCEAN,117675.0,26375.0,28.888280394304488
-117.81,33.73,19.0,5471.0,1345.0,2828.0,1247.0,3.5719,252800.0,<1H OCEAN,169877.0,82923.0,32.80181962025316
-118.9,34.3,13.0,5591.0,1013.0,3188.0,971.0,5.5925,208600.0,<1H OCEAN,283247.01,74647.01000000001,35.78476030680729
-117.14,32.76,24.0,3523.0,991.0,1775.0,873.0,2.1273,142300.0,NEAR OCEAN,147422.0,5122.0,3.599437807449051
-117.27,34.42,9.0,5643.0,1005.0,3166.0,957.0,3.2077,93300.0,INLAND,109214.0,15914.0,17.056806002143624
-122.06,37.35,31.0,1795.0,281.0,872.0,282.0,8.0599,381800.0,<1H OCEAN,482876.63,101076.63,26.473711367207965
-118.12,33.83,44.0,1712.0,314.0,691.0,293.0,4.3594,221300.0,<1H OCEAN,255548.0,34248.0,15.47582467239042
-118.84,34.11,12.0,7508.0,1058.0,2484.0,965.0,5.8788,500001.0,NEAR OCEAN,369496.11,130504.89000000001,26.100925798148406
-120.6,35.11,17.0,2495.0,524.0,1292.0,501.0,2.2625,153000.0,<1H OCEAN,144528.0,8472.0,5.537254901960784
-119.77,36.76,40.0,2009.0,519.0,2219.0,505.0,1.2101,49100.0,INLAND,52811.0,3711.0,7.558044806517311
-117.81,33.84,17.0,4343.0,515.0,1605.0,484.0,10.5981,460100.0,<1H OCEAN,460348.53,248.53000000002794,0.054016518148234716
-117.05,32.68,19.0,1469.0,275.0,1010.0,292.0,3.5664,150400.0,NEAR OCEAN,130558.0,19842.0,13.192819148936168
-117.94,33.92,32.0,1053.0,207.0,1038.0,222.0,4.6696,165500.0,<1H OCEAN,173711.0,8211.0,4.961329305135951
-119.63,34.42,42.0,1765.0,263.0,753.0,260.0,8.5608,500001.0,<1H OCEAN,497700.93,2300.070000000007,0.46001307997384144
-121.56,39.51,47.0,1064.0,245.0,603.0,190.0,1.3654,57900.0,INLAND,61609.0,3709.0,6.405872193436961
-117.96,33.83,34.0,982.0,148.0,498.0,156.0,6.3214,220800.0,<1H OCEAN,253960.01,33160.01000000001,15.018120471014498
-118.16,34.09,36.0,3334.0,920.0,2881.0,800.0,2.1696,170800.0,<1H OCEAN,166775.0,4025.0,2.3565573770491803
-117.06,32.81,17.0,3939.0,550.0,1694.0,553.0,6.7927,234700.0,<1H OCEAN,293138.0,58438.0,24.89902002556455
-119.83,34.44,35.0,796.0,281.0,567.0,257.0,2.1389,260000.0,NEAR OCEAN,240999.0,19001.0,7.308076923076923
-118.44,34.22,39.0,1529.0,344.0,913.0,314.0,3.325,178200.0,<1H OCEAN,189631.0,11431.0,6.414702581369249
-122.0,38.83,26.0,272.0,49.0,194.0,52.0,3.4187,98400.0,INLAND,127441.0,29041.0,29.51321138211382
-118.45,34.25,34.0,2094.0,380.0,1207.0,380.0,5.2801,212300.0,<1H OCEAN,224340.0,12040.0,5.671219971738106
-118.18,34.09,44.0,1688.0,426.0,1605.0,384.0,3.3785,184900.0,<1H OCEAN,168014.0,16886.0,9.132504056246619
-122.41,37.75,9.0,1282.0,334.0,1176.0,305.0,2.6538,206300.0,NEAR BAY,227898.01,21598.01000000001,10.469224430441109
-119.02,36.05,22.0,2078.0,431.0,1336.0,456.0,2.2202,65200.0,INLAND,63888.0,1312.0,2.0122699386503067
-121.79,38.69,23.0,1755.0,321.0,1061.0,313.0,2.8864,103100.0,INLAND,116844.0,13744.0,13.33074684772066
-117.66,34.15,25.0,3430.0,485.0,1284.0,438.0,8.5282,360100.0,INLAND,337603.01,22496.98999999999,6.247428492085529
-117.76,34.05,36.0,2910.0,819.0,3055.0,782.0,1.9029,98000.0,INLAND,110685.0,12685.0,12.943877551020408
-121.78,37.69,34.0,2358.0,498.0,1157.0,461.0,3.3618,174600.0,INLAND,165408.0,9192.0,5.2646048109965635
-121.38,38.59,36.0,2253.0,434.0,1018.0,426.0,3.2596,98700.0,INLAND,124383.0,25683.0,26.02127659574468
-117.87,33.92,17.0,4575.0,764.0,2054.0,737.0,6.0571,272400.0,<1H OCEAN,289318.0,16918.0,6.21071953010279
-117.13,33.14,12.0,2258.0,456.0,1147.0,433.0,4.0495,153900.0,<1H OCEAN,176933.0,23033.0,14.966211825860947
-122.33,37.98,3.0,2850.0,544.0,1024.0,515.0,6.0115,175000.0,NEAR BAY,301444.04,126444.03999999998,72.25373714285713
-118.18,34.13,52.0,2228.0,475.0,1311.0,452.0,3.5341,182100.0,<1H OCEAN,210699.0,28599.0,15.70510708401977
-121.83,37.27,14.0,2855.0,380.0,1420.0,383.0,6.6712,311500.0,<1H OCEAN,323668.03,12168.030000000028,3.906269662921357
-120.76,38.65,17.0,2319.0,430.0,1126.0,372.0,3.5511,155900.0,INLAND,144659.0,11241.0,7.210391276459268
-121.24,37.97,47.0,886.0,196.0,517.0,188.0,2.1991,67200.0,INLAND,94290.0,27090.0,40.3125
-122.11,37.7,29.0,1298.0,306.0,835.0,338.0,2.3274,170400.0,NEAR BAY,173800.0,3400.0,1.9953051643192488
-117.14,32.9,16.0,3217.0,,2054.0,687.0,4.2234,162100.0,<1H OCEAN,166173.0,4073.0,2.512646514497224
-121.47,38.56,52.0,889.0,162.0,273.0,145.0,3.125,85600.0,INLAND,162147.0,76547.0,89.42406542056075
-118.21,33.9,43.0,1810.0,357.0,1335.0,358.0,3.1189,118800.0,<1H OCEAN,145696.0,26896.0,22.63973063973064
-117.93,33.75,24.0,1380.0,339.0,1472.0,304.0,4.2219,162800.0,<1H OCEAN,175534.0,12734.0,7.821867321867322
-122.24,37.75,45.0,891.0,,384.0,146.0,4.9489,247100.0,NEAR BAY,290245.07,43145.07000000001,17.46057061918252
-117.22,33.81,4.0,9911.0,1946.0,5145.0,1661.0,3.4237,113700.0,INLAND,143517.0,29817.0,26.224274406332455
-118.03,33.83,25.0,768.0,195.0,529.0,184.0,3.175,132800.0,<1H OCEAN,218088.0,85288.0,64.22289156626506
-118.31,34.01,39.0,2073.0,566.0,1246.0,547.0,2.0417,117100.0,<1H OCEAN,123263.0,6163.0,5.263023057216055
-117.23,33.23,13.0,2899.0,657.0,1946.0,579.0,2.9875,172000.0,<1H OCEAN,148072.0,23928.0,13.911627906976745
-122.93,38.02,28.0,1284.0,265.0,628.0,219.0,3.5469,200000.0,NEAR OCEAN,247734.0,47734.0,23.867
-121.45,38.69,32.0,2962.0,526.0,1542.0,521.0,2.2243,89200.0,INLAND,103618.0,14418.0,16.163677130044842
-122.01,37.4,24.0,1297.0,297.0,441.0,282.0,3.1439,47500.0,<1H OCEAN,219190.0,171690.0,361.4526315789474
-121.47,38.51,52.0,20.0,4.0,74.0,9.0,3.625,80000.0,INLAND,243550.28,163550.28,204.43785
-121.44,37.76,5.0,7264.0,1285.0,3670.0,1146.0,5.0443,194800.0,INLAND,194797.0,3.0,0.001540041067761807
-122.57,37.99,45.0,2404.0,425.0,926.0,400.0,4.9674,320100.0,NEAR BAY,319968.05,131.95000000001164,0.04122149328335259
-122.13,37.4,29.0,6027.0,1195.0,2687.0,1171.0,5.1335,461200.0,NEAR BAY,343163.06,118036.94,25.59343885516045
-118.3,34.17,16.0,1353.0,398.0,1211.0,357.0,3.1551,205000.0,<1H OCEAN,220992.02,15992.01999999999,7.800985365853654
-117.29,34.13,52.0,2424.0,528.0,1171.0,455.0,1.4815,77900.0,INLAND,76725.0,1175.0,1.5083440308087293
-122.05,37.36,34.0,2400.0,419.0,1017.0,384.0,4.1369,316900.0,<1H OCEAN,290879.0,26021.0,8.21110760492269
-118.15,33.8,44.0,1886.0,399.0,1167.0,372.0,3.1042,219800.0,NEAR OCEAN,215203.0,4597.0,2.091446769790719
-118.0,33.81,17.0,1530.0,404.0,883.0,344.0,2.8835,196500.0,<1H OCEAN,181971.0,14529.0,7.3938931297709924
-117.96,33.76,22.0,2520.0,556.0,2126.0,527.0,3.7734,193900.0,<1H OCEAN,176461.0,17439.0,8.993811242908716
-118.11,34.14,52.0,2401.0,332.0,810.0,308.0,6.0948,358700.0,<1H OCEAN,424190.13,65490.130000000005,18.25763311959855
-120.69,38.44,13.0,1473.0,265.0,597.0,228.0,4.2917,121300.0,INLAND,152671.0,31371.0,25.86232481450948
-117.04,32.98,16.0,1332.0,196.0,640.0,193.0,6.0226,192900.0,<1H OCEAN,218047.0,25147.0,13.036288232244686
-122.4,37.6,30.0,5351.0,1134.0,2558.0,1074.0,3.5817,369300.0,NEAR OCEAN,324810.03,44489.96999999997,12.047108042242073
-118.6,34.23,19.0,8866.0,2355.0,5005.0,2194.0,3.2564,230300.0,<1H OCEAN,219180.0,11120.0,4.8284845853234915
-118.5,34.15,33.0,3104.0,387.0,1111.0,376.0,13.4196,500001.0,<1H OCEAN,500001.0,0.0,0.0
-118.32,33.9,37.0,1664.0,401.0,1316.0,409.0,3.0526,216400.0,<1H OCEAN,182657.0,33743.0,15.592883548983364
-122.64,41.73,36.0,3319.0,664.0,1492.0,631.0,1.8694,71200.0,INLAND,58026.0,13174.0,18.502808988764045
-117.97,33.77,25.0,1295.0,417.0,856.0,342.0,2.7157,350000.0,<1H OCEAN,197608.0,152392.0,43.540571428571425
-118.09,33.9,37.0,1147.0,258.0,742.0,242.0,4.0461,153500.0,<1H OCEAN,173679.0,20179.0,13.145928338762214
-120.75,37.37,32.0,1656.0,317.0,1037.0,286.0,2.4964,88800.0,INLAND,89469.0,669.0,0.7533783783783784
-121.39,36.16,28.0,1057.0,249.0,288.0,130.0,3.0526,146900.0,NEAR OCEAN,289758.03,142858.03000000003,97.24848876786932
-122.3,37.91,39.0,2686.0,569.0,1159.0,559.0,2.9441,200400.0,NEAR BAY,189032.0,11368.0,5.672654690618763
-118.25,34.15,15.0,3712.0,1005.0,1888.0,890.0,3.6875,209600.0,<1H OCEAN,241854.0,32254.0,15.388358778625955
-121.48,38.58,42.0,1823.0,566.0,761.0,503.0,1.245,137500.0,INLAND,97570.0,39930.0,29.04
-121.94,37.29,22.0,2593.0,637.0,1249.0,623.0,3.75,212500.0,<1H OCEAN,270545.0,58045.0,27.31529411764706
-118.35,33.92,24.0,2728.0,845.0,2023.0,773.0,2.75,239700.0,<1H OCEAN,208297.0,31403.0,13.10095953274927
-118.92,34.18,17.0,2400.0,352.0,1067.0,323.0,6.3522,259300.0,<1H OCEAN,288025.0,28725.0,11.07790204396452
-122.5,37.74,44.0,2374.0,496.0,1087.0,426.0,3.5,275700.0,NEAR OCEAN,277957.0,2257.0,0.8186434530286544
-118.33,34.15,44.0,1321.0,303.0,471.0,301.0,4.2679,331800.0,<1H OCEAN,415811.08,84011.08000000002,25.319795057263416
-118.23,34.05,52.0,346.0,270.0,346.0,251.0,2.5313,225000.0,<1H OCEAN,155725.0,69275.0,30.788888888888888
-117.15,33.02,4.0,15029.0,2279.0,5613.0,1696.0,7.2731,450400.0,NEAR OCEAN,327293.03,123106.96999999997,27.332808614564826
-118.22,33.99,24.0,1402.0,482.0,1976.0,466.0,2.6964,163200.0,<1H OCEAN,160320.0,2880.0,1.7647058823529411
-116.54,33.81,31.0,6814.0,1714.0,2628.0,1341.0,2.1176,124100.0,INLAND,93074.0,31026.0,25.000805801772763
-118.02,33.85,31.0,1922.0,329.0,1030.0,353.0,5.3416,213000.0,<1H OCEAN,237046.0,24046.0,11.289201877934273
-122.05,37.36,29.0,1733.0,255.0,679.0,278.0,7.5337,406800.0,<1H OCEAN,425953.38,19153.380000000005,4.708303834808261
-122.28,37.51,33.0,4719.0,,1980.0,757.0,6.1064,405000.0,NEAR OCEAN,441715.47,36715.46999999997,9.06554814814814
-118.86,34.07,16.0,1409.0,244.0,970.0,172.0,8.0144,500001.0,NEAR OCEAN,457623.63,42377.369999999995,8.4754570490859
-122.65,38.97,32.0,1856.0,472.0,703.0,292.0,1.1912,60000.0,INLAND,74733.0,14733.0,24.555
-121.91,37.69,23.0,2179.0,308.0,926.0,299.0,5.9345,259600.0,<1H OCEAN,274803.02,15203.020000000019,5.856325115562411
-120.43,34.87,21.0,2131.0,329.0,1094.0,353.0,4.6648,193000.0,<1H OCEAN,182524.0,10476.0,5.427979274611399
-122.44,37.79,52.0,2045.0,353.0,722.0,327.0,8.0755,500001.0,NEAR BAY,478558.82,21442.179999999993,4.288427423145152
-117.02,32.78,31.0,2567.0,,1198.0,499.0,3.4659,163000.0,<1H OCEAN,158625.0,4375.0,2.6840490797546015
-117.83,33.82,23.0,1100.0,285.0,940.0,267.0,3.6953,150000.0,<1H OCEAN,188532.0,38532.0,25.688
-117.08,32.69,31.0,2558.0,487.0,1938.0,492.0,3.4875,117000.0,NEAR OCEAN,124536.0,7536.0,6.441025641025641
-120.1,39.19,17.0,1480.0,241.0,202.0,80.0,3.9375,213200.0,INLAND,150821.0,62379.0,29.25844277673546
-122.65,38.99,16.0,4279.0,951.0,1596.0,666.0,1.8571,75900.0,INLAND,95185.0,19285.0,25.408432147562582
-115.69,32.79,18.0,1564.0,340.0,1161.0,343.0,2.1792,55200.0,INLAND,67678.0,12478.0,22.605072463768117
-121.66,36.37,9.0,1580.0,287.0,465.0,208.0,6.1668,405800.0,<1H OCEAN,294141.05,111658.95000000001,27.515758994578615
-122.39,40.52,24.0,2068.0,346.0,951.0,332.0,3.9306,85900.0,INLAND,120013.0,34113.0,39.71245634458673
-116.29,33.72,5.0,3584.0,760.0,1097.0,470.0,3.1771,167400.0,INLAND,135037.0,32363.0,19.33273596176822
-117.71,33.63,16.0,1565.0,274.0,950.0,280.0,5.8399,220600.0,<1H OCEAN,267524.02,46924.02000000002,21.271087941976436
-121.8,37.31,21.0,2630.0,446.0,1789.0,389.0,5.0543,232000.0,<1H OCEAN,246608.04,14608.040000000008,6.2965689655172445
-116.46,33.78,33.0,2565.0,745.0,2301.0,638.0,2.5477,83000.0,INLAND,107604.0,24604.0,29.643373493975904
-118.31,33.83,45.0,2929.0,755.0,1635.0,652.0,2.9375,273000.0,<1H OCEAN,234158.0,38842.0,14.227838827838829
-120.25,36.65,31.0,1177.0,221.0,744.0,223.0,2.4937,66000.0,INLAND,74670.0,8670.0,13.136363636363638
-118.08,33.98,36.0,1492.0,282.0,1041.0,270.0,4.0677,165800.0,<1H OCEAN,171288.0,5488.0,3.310012062726176
-121.85,37.26,16.0,1982.0,280.0,1030.0,297.0,6.4339,289200.0,<1H OCEAN,268947.0,20253.0,7.003112033195021
-121.73,36.93,29.0,2931.0,535.0,1954.0,506.0,3.2917,224700.0,<1H OCEAN,180250.0,44450.0,19.781931464174455
-118.38,34.03,44.0,1913.0,441.0,1295.0,432.0,3.9537,266400.0,<1H OCEAN,280531.05,14131.049999999988,5.304448198198194
-118.04,33.83,19.0,4526.0,830.0,2318.0,748.0,4.6681,320700.0,<1H OCEAN,218215.0,102485.0,31.956657312129717
-122.49,38.27,8.0,5092.0,988.0,1657.0,936.0,3.5625,213200.0,NEAR BAY,232053.0,18853.0,8.842870544090056
-120.08,39.61,32.0,1404.0,247.0,544.0,201.0,2.7778,72900.0,INLAND,78259.0,5359.0,7.35116598079561
-116.6,33.06,23.0,1731.0,365.0,612.0,258.0,2.7813,172900.0,INLAND,131148.0,41752.0,24.14806246385194
-118.37,34.18,42.0,1140.0,300.0,643.0,252.0,3.3958,178400.0,<1H OCEAN,210740.0,32340.0,18.127802690582957
-117.12,32.75,13.0,2795.0,773.0,1869.0,690.0,2.1767,101800.0,NEAR OCEAN,115668.0,13868.0,13.62278978388998
-121.91,37.23,22.0,2614.0,453.0,1240.0,462.0,6.0712,271800.0,<1H OCEAN,297755.0,25955.0,9.549300956585725
-119.78,36.71,35.0,1987.0,394.0,1233.0,383.0,1.3587,45300.0,INLAND,58525.0,13225.0,29.194260485651213
-118.25,34.07,18.0,4297.0,1420.0,4332.0,1286.0,2.2545,192500.0,<1H OCEAN,205318.0,12818.0,6.658701298701299
-121.68,36.72,12.0,19234.0,4492.0,12153.0,4372.0,3.2652,152800.0,<1H OCEAN,192395.0,39595.0,25.912958115183244
-118.19,33.91,35.0,2695.0,748.0,2935.0,706.0,2.0134,132400.0,<1H OCEAN,136862.01,4462.010000000009,3.3700981873111853
-119.73,34.44,48.0,2114.0,390.0,973.0,367.0,4.8021,351100.0,NEAR OCEAN,327774.03,23325.969999999972,6.6436827114782036
-116.94,32.84,32.0,1607.0,253.0,778.0,262.0,4.5278,166300.0,<1H OCEAN,162945.0,3355.0,2.017438364401684
-120.19,39.32,16.0,1536.0,298.0,646.0,208.0,2.3594,155700.0,INLAND,112856.0,42844.0,27.517019910083494
-118.36,34.18,34.0,1471.0,423.0,995.0,386.0,2.9583,188700.0,<1H OCEAN,205607.0,16907.0,8.959724430312665
-122.09,37.36,37.0,2269.0,325.0,930.0,321.0,7.5274,500001.0,NEAR BAY,483831.77,16169.229999999981,3.233839532320932
-122.28,37.83,52.0,1511.0,390.0,901.0,403.0,1.4103,103900.0,NEAR BAY,121389.0,17489.0,16.832531280077
-121.19,39.05,14.0,1131.0,193.0,520.0,178.0,3.9,180400.0,INLAND,166276.0,14124.0,7.829268292682927
-122.27,37.77,52.0,1731.0,377.0,872.0,363.0,4.1667,225800.0,NEAR BAY,261261.0,35461.0,15.70460584588131
-118.16,34.19,44.0,2195.0,449.0,1377.0,417.0,3.5887,153500.0,<1H OCEAN,214284.0,60784.0,39.59869706840391
-118.18,34.04,44.0,1079.0,275.0,1249.0,249.0,3.0417,141700.0,<1H OCEAN,141979.0,279.0,0.19689484827099504
-121.06,40.23,23.0,1127.0,225.0,215.0,85.0,3.4844,143800.0,INLAND,98846.0,44954.0,31.261474269819196
-120.06,37.02,13.0,6301.0,1080.0,3840.0,1033.0,3.5258,84900.0,INLAND,105560.0,20660.0,24.334511189634863
-121.97,37.36,34.0,884.0,153.0,534.0,154.0,6.0116,271200.0,<1H OCEAN,305284.0,34084.0,12.567846607669617
-117.09,32.7,15.0,869.0,217.0,887.0,216.0,1.4583,84200.0,NEAR OCEAN,107038.0,22838.0,27.12351543942993
-122.43,37.76,52.0,3708.0,849.0,1531.0,822.0,3.3565,386400.0,NEAR BAY,376174.03,10225.969999999972,2.646472567287778
-122.1,37.68,37.0,2116.0,503.0,1109.0,448.0,2.535,174000.0,NEAR BAY,176906.0,2906.0,1.6701149425287356
-118.31,33.92,35.0,1307.0,246.0,672.0,219.0,4.8456,146400.0,<1H OCEAN,167063.0,20663.0,14.114071038251366
-117.35,34.04,14.0,2991.0,522.0,1729.0,537.0,3.5139,146800.0,INLAND,118569.0,28231.0,19.230926430517712
-117.91,34.04,15.0,8749.0,1761.0,5278.0,1691.0,4.6324,168800.0,<1H OCEAN,237738.0,68938.0,40.840047393364934
-118.08,34.0,32.0,1165.0,358.0,997.0,361.0,0.9817,166300.0,<1H OCEAN,171087.0,4787.0,2.878532772098617
-120.62,37.35,18.0,874.0,203.0,572.0,190.0,1.6833,71000.0,INLAND,93514.0,22514.0,31.709859154929575
-117.66,35.63,33.0,2579.0,564.0,1155.0,431.0,2.0441,42100.0,INLAND,66993.0,24893.0,59.128266033254164
-122.68,38.43,18.0,2723.0,529.0,1150.0,520.0,3.5885,191900.0,<1H OCEAN,174110.0,17790.0,9.270453361125586
-118.4,34.09,45.0,2686.0,283.0,857.0,259.0,15.0001,500001.0,<1H OCEAN,500001.0,0.0,0.0
-118.35,34.03,43.0,2122.0,524.0,1510.0,436.0,2.2273,123300.0,<1H OCEAN,144648.0,21348.0,17.313868613138688
-121.95,37.32,20.0,1145.0,198.0,431.0,173.0,3.1103,281900.0,<1H OCEAN,243652.0,38248.0,13.567931890741397
-117.07,32.71,26.0,4151.0,823.0,2822.0,697.0,2.8372,123400.0,NEAR OCEAN,131428.0,8028.0,6.5056726094003245
-117.71,34.12,20.0,11250.0,1893.0,4952.0,1859.0,5.6785,239500.0,INLAND,226008.0,13492.0,5.633402922755741
-121.95,37.52,33.0,3994.0,764.0,2721.0,763.0,5.2308,196900.0,<1H OCEAN,246301.01,49401.01000000001,25.089390553580504
-121.35,38.51,29.0,2337.0,391.0,1054.0,352.0,4.2206,157700.0,INLAND,142021.0,15679.0,9.942295497780595
-122.01,37.37,25.0,2213.0,360.0,1066.0,390.0,7.2165,360900.0,<1H OCEAN,350017.02,10882.979999999981,3.015511221945132
-118.31,34.26,41.0,1297.0,327.0,733.0,315.0,3.0583,160300.0,<1H OCEAN,234032.01,73732.01000000001,45.996263256394265
-122.04,37.35,20.0,2016.0,313.0,767.0,310.0,6.837,383000.0,<1H OCEAN,347319.05,35680.95000000001,9.31617493472585
-117.03,32.72,38.0,886.0,176.0,505.0,188.0,3.5938,125400.0,NEAR OCEAN,137762.0,12362.0,9.85805422647528
-118.61,34.21,33.0,2609.0,431.0,1208.0,406.0,5.4527,227100.0,<1H OCEAN,262120.0,35020.0,15.420519594892118
-121.36,38.39,10.0,5121.0,763.0,2568.0,758.0,5.2447,148100.0,INLAND,181147.0,33047.0,22.313977042538824
-118.26,33.91,39.0,935.0,210.0,711.0,193.0,2.4375,101900.0,<1H OCEAN,105671.0,3771.0,3.7006869479882236
-117.21,34.51,17.0,4379.0,629.0,1720.0,595.0,5.086,148400.0,INLAND,188163.0,39763.0,26.794474393530997
-122.21,38.1,36.0,3018.0,557.0,1445.0,556.0,3.8029,129900.0,NEAR BAY,135110.0,5210.0,4.010777521170131
-117.98,33.84,35.0,984.0,179.0,661.0,199.0,5.0747,189600.0,<1H OCEAN,202305.0,12705.0,6.700949367088607
-122.4,37.76,52.0,1529.0,385.0,1347.0,348.0,2.9312,239100.0,NEAR BAY,247742.0,8642.0,3.6143872856545376
-118.33,34.15,39.0,493.0,168.0,259.0,138.0,2.3667,17500.0,<1H OCEAN,254023.08,236523.08,1351.560457142857
-118.36,33.92,26.0,3695.0,1144.0,2308.0,1009.0,2.6667,229300.0,<1H OCEAN,206198.0,23102.0,10.075010902747493
-122.07,37.67,38.0,2104.0,409.0,1039.0,394.0,3.875,165300.0,NEAR BAY,203224.0,37924.0,22.942528735632184
-117.39,34.13,9.0,2228.0,398.0,1316.0,370.0,4.1632,119800.0,INLAND,136824.0,17024.0,14.21035058430718
-121.1,38.92,21.0,4064.0,871.0,1847.0,859.0,3.0321,135500.0,INLAND,139572.0,4072.0,3.0051660516605168
-121.28,37.96,28.0,1942.0,724.0,1618.0,638.0,0.9365,52500.0,INLAND,77117.0,24617.0,46.88952380952381
-117.68,34.07,32.0,1775.0,314.0,1067.0,302.0,4.0375,121300.0,INLAND,143912.0,22612.0,18.64138499587799
-118.5,34.19,26.0,2156.0,509.0,1142.0,470.0,4.0,224700.0,<1H OCEAN,248452.0,23752.0,10.57053849577214
-122.35,37.93,28.0,1995.0,488.0,1182.0,439.0,2.3352,84300.0,NEAR BAY,106933.0,22633.0,26.848161328588375
-117.18,32.69,48.0,2764.0,491.0,978.0,449.0,5.1249,432400.0,NEAR OCEAN,419390.29,13009.710000000021,3.0087210915818736
-121.87,39.74,7.0,1737.0,290.0,747.0,265.0,3.9,147000.0,INLAND,127590.0,19410.0,13.204081632653061
-118.01,34.55,2.0,2701.0,530.0,1368.0,430.0,4.071,137400.0,INLAND,163465.0,26065.0,18.970160116448326
-117.95,33.99,15.0,3978.0,692.0,2418.0,665.0,5.0142,269900.0,<1H OCEAN,234043.0,35857.0,13.285290848462395
-124.14,41.95,21.0,2696.0,578.0,1208.0,494.0,2.275,122400.0,NEAR OCEAN,94927.0,27473.0,22.4452614379085
-120.79,38.83,15.0,1374.0,291.0,709.0,239.0,1.7222,118500.0,INLAND,108566.0,9934.0,8.383122362869198
-121.38,38.49,11.0,8537.0,1643.0,4224.0,1648.0,2.9647,108900.0,INLAND,114123.0,5223.0,4.796143250688705
-118.13,34.18,52.0,1464.0,211.0,603.0,226.0,5.8309,309100.0,INLAND,312711.01,3611.0100000000093,1.168233581365257
-117.28,34.09,44.0,376.0,,273.0,107.0,2.2917,90800.0,INLAND,91886.0,1086.0,1.196035242290749
-117.14,32.71,52.0,1225.0,332.0,955.0,321.0,1.6011,106300.0,NEAR OCEAN,92099.0,14201.0,13.359360301034807
-122.42,38.31,18.0,1479.0,246.0,550.0,217.0,4.7356,333300.0,NEAR BAY,236866.01,96433.98999999999,28.933090309030902
-119.61,36.33,32.0,1492.0,284.0,926.0,264.0,3.0139,61500.0,INLAND,76980.0,15480.0,25.170731707317074
-117.89,34.07,35.0,834.0,137.0,392.0,123.0,4.5179,218800.0,<1H OCEAN,185920.0,32880.0,15.027422303473493
-118.37,34.21,36.0,2080.0,455.0,1939.0,484.0,4.2875,176600.0,<1H OCEAN,188979.0,12379.0,7.009626274065685
-124.17,40.62,32.0,1595.0,309.0,706.0,277.0,2.8958,86400.0,NEAR OCEAN,89571.0,3171.0,3.670138888888889
-121.17,37.97,28.0,1374.0,248.0,769.0,229.0,3.6389,130400.0,INLAND,150276.0,19876.0,15.242331288343557
-121.51,38.54,34.0,2815.0,479.0,1075.0,471.0,3.9792,164800.0,INLAND,164509.0,291.0,0.17657766990291263
-122.18,37.78,50.0,1642.0,322.0,713.0,284.0,3.2984,160700.0,NEAR BAY,181338.0,20638.0,12.842563783447417
-118.44,34.06,13.0,4833.0,1119.0,1649.0,807.0,6.2389,500001.0,<1H OCEAN,369224.13,130776.87,26.15532168935662
-122.27,37.85,47.0,1375.0,307.0,843.0,319.0,1.3785,142300.0,NEAR BAY,134534.0,7766.0,5.457484188334504
-121.47,38.52,42.0,2316.0,515.0,1597.0,522.0,1.8205,60400.0,INLAND,70151.0,9751.0,16.144039735099337
-122.13,38.26,40.0,1538.0,255.0,669.0,263.0,3.3281,170200.0,NEAR BAY,135831.0,34369.0,20.193301997649822
-122.05,37.33,21.0,2052.0,346.0,933.0,351.0,5.3167,416300.0,<1H OCEAN,333219.02,83080.97999999998,19.956997357674748
-118.32,34.1,30.0,2193.0,965.0,2197.0,836.0,1.8277,137500.0,<1H OCEAN,227622.01,90122.01000000001,65.54328000000001
-117.02,32.71,20.0,4050.0,745.0,2870.0,761.0,3.7366,121800.0,NEAR OCEAN,135172.0,13372.0,10.978653530377668
-122.01,37.18,37.0,3852.0,652.0,1534.0,567.0,5.8596,318700.0,<1H OCEAN,385089.07,66389.07,20.83121117037967
-122.09,37.4,26.0,3218.0,1021.0,2087.0,964.0,3.2875,182700.0,NEAR BAY,268437.01,85737.01000000001,46.92775588396279
-118.27,33.99,38.0,1407.0,447.0,1783.0,402.0,1.8086,97100.0,<1H OCEAN,100595.0,3495.0,3.599382080329557
-118.19,33.95,41.0,1368.0,309.0,1244.0,312.0,3.0833,164800.0,<1H OCEAN,156620.0,8180.0,4.963592233009709
-117.23,32.99,17.0,2718.0,326.0,1011.0,319.0,15.0001,500001.0,NEAR OCEAN,493431.82,6569.179999999993,1.313833372333254
-114.6,33.62,16.0,3741.0,801.0,2434.0,824.0,2.6797,86500.0,INLAND,76807.0,9693.0,11.20578034682081
-118.16,34.17,52.0,1193.0,228.0,703.0,221.0,3.1741,163800.0,<1H OCEAN,208412.0,44612.0,27.235653235653235
-122.47,37.78,52.0,2275.0,412.0,1166.0,424.0,4.0652,421300.0,NEAR BAY,401051.03,20248.969999999972,4.806306669831467
-118.32,34.1,28.0,1759.0,716.0,1463.0,620.0,1.7306,450000.0,<1H OCEAN,208731.0,241269.0,53.61533333333334
-117.67,33.51,18.0,1645.0,393.0,1490.0,355.0,3.4792,126400.0,<1H OCEAN,177836.0,51436.0,40.69303797468354
-122.47,37.74,52.0,3797.0,668.0,1633.0,658.0,5.6787,363600.0,NEAR BAY,433034.47,69434.46999999997,19.09638888888888
-117.22,32.81,21.0,1703.0,335.0,902.0,369.0,3.7813,362500.0,NEAR OCEAN,213082.01,149417.99,41.21875586206896
-122.28,37.87,52.0,589.0,132.0,288.0,131.0,3.5156,200000.0,NEAR BAY,201710.0,1710.0,0.855
-118.34,34.04,42.0,1681.0,360.0,987.0,337.0,2.6,171400.0,<1H OCEAN,174322.0,2922.0,1.7047841306884481
-118.4,34.03,13.0,6152.0,1978.0,3397.0,1845.0,3.4058,275000.0,<1H OCEAN,291846.05,16846.04999999999,6.12583636363636
-117.85,33.76,33.0,1866.0,327.0,1053.0,371.0,4.5461,213800.0,<1H OCEAN,213425.01,374.9899999999907,0.17539289055191332
-117.26,32.81,25.0,2076.0,586.0,1060.0,554.0,2.8421,227800.0,NEAR OCEAN,239218.01,11418.01000000001,5.012295873573314
-118.43,34.05,52.0,1693.0,290.0,727.0,305.0,6.7115,500001.0,<1H OCEAN,456265.59,43735.409999999974,8.747064505870982
-122.74,38.45,25.0,2696.0,496.0,1296.0,514.0,4.0798,179200.0,<1H OCEAN,204236.0,25036.0,13.970982142857144
-119.18,34.21,46.0,2062.0,484.0,1522.0,469.0,3.087,213900.0,NEAR OCEAN,193670.0,20230.0,9.457690509583918
-122.49,37.69,35.0,2576.0,443.0,1273.0,433.0,4.7391,272800.0,NEAR OCEAN,275137.0,2337.0,0.8566715542521993
-117.51,33.88,24.0,3044.0,602.0,2541.0,564.0,4.131,123800.0,INLAND,155039.0,31239.0,25.233441033925686
-117.4,34.0,24.0,2316.0,599.0,1829.0,532.0,1.6955,86800.0,INLAND,95102.0,8302.0,9.564516129032258
-122.19,37.76,49.0,1368.0,282.0,790.0,269.0,1.7056,91400.0,NEAR BAY,86379.0,5021.0,5.493435448577681
-116.97,32.56,23.0,1262.0,294.0,5176.0,275.0,2.5625,153300.0,NEAR OCEAN,136226.0,17074.0,11.137638617090671
-122.32,37.92,22.0,1119.0,220.0,565.0,199.0,3.3594,186900.0,NEAR BAY,231510.06,44610.06,23.868410914927768
-121.78,37.69,35.0,2853.0,588.0,1761.0,572.0,4.3533,168400.0,INLAND,190651.0,22251.0,13.213182897862232
-118.26,33.97,44.0,1246.0,308.0,1031.0,295.0,1.9556,96300.0,<1H OCEAN,99352.0,3052.0,3.1692627206645896
-122.69,38.37,8.0,6322.0,1001.0,2969.0,1043.0,4.8233,214000.0,<1H OCEAN,206477.0,7523.0,3.515420560747663
-118.25,33.99,41.0,2215.0,544.0,2054.0,480.0,1.5272,100300.0,<1H OCEAN,99542.0,758.0,0.7557328015952144
-117.06,32.63,29.0,4168.0,742.0,2096.0,713.0,4.2204,169800.0,NEAR OCEAN,165391.0,4409.0,2.5965842167255593
-118.22,33.9,22.0,312.0,107.0,583.0,119.0,1.9423,98400.0,<1H OCEAN,127108.0,28708.0,29.17479674796748
-118.32,34.06,52.0,955.0,100.0,457.0,120.0,15.0001,500001.0,<1H OCEAN,500001.0,0.0,0.0
-117.14,33.18,11.0,5546.0,974.0,2300.0,970.0,3.7109,199800.0,<1H OCEAN,187195.0,12605.0,6.308808808808809
-118.14,33.97,31.0,1161.0,267.0,1175.0,282.0,3.0114,177000.0,<1H OCEAN,172280.0,4720.0,2.666666666666667
-117.19,34.27,16.0,7961.0,1147.0,879.0,280.0,5.2146,255200.0,INLAND,174630.0,80570.0,31.571316614420063
-122.72,38.43,31.0,2020.0,476.0,1408.0,437.0,2.5735,131100.0,<1H OCEAN,159854.0,28754.0,21.932875667429443
-122.09,37.64,36.0,1885.0,307.0,853.0,271.0,4.1141,173100.0,NEAR BAY,201484.04,28384.040000000008,16.397481224725595
-117.27,34.13,36.0,3337.0,687.0,2388.0,589.0,2.9628,87800.0,INLAND,90135.0,2335.0,2.6594533029612757
-116.98,32.75,25.0,4137.0,662.0,1905.0,630.0,4.375,214000.0,<1H OCEAN,177827.0,36173.0,16.903271028037384
-122.12,37.82,26.0,2269.0,317.0,918.0,313.0,6.6657,364500.0,NEAR BAY,347997.01,16502.98999999999,4.527569272976678
-121.96,37.95,25.0,4026.0,791.0,1850.0,709.0,4.1483,181200.0,INLAND,182433.0,1233.0,0.6804635761589404
-117.31,33.16,17.0,1704.0,263.0,781.0,281.0,5.6605,224400.0,NEAR OCEAN,307605.07,83205.07,37.07890819964349
-124.15,40.8,47.0,1486.0,335.0,765.0,329.0,1.755,74100.0,NEAR OCEAN,66614.0,7486.0,10.102564102564102
-117.76,35.63,12.0,2014.0,372.0,1027.0,356.0,3.9261,101300.0,INLAND,88070.0,13230.0,13.060217176702862
-121.49,38.63,6.0,12197.0,2617.0,5634.0,2329.0,3.7449,129300.0,INLAND,142061.0,12761.0,9.869296210363496
-119.25,36.32,32.0,1821.0,345.0,812.0,299.0,2.75,72200.0,INLAND,77925.0,5725.0,7.929362880886427
-120.62,38.71,10.0,6305.0,1150.0,2597.0,921.0,4.0197,132200.0,INLAND,153711.0,21511.0,16.271558245083206
-118.18,33.8,15.0,2407.0,589.0,1591.0,506.0,3.0513,148100.0,NEAR OCEAN,200151.01,52051.01000000001,35.145854152599604
-118.06,33.99,47.0,1588.0,309.0,827.0,292.0,3.7833,166100.0,<1H OCEAN,196845.0,30745.0,18.509933774834437
-122.11,37.7,19.0,2693.0,789.0,1765.0,724.0,2.4206,137500.0,NEAR BAY,167283.0,29783.0,21.660363636363638
-119.33,35.6,32.0,2703.0,683.0,2682.0,675.0,1.4619,60500.0,INLAND,53602.0,6898.0,11.401652892561984
-118.41,33.92,22.0,2340.0,584.0,1141.0,554.0,4.5729,337500.0,<1H OCEAN,364825.02,27325.02000000002,8.096302222222228
-121.99,37.53,25.0,5405.0,939.0,2831.0,923.0,5.0423,222200.0,<1H OCEAN,247334.0,25134.0,11.311431143114312
-119.82,34.45,24.0,3592.0,533.0,1683.0,528.0,6.7247,333800.0,NEAR OCEAN,386580.11,52780.109999999986,15.811896345116832
-117.08,32.75,20.0,1989.0,508.0,1452.0,462.0,2.0077,118300.0,NEAR OCEAN,110592.0,7708.0,6.5156382079459005
-117.21,32.8,34.0,1398.0,222.0,532.0,244.0,3.7102,289600.0,NEAR OCEAN,214175.05,75424.95000000001,26.04452693370166
-117.0,32.76,31.0,2545.0,373.0,956.0,342.0,4.3977,226800.0,<1H OCEAN,183755.0,43045.0,18.97927689594356
-120.35,36.16,18.0,1519.0,296.0,846.0,272.0,2.7792,85300.0,INLAND,76965.0,8335.0,9.771395076201642
-117.08,33.12,37.0,1060.0,268.0,823.0,229.0,1.8363,145500.0,<1H OCEAN,137823.0,7677.0,5.276288659793814
-118.39,34.03,25.0,3442.0,1050.0,1890.0,914.0,3.0574,319400.0,<1H OCEAN,327149.1,7749.099999999977,2.4261427676894107
-121.3,37.98,47.0,2373.0,461.0,990.0,444.0,4.175,98300.0,INLAND,160188.0,61888.0,62.958290946083416
-119.85,34.4,14.0,2307.0,650.0,5723.0,615.0,2.1652,37500.0,NEAR OCEAN,212443.04,174943.04,466.5147733333334
-117.64,33.45,26.0,1528.0,,607.0,218.0,6.2871,325500.0,NEAR OCEAN,356256.25,30756.25,9.448924731182796
-117.73,34.07,33.0,1921.0,489.0,1430.0,467.0,2.3406,122600.0,INLAND,119019.0,3581.0,2.920880913539967
-118.31,33.87,27.0,3348.0,695.0,1545.0,625.0,4.7543,296300.0,<1H OCEAN,272502.0,23798.0,8.031724603442457
-118.1,34.06,36.0,1463.0,369.0,1492.0,366.0,3.25,179200.0,<1H OCEAN,165704.0,13496.0,7.53125
-121.97,37.77,13.0,7241.0,1007.0,3221.0,947.0,7.2216,324600.0,<1H OCEAN,341531.01,16931.01000000001,5.215961182994457
-122.08,37.4,52.0,766.0,203.0,448.0,196.0,2.5208,316700.0,NEAR BAY,205512.0,111188.0,35.108304389011685
-121.92,37.72,4.0,7477.0,1576.0,2937.0,1506.0,5.1437,299400.0,<1H OCEAN,253732.0,45668.0,15.25317301269205
-117.8,33.69,13.0,1161.0,289.0,630.0,296.0,3.3438,333300.0,<1H OCEAN,205830.01,127469.98999999999,38.24482148214821
-117.89,33.74,32.0,1562.0,365.0,2145.0,347.0,2.9167,158400.0,<1H OCEAN,164092.0,5692.0,3.593434343434344
-118.09,34.12,45.0,2966.0,415.0,1231.0,409.0,7.8347,500001.0,<1H OCEAN,477894.57,22106.429999999993,4.421277157445683
-117.26,33.02,9.0,4632.0,759.0,1724.0,685.0,6.3712,369800.0,NEAR OCEAN,333399.06,36400.94,9.843412655489454
-118.06,33.82,24.0,3983.0,675.0,1568.0,638.0,4.6458,213400.0,<1H OCEAN,223473.0,10073.0,4.720243673851921
-117.59,33.41,17.0,2248.0,448.0,878.0,423.0,5.1298,246000.0,NEAR OCEAN,322641.08,76641.08000000002,31.1549105691057
-117.39,33.98,37.0,2337.0,452.0,948.0,437.0,3.145,169100.0,INLAND,122928.0,46172.0,27.304553518628033
-118.54,34.25,26.0,2639.0,378.0,1191.0,401.0,6.2788,322200.0,<1H OCEAN,292649.01,29550.98999999999,9.171629422718805
-122.23,38.12,49.0,2715.0,435.0,1006.0,429.0,4.2308,145800.0,NEAR BAY,175195.0,29395.0,20.161179698216735
-118.11,33.89,35.0,1139.0,197.0,772.0,233.0,4.375,204700.0,<1H OCEAN,190163.0,14537.0,7.101612115290669
-122.32,37.95,37.0,1887.0,353.0,895.0,359.0,4.45,196600.0,NEAR BAY,181735.0,14865.0,7.5610376398779255
-121.02,37.61,33.0,1469.0,370.0,1318.0,349.0,1.7104,59000.0,INLAND,87557.0,28557.0,48.40169491525424
-116.31,33.65,8.0,3079.0,558.0,1572.0,474.0,4.5938,102600.0,INLAND,199016.0,96416.0,93.97270955165692
-117.24,34.15,23.0,3847.0,608.0,1621.0,630.0,4.6111,128400.0,INLAND,143453.0,15053.0,11.723520249221183
-122.1,37.66,35.0,686.0,142.0,480.0,149.0,3.875,162100.0,NEAR BAY,172993.0,10893.0,6.719925971622455
-118.45,34.03,41.0,2083.0,528.0,993.0,481.0,4.0231,353900.0,<1H OCEAN,427902.45,74002.45000000001,20.91055382876519
-121.31,38.71,18.0,3998.0,744.0,2071.0,660.0,4.3836,102000.0,INLAND,139844.0,37844.0,37.101960784313725
-117.98,34.04,29.0,1468.0,310.0,1390.0,276.0,3.75,190600.0,<1H OCEAN,165629.0,24971.0,13.101259181532004
-120.14,36.04,27.0,2533.0,518.0,1371.0,461.0,2.9708,60900.0,INLAND,75146.0,14246.0,23.392446633825944
-117.96,33.65,23.0,5379.0,684.0,1826.0,555.0,7.0151,350600.0,<1H OCEAN,339298.0,11302.0,3.2236166571591554
-121.78,37.34,21.0,1959.0,292.0,891.0,300.0,7.375,338400.0,<1H OCEAN,333633.02,4766.979999999981,1.4086820330969212
-117.81,33.73,17.0,1063.0,189.0,363.0,183.0,2.1719,261300.0,<1H OCEAN,176133.02,85166.98000000001,32.593562954458484
-118.27,34.08,38.0,2265.0,801.0,2899.0,792.0,2.5521,157500.0,<1H OCEAN,193294.0,35794.0,22.726349206349205
-117.19,32.77,9.0,634.0,152.0,248.0,133.0,3.8571,143800.0,NEAR OCEAN,209283.02,65483.01999999999,45.53756606397774
-118.28,34.11,46.0,1156.0,203.0,514.0,213.0,4.2019,352100.0,<1H OCEAN,302823.02,49276.97999999998,13.99516614598125
-122.13,37.66,19.0,862.0,167.0,407.0,183.0,4.3456,163000.0,NEAR BAY,207513.0,44513.0,27.308588957055214
-117.36,33.97,32.0,1625.0,335.0,1212.0,327.0,2.7596,82200.0,INLAND,99980.0,17780.0,21.630170316301705
-118.56,34.22,34.0,1599.0,294.0,819.0,306.0,4.3194,197000.0,<1H OCEAN,220132.0,23132.0,11.742131979695431
-120.21,36.98,21.0,1667.0,303.0,861.0,276.0,2.6012,92200.0,INLAND,79497.0,12703.0,13.77765726681128
-118.15,33.78,12.0,4436.0,1133.0,2176.0,1002.0,3.5812,198600.0,NEAR OCEAN,245916.01,47316.01000000001,23.824778449144013
-121.42,38.6,36.0,1327.0,209.0,613.0,230.0,3.8672,111400.0,INLAND,135895.0,24495.0,21.988330341113105
-118.18,33.77,37.0,2653.0,754.0,1087.0,698.0,2.3523,325000.0,NEAR OCEAN,183678.0,141322.0,43.48369230769231
-117.11,32.69,36.0,1421.0,367.0,1418.0,355.0,1.9425,93400.0,NEAR OCEAN,88478.0,4922.0,5.269807280513918
-118.42,34.29,34.0,1489.0,326.0,1389.0,313.0,3.4821,160300.0,<1H OCEAN,154304.0,5996.0,3.7404865876481597
-118.74,34.05,19.0,3487.0,686.0,2782.0,584.0,7.9184,500001.0,NEAR OCEAN,454549.59,45451.409999999974,9.090263819472357
-122.44,37.8,52.0,3149.0,719.0,1145.0,658.0,4.625,500001.0,NEAR BAY,497422.92,2578.0800000000163,0.5156149687700657
-118.34,34.11,40.0,5485.0,1242.0,2034.0,1133.0,3.6974,500001.0,<1H OCEAN,360551.13,139449.87,27.88991822016356
-121.4,38.62,28.0,3671.0,886.0,1733.0,820.0,2.2292,113200.0,INLAND,112136.0,1064.0,0.9399293286219081
-122.14,37.74,52.0,1071.0,201.0,440.0,192.0,4.0662,204200.0,NEAR BAY,202059.0,2141.0,1.0484818805093046
-116.16,33.68,12.0,1230.0,277.0,1334.0,260.0,2.2679,61400.0,INLAND,72042.0,10642.0,17.332247557003257
-121.88,37.34,40.0,1547.0,625.0,1493.0,543.0,1.2887,212500.0,<1H OCEAN,204777.0,7723.0,3.6343529411764703
-117.64,33.62,16.0,3970.0,771.0,1202.0,734.0,3.4115,184800.0,<1H OCEAN,223049.05,38249.04999999999,20.697537878787873
-118.32,34.11,33.0,5135.0,1450.0,2404.0,1292.0,3.2462,435700.0,<1H OCEAN,309755.04,125944.96000000002,28.90634840486574
-117.91,33.87,29.0,1121.0,,762.0,276.0,2.5,143800.0,<1H OCEAN,194241.01,50441.01000000001,35.077197496522956
-118.05,33.99,42.0,2480.0,401.0,1085.0,438.0,5.193,263400.0,<1H OCEAN,269039.02,5639.020000000019,2.140858010630227
-118.42,34.25,37.0,1545.0,341.0,1909.0,352.0,3.6791,148100.0,<1H OCEAN,153482.0,5382.0,3.634031060094531
-120.77,37.01,28.0,1689.0,378.0,1057.0,267.0,3.125,156300.0,INLAND,118676.0,37624.0,24.071657069737682
-118.35,34.18,46.0,1840.0,379.0,866.0,360.0,3.3056,230400.0,<1H OCEAN,242815.01,12415.01000000001,5.388459201388892
-118.3,34.11,25.0,1590.0,218.0,568.0,206.0,8.4389,500001.0,<1H OCEAN,464775.66,35225.340000000026,7.045053909892185
-117.93,33.87,10.0,1277.0,488.0,730.0,417.0,1.4803,137500.0,<1H OCEAN,154925.0,17425.0,12.672727272727272
-117.55,34.25,39.0,1578.0,317.0,872.0,322.0,4.555,153100.0,INLAND,169846.0,16746.0,10.937949052906596
-122.17,37.74,34.0,1223.0,281.0,824.0,280.0,2.2917,92500.0,NEAR BAY,92552.0,52.0,0.05621621621621621
-117.61,34.09,23.0,1945.0,362.0,1483.0,383.0,4.4205,135500.0,INLAND,147424.0,11924.0,8.799999999999999
-121.17,38.68,37.0,1252.0,267.0,686.0,256.0,3.0,121900.0,INLAND,116850.0,5050.0,4.142739950779328
-122.41,37.61,46.0,2975.0,643.0,1479.0,577.0,3.8214,273600.0,NEAR OCEAN,277532.0,3932.0,1.4371345029239766
-118.46,34.3,32.0,2424.0,476.0,2291.0,419.0,4.0337,158500.0,<1H OCEAN,173237.0,14737.0,9.297791798107255
-122.7,38.35,16.0,1328.0,187.0,607.0,197.0,5.0366,257800.0,<1H OCEAN,223936.01,33863.98999999999,13.135760279286265
-122.06,37.73,5.0,3596.0,467.0,1738.0,512.0,7.0568,412500.0,NEAR BAY,349733.09,62766.909999999974,15.216220606060599
-121.81,38.45,24.0,1951.0,341.0,1140.0,338.0,3.7061,128500.0,INLAND,150778.0,22278.0,17.336964980544746
-117.65,34.14,9.0,3877.0,490.0,1815.0,490.0,8.4839,406700.0,INLAND,313307.0,93393.0,22.963609540201624
-122.45,37.72,52.0,982.0,197.0,653.0,171.0,4.2167,231900.0,NEAR BAY,248906.0,17006.0,7.333333333333333
-121.76,37.0,21.0,1416.0,269.0,779.0,200.0,3.1987,279800.0,<1H OCEAN,225415.02,54384.98000000001,19.437090779127953
-122.44,37.66,21.0,5108.0,1510.0,3288.0,1405.0,3.1927,252600.0,NEAR OCEAN,281718.0,29118.0,11.52731591448931
-117.93,33.83,32.0,1792.0,411.0,1131.0,381.0,2.4942,186300.0,<1H OCEAN,185807.0,493.0,0.2646269457863661
-118.36,34.19,46.0,1676.0,322.0,846.0,295.0,5.1814,209500.0,<1H OCEAN,321542.01,112042.01000000001,53.48067303102626
-122.24,37.79,27.0,1632.0,492.0,1171.0,429.0,2.3173,125000.0,NEAR BAY,133020.0,8020.0,6.4159999999999995
-116.99,32.8,34.0,3657.0,538.0,1513.0,562.0,5.2907,195800.0,<1H OCEAN,200853.0,5053.0,2.5806945863125637
-122.02,36.97,39.0,2124.0,661.0,1365.0,606.0,1.6642,281300.0,NEAR OCEAN,219713.0,61587.0,21.893707785282615
-117.85,33.78,23.0,3187.0,870.0,1977.0,852.0,3.3939,212100.0,<1H OCEAN,217085.0,4985.0,2.35030645921735
-122.2,37.96,9.0,6306.0,962.0,2581.0,911.0,6.7741,310700.0,NEAR BAY,372988.17,62288.169999999984,20.04768908915352
-122.38,40.56,23.0,2281.0,408.0,1164.0,420.0,3.5347,101200.0,INLAND,102133.0,933.0,0.9219367588932806
-117.0,32.85,24.0,1888.0,319.0,950.0,319.0,5.282,140800.0,<1H OCEAN,185550.0,44750.0,31.782670454545453
-117.1,32.83,16.0,1049.0,154.0,467.0,160.0,6.2047,248100.0,<1H OCEAN,231432.0,16668.0,6.71825876662636
-118.18,33.78,36.0,1697.0,550.0,1379.0,434.0,1.2746,129700.0,NEAR OCEAN,152474.0,22774.0,17.55898226676947
-117.82,33.73,27.0,1270.0,258.0,809.0,264.0,5.0162,223000.0,<1H OCEAN,207678.0,15322.0,6.870852017937219
-120.46,34.63,48.0,1408.0,301.0,682.0,279.0,2.9271,146600.0,NEAR OCEAN,201216.04,54616.04000000001,37.25514324693043
-118.73,36.01,14.0,3263.0,651.0,1910.0,594.0,2.8603,128900.0,INLAND,84399.0,44501.0,34.523661753297134
-119.7,36.83,23.0,3532.0,756.0,1885.0,758.0,2.5904,71400.0,INLAND,91472.0,20072.0,28.112044817927174
-118.32,34.05,50.0,1389.0,364.0,976.0,302.0,1.5882,327300.0,<1H OCEAN,200067.01,127232.98999999999,38.873507485487316
-119.1,36.4,31.0,1533.0,361.0,1518.0,386.0,1.5608,51700.0,INLAND,50080.0,1620.0,3.133462282398453
-118.22,33.83,44.0,1792.0,404.0,1115.0,358.0,3.9091,174400.0,<1H OCEAN,174230.0,170.0,0.09747706422018348
-118.98,37.65,18.0,1795.0,416.0,483.0,208.0,4.5375,169800.0,INLAND,140401.0,29399.0,17.31389870435807
-123.02,38.81,45.0,1717.0,389.0,916.0,367.0,3.2425,138800.0,<1H OCEAN,140316.0,1516.0,1.0922190201729107
-122.06,37.38,20.0,4293.0,1272.0,2389.0,1210.0,4.2719,270800.0,NEAR BAY,315431.15,44631.15000000002,16.481222304283612
-122.3,37.88,45.0,453.0,146.0,749.0,137.0,1.475,187500.0,NEAR BAY,168403.07,19096.929999999993,10.18502933333333
-121.54,39.6,15.0,886.0,204.0,576.0,205.0,2.1467,84100.0,INLAND,87044.0,2944.0,3.500594530321046
-121.53,38.48,5.0,27870.0,5027.0,11935.0,4855.0,4.8811,212200.0,INLAND,181280.0,30920.0,14.571159283694628
-118.26,33.95,38.0,1387.0,346.0,1240.0,355.0,1.6898,95100.0,<1H OCEAN,95563.0,463.0,0.4868559411146162
-117.73,34.12,26.0,6459.0,894.0,2487.0,885.0,6.2089,261800.0,INLAND,247764.0,14036.0,5.3613445378151265
-122.0,37.36,17.0,6012.0,1737.0,3539.0,1625.0,3.8464,239400.0,<1H OCEAN,267931.02,28531.02000000002,11.917719298245622
-115.49,32.67,24.0,1266.0,275.0,1083.0,298.0,1.4828,73100.0,INLAND,72632.0,468.0,0.640218878248974
-118.28,34.09,49.0,3828.0,1197.0,2862.0,1009.0,2.4677,219200.0,<1H OCEAN,239697.01,20497.01000000001,9.350825729927012
-118.39,33.86,28.0,3619.0,764.0,1735.0,789.0,6.1404,368400.0,<1H OCEAN,395627.12,27227.119999999995,7.390640608034743
-117.15,34.06,25.0,3670.0,644.0,1815.0,634.0,4.0658,127400.0,INLAND,129308.0,1908.0,1.4976452119309263
-122.29,37.94,20.0,7578.0,1426.0,3637.0,1362.0,4.4387,190000.0,NEAR BAY,207924.03,17924.03,9.433699999999998
-118.55,34.2,21.0,2549.0,651.0,1624.0,628.0,3.6905,179800.0,<1H OCEAN,230900.0,51100.0,28.420467185761954
-118.15,33.93,42.0,1839.0,346.0,1034.0,339.0,4.9808,212300.0,<1H OCEAN,212067.0,233.0,0.10975035327366935
-121.18,37.99,31.0,2450.0,559.0,1459.0,478.0,2.4674,130900.0,INLAND,108310.0,22590.0,17.257448433919024
-122.24,37.8,52.0,996.0,228.0,731.0,228.0,2.2697,127000.0,NEAR BAY,136848.01,9848.01000000001,7.754338582677173
-116.11,33.64,20.0,1273.0,354.0,1548.0,355.0,2.0871,84700.0,INLAND,63225.0,21475.0,25.35419126328217
-118.31,34.02,52.0,1832.0,441.0,1186.0,420.0,1.2434,98400.0,<1H OCEAN,117194.0,18794.0,19.09959349593496
-118.55,33.99,39.0,2603.0,456.0,928.0,410.0,7.9096,500001.0,NEAR OCEAN,487458.7,12542.299999999988,2.5084549830900316
-121.34,38.55,11.0,2838.0,498.0,1701.0,504.0,4.1447,114000.0,INLAND,160780.0,46780.0,41.03508771929825
-121.09,37.33,40.0,524.0,112.0,329.0,96.0,1.7188,112500.0,INLAND,89393.0,23107.0,20.539555555555555
-118.13,34.01,40.0,2412.0,629.0,2119.0,600.0,2.075,151100.0,<1H OCEAN,153955.0,2855.0,1.889477167438782
-122.26,38.1,30.0,3317.0,1058.0,1794.0,990.0,1.1835,133300.0,NEAR BAY,142492.04,9192.040000000008,6.895753938484628
-123.91,41.68,22.0,1880.0,360.0,743.0,314.0,2.9688,152700.0,<1H OCEAN,108272.0,44428.0,29.094957432874917
-117.91,33.83,32.0,1855.0,527.0,2568.0,504.0,2.5509,170800.0,<1H OCEAN,169519.0,1281.0,0.75
-117.28,32.77,38.0,1267.0,340.0,442.0,250.0,4.3403,500000.0,NEAR OCEAN,367656.19,132343.81,26.468762
-118.24,33.92,44.0,1079.0,210.0,601.0,182.0,2.2411,106400.0,<1H OCEAN,110105.0,3705.0,3.482142857142857
-118.75,34.17,16.0,2950.0,387.0,1228.0,379.0,5.3749,346100.0,NEAR OCEAN,298288.06,47811.94,13.814487142444381
-119.81,36.28,24.0,544.0,112.0,442.0,106.0,3.1071,56100.0,INLAND,104801.0,48701.0,86.81105169340464
-121.4,39.33,15.0,2655.0,493.0,1200.0,432.0,3.5179,107200.0,INLAND,118175.0,10975.0,10.237873134328359
-118.04,34.07,52.0,177.0,59.0,269.0,75.0,2.3611,131300.0,<1H OCEAN,238988.19,107688.19,82.01690022848439
-117.71,34.1,52.0,567.0,152.0,2688.0,126.0,1.875,212500.0,INLAND,104386.0,108114.0,50.87717647058824
-118.18,33.88,42.0,2326.0,503.0,1832.0,501.0,3.1713,161000.0,<1H OCEAN,153829.0,7171.0,4.4540372670807455
-118.36,33.87,22.0,2114.0,541.0,1300.0,538.0,3.4208,290000.0,<1H OCEAN,263766.0,26234.0,9.046206896551725
-118.05,34.08,25.0,4909.0,1422.0,4983.0,1293.0,2.7254,143500.0,<1H OCEAN,182203.0,38703.0,26.970731707317075
-121.36,38.0,17.0,4535.0,762.0,1562.0,743.0,5.3224,225800.0,INLAND,219085.0,6715.0,2.9738706820194865
-117.8,33.74,33.0,2890.0,453.0,1300.0,452.0,6.5616,290200.0,<1H OCEAN,350490.07,60290.07000000001,20.775351481736738
-121.31,37.96,52.0,2654.0,468.0,1157.0,494.0,3.226,107600.0,INLAND,125286.0,17686.0,16.436802973977695
-117.26,34.53,10.0,3103.0,520.0,1283.0,464.0,3.071,151600.0,INLAND,104240.0,47360.0,31.240105540897094
-118.31,34.01,48.0,2544.0,532.0,1357.0,498.0,2.5263,121000.0,<1H OCEAN,139889.0,18889.0,15.610743801652893
-117.69,33.64,18.0,3783.0,654.0,1843.0,623.0,5.7559,215800.0,<1H OCEAN,243927.0,28127.0,13.033827618164967
-122.12,39.91,16.0,4006.0,797.0,2028.0,752.0,2.3929,77200.0,INLAND,88096.0,10896.0,14.113989637305698
-118.07,33.98,32.0,3304.0,714.0,2032.0,690.0,3.2093,167800.0,<1H OCEAN,184551.0,16751.0,9.982717520858165
-121.79,37.33,13.0,2978.0,505.0,1794.0,485.0,6.6813,277800.0,<1H OCEAN,312602.01,34802.01000000001,12.52772138228942
-118.08,34.14,52.0,1282.0,189.0,431.0,187.0,6.1159,470800.0,INLAND,351865.05,118934.95000000001,25.262308836023788
-116.97,33.75,22.0,3740.0,965.0,2011.0,824.0,1.3039,77500.0,INLAND,88567.0,11067.0,14.280000000000001
-121.9,37.45,16.0,2952.0,446.0,1525.0,460.0,5.6063,320500.0,<1H OCEAN,255529.0,64971.0,20.27176287051482
-120.46,37.31,35.0,2042.0,378.0,953.0,356.0,2.7344,87800.0,INLAND,87057.0,743.0,0.84624145785877
-122.41,40.53,28.0,1127.0,245.0,538.0,208.0,2.037,72000.0,INLAND,71072.0,928.0,1.288888888888889
-118.42,34.28,29.0,1271.0,272.0,1338.0,266.0,4.125,150000.0,<1H OCEAN,171058.0,21058.0,14.038666666666666
-122.1,40.05,26.0,633.0,129.0,305.0,140.0,2.1827,72700.0,INLAND,70376.0,2324.0,3.1966987620357634
-118.06,33.98,38.0,1862.0,319.0,975.0,305.0,4.7266,177600.0,<1H OCEAN,211268.0,33668.0,18.957207207207208
-121.03,39.14,10.0,3138.0,524.0,1275.0,511.0,4.0775,164500.0,INLAND,184365.0,19865.0,12.075987841945288
-119.71,36.79,34.0,1891.0,323.0,966.0,355.0,3.6681,82000.0,INLAND,91830.0,9830.0,11.987804878048781
-117.69,34.0,28.0,707.0,154.0,561.0,129.0,2.5781,111600.0,INLAND,157801.0,46201.0,41.39874551971326
-122.01,37.59,2.0,838.0,295.0,240.0,149.0,2.875,237500.0,NEAR BAY,233792.04,3707.959999999992,1.5612463157894703
-115.88,32.93,15.0,208.0,49.0,51.0,20.0,4.0208,32500.0,INLAND,184593.04,152093.04,467.97858461538465
-121.74,39.15,20.0,2302.0,412.0,1205.0,399.0,2.8,71200.0,INLAND,107387.0,36187.0,50.824438202247194
-117.3,34.13,52.0,1859.0,395.0,968.0,333.0,1.2034,79500.0,INLAND,77240.0,2260.0,2.842767295597484
-117.95,33.85,13.0,6963.0,1426.0,3892.0,1375.0,4.1325,203500.0,<1H OCEAN,208606.0,5106.0,2.5090909090909093
-122.35,37.93,39.0,2002.0,416.0,1166.0,395.0,1.7257,91500.0,NEAR BAY,93619.0,2119.0,2.315846994535519
-120.72,37.38,22.0,1311.0,319.0,1455.0,340.0,2.2813,67300.0,INLAND,86960.0,19660.0,29.21248142644874
-121.09,37.56,32.0,1717.0,325.0,1356.0,307.0,2.6705,91900.0,INLAND,99467.0,7567.0,8.233949945593036
-120.33,37.97,17.0,2530.0,526.0,1024.0,496.0,2.0057,118900.0,INLAND,113971.0,4929.0,4.145500420521446
-117.34,33.94,13.0,7910.0,,3382.0,1176.0,5.5563,214500.0,INLAND,200391.0,14109.0,6.577622377622378
-119.91,34.4,24.0,2001.0,365.0,1170.0,330.0,6.0992,268800.0,NEAR OCEAN,336010.05,67210.04999999999,25.00373883928571
-121.59,39.1,24.0,1107.0,261.0,768.0,205.0,1.7167,48800.0,INLAND,78895.0,30095.0,61.67008196721312
-119.83,36.79,35.0,1872.0,363.0,1054.0,369.0,3.3272,65600.0,INLAND,89097.0,23497.0,35.81859756097561
-116.92,32.81,23.0,2668.0,528.0,1510.0,524.0,3.3669,158900.0,<1H OCEAN,161486.0,2586.0,1.6274386406544998
-121.93,37.27,35.0,1855.0,345.0,985.0,329.0,6.0196,255100.0,<1H OCEAN,313979.0,58879.0,23.080752646021168
-118.46,34.07,49.0,2418.0,301.0,850.0,318.0,14.2867,500001.0,<1H OCEAN,500001.0,0.0,0.0
-120.98,37.64,45.0,1913.0,335.0,839.0,333.0,3.1397,110700.0,INLAND,122807.0,12107.0,10.93676603432701
-121.76,37.7,9.0,3980.0,736.0,1705.0,679.0,5.7068,256700.0,INLAND,237802.0,18898.0,7.361901051811453
-122.06,37.67,22.0,3882.0,816.0,1830.0,743.0,4.2733,180700.0,NEAR BAY,224140.0,43440.0,24.03984504703929
-122.77,38.33,32.0,2054.0,324.0,843.0,306.0,4.5875,290700.0,<1H OCEAN,252911.0,37789.0,12.999312005503954
-117.21,34.12,32.0,1677.0,354.0,1021.0,339.0,3.6853,90900.0,INLAND,106106.0,15206.0,16.728272827282726
-117.66,34.14,8.0,1692.0,253.0,857.0,251.0,6.9418,310500.0,INLAND,272978.0,37522.0,12.08438003220612
-120.89,37.21,25.0,3301.0,678.0,994.0,306.0,3.2262,97200.0,INLAND,133145.0,35945.0,36.980452674897116
-120.4,34.85,26.0,2384.0,385.0,1323.0,400.0,4.8185,157900.0,<1H OCEAN,211425.01,53525.01000000001,33.898043065231164
-118.33,33.89,42.0,1816.0,338.0,897.0,306.0,5.1874,230800.0,<1H OCEAN,253779.03,22979.03,9.956252166377816
-121.89,37.28,32.0,4308.0,717.0,2002.0,695.0,4.1645,281900.0,<1H OCEAN,238970.0,42930.0,15.228804540617242
-118.35,33.89,29.0,2940.0,708.0,2175.0,684.0,3.6486,229000.0,<1H OCEAN,234177.0,5177.0,2.2606986899563317
-122.66,38.81,22.0,852.0,176.0,461.0,142.0,3.4375,83300.0,INLAND,135107.0,51807.0,62.193277310924366
-117.76,33.53,24.0,2105.0,346.0,712.0,332.0,10.6349,500001.0,<1H OCEAN,496190.87,3810.1300000000047,0.762024475951049
-117.9,33.74,25.0,808.0,163.0,1066.0,189.0,4.7679,173100.0,<1H OCEAN,182722.0,9622.0,5.558636626227615
-118.3,33.88,35.0,3227.0,749.0,1881.0,696.0,2.8445,242100.0,<1H OCEAN,217257.0,24843.0,10.261462205700123
-118.87,35.65,33.0,1504.0,325.0,584.0,223.0,3.4792,94600.0,INLAND,84557.0,10043.0,10.616279069767442
-119.28,36.35,7.0,3598.0,701.0,2080.0,678.0,3.1111,72400.0,INLAND,88023.0,15623.0,21.578729281767956
-117.31,32.98,17.0,2789.0,648.0,849.0,345.0,4.1012,244700.0,NEAR OCEAN,291143.03,46443.03000000003,18.979579076420116
-119.83,34.45,24.0,2168.0,373.0,934.0,366.0,5.4197,280900.0,NEAR OCEAN,320914.01,40014.01000000001,14.244930580277682
-121.26,37.98,41.0,1633.0,433.0,885.0,413.0,0.9782,54200.0,INLAND,66250.0,12050.0,22.232472324723247
-122.3,38.3,44.0,3690.0,809.0,1922.0,736.0,2.6346,139800.0,NEAR BAY,155968.0,16168.0,11.565092989985693
-118.34,33.88,31.0,3122.0,727.0,1885.0,715.0,3.8657,298400.0,<1H OCEAN,256336.0,42064.0,14.096514745308312
-117.13,32.8,35.0,2129.0,382.0,1044.0,350.0,3.9732,174900.0,NEAR OCEAN,171511.01,3388.9899999999907,1.9376729559748376
-117.5,33.92,31.0,2529.0,513.0,1504.0,426.0,2.9821,115600.0,INLAND,118676.0,3076.0,2.660899653979239
-118.2,34.02,48.0,2230.0,593.0,2419.0,598.0,2.3944,130700.0,<1H OCEAN,140655.0,9955.0,7.616679418515685
-118.28,33.99,38.0,1454.0,323.0,1098.0,297.0,1.5109,104000.0,<1H OCEAN,98849.0,5151.0,4.952884615384615
-121.94,37.83,11.0,2836.0,373.0,959.0,335.0,10.5815,500001.0,INLAND,447063.64,52937.359999999986,10.587450825098347
-122.19,37.8,48.0,1694.0,259.0,610.0,238.0,4.744,257300.0,NEAR BAY,233958.0,23342.0,9.071900505246793
-118.25,33.9,37.0,2119.0,442.0,1372.0,406.0,1.9605,106200.0,<1H OCEAN,105382.0,818.0,0.7702448210922787
-118.25,33.79,38.0,1730.0,460.0,1724.0,424.0,2.7308,150400.0,NEAR OCEAN,153626.0,3226.0,2.1449468085106385
-121.06,38.88,17.0,7635.0,1284.0,3096.0,1227.0,4.2917,184300.0,INLAND,179116.0,5184.0,2.812805208898535
-122.19,39.53,34.0,2679.0,533.0,1287.0,505.0,2.165,58700.0,INLAND,64667.0,5967.0,10.165247018739352
-117.2,32.83,36.0,1089.0,240.0,623.0,226.0,2.5909,176000.0,NEAR OCEAN,214822.0,38822.0,22.057954545454546
-117.86,33.79,31.0,3523.0,922.0,2660.0,949.0,3.1792,146400.0,<1H OCEAN,196442.0,50042.0,34.181693989071036
-124.01,40.89,28.0,1470.0,336.0,811.0,314.0,2.4559,75600.0,<1H OCEAN,91306.0,15706.0,20.775132275132275
-120.2,34.61,15.0,2958.0,690.0,1348.0,617.0,3.8582,215200.0,NEAR OCEAN,239127.02,23927.01999999999,11.118503717472114
-120.97,37.63,39.0,2360.0,607.0,2047.0,605.0,1.7054,58800.0,INLAND,75961.0,17161.0,29.185374149659864
-121.62,37.09,37.0,1593.0,303.0,1030.0,287.0,3.9306,260700.0,<1H OCEAN,228531.0,32169.0,12.339470655926352
-117.17,32.81,26.0,2424.0,388.0,974.0,375.0,4.739,184100.0,NEAR OCEAN,206725.0,22625.0,12.289516567083107
-117.09,32.76,31.0,1235.0,387.0,816.0,397.0,1.5517,122500.0,NEAR OCEAN,129563.0,7063.0,5.765714285714286
-122.24,37.81,52.0,1490.0,238.0,634.0,256.0,6.0302,287300.0,NEAR BAY,357358.05,70058.04999999999,24.38498085624782
-121.34,38.58,18.0,1631.0,228.0,599.0,228.0,7.8031,267200.0,INLAND,264817.0,2383.0,0.8918413173652695
-118.28,34.03,26.0,2107.0,809.0,2821.0,572.0,0.844,350000.0,<1H OCEAN,181681.0,168319.0,48.091142857142856
-121.88,37.41,23.0,3224.0,652.0,2183.0,655.0,4.3807,226900.0,<1H OCEAN,206353.0,20547.0,9.055531070956368
-117.11,33.15,14.0,8374.0,1407.0,2916.0,1295.0,4.7019,191100.0,<1H OCEAN,210408.0,19308.0,10.103610675039247
-118.32,33.98,44.0,1448.0,314.0,861.0,310.0,2.2396,108600.0,<1H OCEAN,125791.0,17191.0,15.829650092081032
-122.05,37.31,25.0,4601.0,696.0,2003.0,666.0,8.0727,455500.0,<1H OCEAN,414198.15,41301.84999999998,9.067365532381991
-122.3,38.28,31.0,1633.0,316.0,944.0,300.0,3.3977,158700.0,NEAR BAY,143741.0,14959.0,9.425960932577189
-121.43,38.62,36.0,1765.0,438.0,1008.0,382.0,2.0639,73000.0,INLAND,78856.0,5856.0,8.021917808219179
-123.23,39.77,25.0,2075.0,435.0,991.0,377.0,1.2281,60300.0,INLAND,69594.0,9294.0,15.412935323383085
-116.95,33.79,20.0,2399.0,546.0,1726.0,542.0,1.8845,77700.0,INLAND,85255.0,7555.0,9.723294723294723
-121.01,37.7,12.0,9148.0,1906.0,4656.0,1853.0,3.2447,142200.0,INLAND,144970.0,2770.0,1.9479606188466947
-121.2,38.36,14.0,2634.0,463.0,1402.0,432.0,3.8897,175700.0,INLAND,149797.0,25903.0,14.742743312464428
-118.15,33.92,40.0,1335.0,281.0,804.0,282.0,4.3194,198400.0,<1H OCEAN,189437.0,8963.0,4.517641129032258
-122.08,37.39,44.0,1498.0,430.0,848.0,400.0,2.8438,307100.0,NEAR BAY,206028.0,101072.0,32.9117551286226
-121.24,37.96,37.0,1175.0,260.0,951.0,267.0,2.875,57700.0,INLAND,82784.0,25084.0,43.473136915077994
-118.02,33.77,33.0,2683.0,436.0,1520.0,456.0,5.0091,211500.0,<1H OCEAN,236343.0,24843.0,11.746099290780142
-121.3,38.14,17.0,3507.0,696.0,1867.0,709.0,3.2123,120700.0,INLAND,115204.0,5496.0,4.553438276719138
-118.27,33.99,30.0,504.0,140.0,529.0,123.0,1.9531,100000.0,<1H OCEAN,103668.0,3668.0,3.6679999999999997
-119.95,37.47,32.0,1312.0,315.0,600.0,265.0,1.5,91500.0,INLAND,92198.0,698.0,0.7628415300546448
-122.04,38.25,52.0,582.0,131.0,241.0,106.0,2.4,125000.0,INLAND,112488.0,12512.0,10.0096
-121.84,37.4,25.0,1866.0,271.0,840.0,275.0,6.8677,288500.0,<1H OCEAN,325991.04,37491.03999999998,12.995161178509527
-117.91,33.87,52.0,2031.0,506.0,1191.0,463.0,2.9076,177300.0,<1H OCEAN,192325.01,15025.01000000001,8.47434292160181
-117.94,33.88,35.0,1694.0,296.0,679.0,282.0,4.3333,239300.0,<1H OCEAN,221889.0,17411.0,7.275804429586294
-119.01,35.44,20.0,3458.0,651.0,1465.0,621.0,2.5806,82500.0,INLAND,85866.0,3366.0,4.08
-121.44,39.5,26.0,1652.0,325.0,790.0,292.0,3.0446,90800.0,INLAND,81125.0,9675.0,10.655286343612334
-122.25,40.15,15.0,1677.0,346.0,858.0,327.0,2.4375,59200.0,INLAND,93644.0,34444.0,58.18243243243243
-118.16,33.84,36.0,2444.0,432.0,1199.0,424.0,4.1538,218800.0,<1H OCEAN,219734.0,934.0,0.42687385740402195
-118.3,33.89,37.0,2132.0,565.0,1369.0,565.0,3.285,218100.0,<1H OCEAN,193508.0,24592.0,11.275561668959194
-117.66,33.46,26.0,2073.0,370.0,952.0,340.0,5.0877,288100.0,<1H OCEAN,283553.04,4546.960000000021,1.5782575494619997
-118.32,34.11,42.0,2462.0,543.0,857.0,482.0,4.0833,434400.0,<1H OCEAN,414473.35,19926.650000000023,4.587166206261515
-122.68,38.44,36.0,1311.0,259.0,648.0,268.0,3.4545,161200.0,<1H OCEAN,172624.0,11424.0,7.086848635235732
-121.84,39.73,52.0,957.0,263.0,513.0,223.0,1.3672,55000.0,INLAND,87805.0,32805.0,59.64545454545455
-121.26,37.93,33.0,2109.0,531.0,2248.0,588.0,1.4583,53000.0,INLAND,68917.0,15917.0,30.03207547169811
-118.19,34.05,46.0,1051.0,302.0,1435.0,305.0,1.6667,133600.0,<1H OCEAN,132642.0,958.0,0.7170658682634731
-117.74,34.07,42.0,2504.0,553.0,1550.0,509.0,3.0294,135700.0,INLAND,129671.0,6029.0,4.44288872512896
-121.62,39.15,23.0,1984.0,528.0,1043.0,452.0,1.9375,65300.0,INLAND,85338.0,20038.0,30.68606431852986
-118.92,35.38,33.0,3122.0,579.0,1733.0,545.0,3.8307,70600.0,INLAND,87623.0,17023.0,24.111898016997166
-122.72,38.42,26.0,1168.0,253.0,937.0,248.0,1.9458,146000.0,<1H OCEAN,149016.0,3016.0,2.065753424657534
-122.01,38.25,16.0,1081.0,181.0,792.0,184.0,4.6779,131300.0,INLAND,205948.0,74648.0,56.85300837776085
-118.18,33.83,39.0,3622.0,745.0,1330.0,648.0,3.3125,425500.0,NEAR OCEAN,282448.02,143051.97999999998,33.61973678025851
-119.78,34.45,23.0,2077.0,306.0,705.0,256.0,6.4744,500001.0,NEAR OCEAN,315508.02,184492.97999999998,36.89852220295559
-118.29,34.09,35.0,2624.0,1116.0,3548.0,1008.0,2.0132,198400.0,<1H OCEAN,213834.0,15434.0,7.779233870967742
-122.47,37.78,52.0,2042.0,378.0,1153.0,408.0,4.1856,404700.0,NEAR BAY,404861.04,161.03999999997905,0.03979243884358267
-122.36,37.94,26.0,1540.0,343.0,1007.0,338.0,1.3365,72900.0,NEAR BAY,91315.0,18415.0,25.260631001371742
-117.68,33.51,19.0,2930.0,428.0,1481.0,430.0,6.323,480800.0,<1H OCEAN,291670.0,189130.0,39.33652246256239
-117.61,33.42,31.0,3959.0,856.0,1919.0,775.0,4.0313,282000.0,NEAR OCEAN,289744.03,7744.030000000028,2.746109929078024
-121.9,37.67,15.0,2130.0,273.0,876.0,285.0,7.2639,332400.0,<1H OCEAN,324977.01,7422.989999999991,2.233149819494582
-118.14,33.77,51.0,2812.0,621.0,1171.0,566.0,3.875,342900.0,NEAR OCEAN,384355.02,41455.02000000002,12.08953630796151
-122.42,37.77,52.0,1176.0,493.0,1136.0,436.0,1.375,312500.0,NEAR BAY,219525.04,92974.95999999999,29.751987199999995
-118.12,34.0,31.0,3281.0,768.0,2385.0,733.0,2.7308,173800.0,<1H OCEAN,185748.0,11948.0,6.874568469505178
-121.43,38.58,35.0,5298.0,954.0,1933.0,918.0,3.9167,155700.0,INLAND,149707.0,5993.0,3.8490687219010917
-118.17,33.96,25.0,3297.0,1066.0,5027.0,1041.0,2.2817,164200.0,<1H OCEAN,152711.0,11489.0,6.996954933008526
-122.13,37.72,26.0,2862.0,394.0,1030.0,397.0,7.912,367300.0,NEAR BAY,423349.08,56049.080000000016,15.259754968690448
-118.3,33.97,42.0,944.0,200.0,567.0,190.0,2.6311,124100.0,<1H OCEAN,130556.0,6456.0,5.202256244963739
-121.87,37.41,24.0,3308.0,548.0,1891.0,544.0,5.6683,248700.0,<1H OCEAN,247706.0,994.0,0.3996783273019703
-123.36,39.01,35.0,1551.0,321.0,857.0,288.0,2.7232,115400.0,<1H OCEAN,120666.0,5266.0,4.563258232235702
-122.41,37.8,52.0,3260.0,1535.0,3260.0,1457.0,0.9,500001.0,NEAR BAY,279233.18,220767.82,44.15347569304862
-121.99,36.99,29.0,3119.0,507.0,1476.0,487.0,5.8123,281500.0,NEAR OCEAN,379516.3,98016.29999999999,34.81928952042628
-119.05,35.42,35.0,2353.0,483.0,1368.0,455.0,2.325,63200.0,INLAND,64490.0,1290.0,2.0411392405063293
-116.9,34.25,16.0,3018.0,523.0,556.0,244.0,3.5288,189700.0,INLAND,143373.0,46327.0,24.42119135477069
-118.35,33.99,48.0,2741.0,439.0,1115.0,459.0,5.0514,269100.0,<1H OCEAN,251037.01,18062.98999999999,6.712370865849124
-122.04,36.95,36.0,1862.0,364.0,1080.0,364.0,4.4567,263800.0,NEAR OCEAN,251205.01,12594.98999999999,4.774446550416979
-122.01,36.95,52.0,1217.0,325.0,508.0,237.0,2.0547,326700.0,NEAR OCEAN,230722.0,95978.0,29.378022650749923
-122.02,37.95,25.0,1205.0,260.0,608.0,272.0,2.4519,208300.0,NEAR BAY,169303.0,38997.0,18.72155544887182
-118.05,33.87,18.0,4928.0,773.0,2952.0,754.0,5.8855,313800.0,<1H OCEAN,306037.08,7762.919999999984,2.4738432122370884
-116.93,32.79,19.0,3354.0,,1948.0,682.0,3.0192,142300.0,<1H OCEAN,174039.0,31739.0,22.304286718200984
-117.22,34.12,30.0,2512.0,597.0,1390.0,523.0,2.3725,77200.0,INLAND,85864.0,8664.0,11.222797927461139
-119.83,36.79,24.0,3505.0,819.0,2098.0,774.0,1.9575,67000.0,INLAND,65907.0,1093.0,1.6313432835820894
-118.28,33.96,34.0,2074.0,562.0,1913.0,514.0,1.6156,102100.0,<1H OCEAN,98011.0,4089.0,4.004897159647404
-119.71,36.82,12.0,2144.0,568.0,1320.0,566.0,2.3381,112500.0,INLAND,76098.0,36402.0,32.35733333333333
-118.27,33.96,38.0,977.0,295.0,1073.0,292.0,1.0208,86400.0,<1H OCEAN,94149.0,7749.0,8.96875
-118.26,33.89,36.0,2230.0,417.0,1395.0,381.0,2.8493,109600.0,<1H OCEAN,128331.0,18731.0,17.090328467153284
-122.48,37.74,52.0,2166.0,423.0,1072.0,370.0,4.131,314300.0,NEAR OCEAN,320988.01,6688.010000000009,2.12790645879733
-118.08,34.12,34.0,2921.0,641.0,1541.0,562.0,3.6827,264100.0,<1H OCEAN,238682.0,25418.0,9.624384702764106
-118.0,33.81,13.0,2782.0,605.0,1749.0,628.0,4.1276,153800.0,<1H OCEAN,194338.0,40538.0,26.357607282184652
-118.2,33.98,43.0,1091.0,320.0,1418.0,316.0,2.1522,159400.0,<1H OCEAN,152651.0,6749.0,4.234002509410288
-118.3,34.01,52.0,1908.0,428.0,1271.0,394.0,2.5885,136200.0,<1H OCEAN,126232.0,9968.0,7.318649045521291
-122.44,37.76,38.0,2202.0,452.0,833.0,435.0,6.8939,455900.0,NEAR BAY,397446.21,58453.78999999998,12.82162535643781
-117.94,33.62,28.0,1765.0,390.0,832.0,349.0,6.5928,439100.0,<1H OCEAN,417570.25,21529.75,4.903154179002505
-121.48,38.53,43.0,1378.0,280.0,708.0,280.0,2.3542,103900.0,INLAND,102620.0,1280.0,1.231953801732435
-117.32,34.1,27.0,2053.0,461.0,1737.0,463.0,3.1213,78800.0,INLAND,105968.0,27168.0,34.47715736040609
-122.1,37.89,21.0,3282.0,653.0,1398.0,601.0,5.2079,310300.0,NEAR BAY,298132.02,12167.979999999981,3.921359974218492
-117.97,33.92,24.0,2017.0,416.0,900.0,436.0,3.0,251400.0,<1H OCEAN,184405.0,66995.0,26.648766905330152
-118.3,34.06,21.0,3960.0,1490.0,3468.0,1335.0,1.8214,475000.0,<1H OCEAN,257582.03,217417.97,45.77220421052632
-117.91,33.72,32.0,2436.0,504.0,2839.0,516.0,4.5607,182100.0,<1H OCEAN,191286.01,9186.01000000001,5.044486545853932
-118.33,34.04,33.0,1806.0,444.0,1161.0,393.0,2.5927,161500.0,<1H OCEAN,177374.0,15874.0,9.829102167182663
-121.47,38.55,52.0,1384.0,295.0,561.0,244.0,2.0242,94600.0,INLAND,102849.0,8249.0,8.719873150105709
-117.82,33.68,3.0,3068.0,494.0,1357.0,486.0,7.9187,333600.0,<1H OCEAN,340080.01,6480.010000000009,1.9424490407673891
-117.94,33.82,29.0,1422.0,409.0,1057.0,390.0,2.3347,208100.0,<1H OCEAN,179367.0,28733.0,13.807304180682364
-122.28,37.86,52.0,938.0,195.0,393.0,189.0,3.8594,196400.0,NEAR BAY,208709.0,12309.0,6.267311608961304
-117.64,33.45,27.0,334.0,56.0,130.0,46.0,4.875,284100.0,NEAR OCEAN,302252.06,18152.059999999998,6.389320661738823
-122.13,39.0,23.0,3832.0,774.0,2435.0,747.0,2.2754,59200.0,INLAND,87374.0,28174.0,47.59121621621622
-118.44,34.2,28.0,1732.0,435.0,1198.0,417.0,2.9219,241300.0,<1H OCEAN,205639.0,35661.0,14.778698715292169
-119.58,36.77,19.0,3225.0,548.0,1760.0,542.0,4.0227,126500.0,INLAND,96376.0,30124.0,23.813438735177865
-118.28,33.99,37.0,1971.0,513.0,1673.0,464.0,1.4625,103000.0,<1H OCEAN,99008.0,3992.0,3.875728155339806
-121.4,38.55,26.0,2697.0,398.0,1088.0,389.0,5.0,142500.0,INLAND,159331.0,16831.0,11.811228070175439
-118.21,33.84,28.0,822.0,205.0,627.0,192.0,3.4583,166300.0,<1H OCEAN,159102.0,7198.0,4.328322309079976
-119.01,35.36,38.0,1838.0,388.0,1203.0,373.0,1.6797,60700.0,INLAND,56384.0,4316.0,7.110378912685338
-117.63,34.02,13.0,4864.0,729.0,2780.0,723.0,5.6168,175400.0,INLAND,198194.0,22794.0,12.995438996579248
-118.18,33.77,36.0,1833.0,688.0,1128.0,620.0,1.1483,112500.0,NEAR OCEAN,150333.0,37833.0,33.629333333333335
-118.32,34.02,51.0,2010.0,460.0,1355.0,433.0,2.0304,133400.0,<1H OCEAN,119486.0,13914.0,10.430284857571214
-121.49,38.53,42.0,1468.0,281.0,571.0,271.0,3.3906,124200.0,INLAND,111796.0,12404.0,9.987117552334944
-120.39,38.0,33.0,2177.0,404.0,891.0,383.0,3.212,105200.0,INLAND,111699.0,6499.0,6.177756653992395
-118.21,34.05,26.0,745.0,258.0,694.0,236.0,1.3846,129200.0,<1H OCEAN,167022.0,37822.0,29.273993808049536
-118.22,33.94,42.0,1046.0,287.0,1218.0,289.0,2.6538,143400.0,<1H OCEAN,130614.0,12786.0,8.916317991631798
-118.19,33.91,33.0,915.0,225.0,826.0,212.0,2.7708,117400.0,<1H OCEAN,131255.0,13855.0,11.801533219761499
-118.41,34.01,26.0,2503.0,449.0,1218.0,426.0,5.3683,500001.0,<1H OCEAN,418026.29,81974.71000000002,16.394909210181584
-118.12,34.14,25.0,3420.0,977.0,1718.0,947.0,3.1033,217900.0,<1H OCEAN,217615.0,285.0,0.13079394217530976
-122.34,37.57,28.0,3751.0,949.0,1691.0,846.0,3.9728,300000.0,NEAR OCEAN,365686.02,65686.02000000002,21.895340000000008
-122.53,38.32,22.0,3577.0,,1371.0,501.0,5.795,332300.0,<1H OCEAN,288033.0,44267.0,13.321396328618718
-121.62,36.43,20.0,1335.0,290.0,717.0,243.0,4.7891,230600.0,<1H OCEAN,239205.0,8605.0,3.7315698178664354
-117.87,33.72,37.0,2216.0,497.0,2445.0,506.0,3.8421,174000.0,<1H OCEAN,175973.0,1973.0,1.1339080459770117
-120.69,35.52,26.0,2758.0,571.0,1291.0,522.0,2.925,181400.0,<1H OCEAN,174678.0,6722.0,3.7056229327453143
-121.87,37.66,27.0,1569.0,242.0,583.0,214.0,5.7519,278500.0,INLAND,294929.0,16429.0,5.899102333931777
-117.73,33.51,5.0,4549.0,786.0,1238.0,632.0,6.1785,295900.0,<1H OCEAN,358932.16,63032.159999999974,21.301845217979036
-121.99,37.33,35.0,1802.0,291.0,841.0,315.0,4.8365,313900.0,<1H OCEAN,259891.0,54009.0,17.20579802484868
-122.01,37.06,19.0,4113.0,767.0,2006.0,732.0,5.1121,308100.0,NEAR OCEAN,322916.03,14816.030000000028,4.808838039597543
-119.64,37.61,30.0,2857.0,661.0,291.0,135.0,2.6838,164600.0,INLAND,127474.0,37126.0,22.555285540704737
-117.23,32.75,23.0,2415.0,653.0,1275.0,596.0,3.1389,101800.0,NEAR OCEAN,232106.0,130306.0,128.00196463654223
-117.16,32.89,5.0,8576.0,1952.0,5006.0,1827.0,4.3598,189100.0,<1H OCEAN,210313.0,21213.0,11.217874140666314
-117.98,33.76,24.0,1880.0,405.0,967.0,418.0,4.4545,192500.0,<1H OCEAN,207017.0,14517.0,7.541298701298701
-118.07,34.11,47.0,832.0,194.0,419.0,156.0,3.1576,225000.0,<1H OCEAN,225509.01,509.0100000000093,0.22622666666667082
-122.45,37.78,45.0,2747.0,699.0,1320.0,693.0,3.1576,333300.0,NEAR BAY,364663.11,31363.109999999986,9.409873987398736
-122.22,38.08,37.0,2811.0,,1574.0,516.0,3.1053,96700.0,NEAR BAY,118673.0,21973.0,22.72285418821096
-118.25,34.0,32.0,1218.0,342.0,1292.0,304.0,1.5781,102900.0,<1H OCEAN,105155.0,2255.0,2.191448007774538
-121.96,36.99,23.0,3209.0,748.0,1423.0,666.0,2.7375,238000.0,NEAR OCEAN,235069.01,2930.9899999999907,1.2315084033613406
-118.28,34.25,35.0,2045.0,450.0,1166.0,407.0,3.5214,197600.0,<1H OCEAN,225427.0,27827.0,14.082489878542509
-118.38,34.3,39.0,1622.0,355.0,903.0,314.0,4.1125,183000.0,<1H OCEAN,198770.0,15770.0,8.617486338797814
-118.37,34.08,22.0,3008.0,938.0,1224.0,816.0,3.2149,300000.0,<1H OCEAN,360298.13,60298.130000000005,20.099376666666668
-121.33,38.7,15.0,2226.0,421.0,1004.0,417.0,2.7868,117800.0,INLAND,131055.0,13255.0,11.252122241086587
-118.08,34.14,42.0,2690.0,589.0,1149.0,535.0,3.88,281100.0,INLAND,285814.0,4714.0,1.6769832799715403
-122.26,38.16,23.0,2840.0,491.0,1586.0,466.0,4.0337,130400.0,NEAR BAY,146922.0,16522.0,12.670245398773005
-118.43,34.29,50.0,1181.0,265.0,1196.0,269.0,3.2095,167000.0,<1H OCEAN,222362.06,55362.06,33.15093413173653
-122.44,37.76,30.0,5089.0,1210.0,1935.0,1139.0,4.6053,386100.0,NEAR BAY,407910.17,21810.169999999984,5.648839678839675
-120.86,37.77,28.0,1208.0,232.0,535.0,232.0,2.3523,94700.0,INLAND,100780.0,6080.0,6.420274551214361
-117.89,33.82,21.0,1591.0,298.0,904.0,297.0,4.8906,179100.0,<1H OCEAN,209671.0,30571.0,17.069235064209938
-121.37,38.6,36.0,1119.0,144.0,414.0,150.0,5.8336,283300.0,INLAND,218417.0,64883.0,22.902576773738087
-118.14,33.95,42.0,1413.0,228.0,630.0,219.0,6.8564,300000.0,<1H OCEAN,428576.41,128576.40999999997,42.85880333333332
-122.07,37.66,21.0,5031.0,1168.0,2461.0,1042.0,3.875,179300.0,NEAR BAY,229582.02,50282.01999999999,28.043513664249854
-118.56,34.41,4.0,17313.0,3224.0,6902.0,2707.0,5.6798,320900.0,<1H OCEAN,292355.05,28544.95000000001,8.895278903085076
-121.88,37.27,24.0,4567.0,688.0,2102.0,695.0,5.6895,289000.0,<1H OCEAN,263640.0,25360.0,8.775086505190313
-122.2,37.77,39.0,2689.0,597.0,1888.0,537.0,2.2562,94800.0,NEAR BAY,108673.0,13873.0,14.633966244725737
-118.34,34.17,49.0,3033.0,580.0,1284.0,561.0,4.1161,232500.0,<1H OCEAN,287303.04,54803.03999999998,23.57119999999999
-122.43,37.61,21.0,10252.0,2595.0,4790.0,2428.0,4.1692,344500.0,NEAR OCEAN,319808.04,24691.96000000002,7.167477503628453
-117.99,33.68,13.0,4000.0,883.0,1999.0,881.0,4.7245,273600.0,<1H OCEAN,257118.0,16482.0,6.024122807017544
-121.91,37.33,52.0,2212.0,563.0,1195.0,532.0,2.894,209500.0,<1H OCEAN,199964.0,9536.0,4.5517899761336515
-118.32,33.88,37.0,1402.0,254.0,722.0,251.0,6.4781,269000.0,<1H OCEAN,403726.2,134726.2,50.08408921933086
-122.05,37.97,16.0,60.0,10.0,65.0,19.0,6.1359,250000.0,NEAR BAY,231109.0,18891.0,7.556400000000001
-122.2,39.75,18.0,2603.0,576.0,1616.0,588.0,2.0192,63700.0,INLAND,72890.0,9190.0,14.427001569858714
-123.85,39.42,11.0,1804.0,506.0,895.0,451.0,1.7574,150000.0,<1H OCEAN,99253.0,50747.0,33.83133333333333
-118.9,34.2,16.0,6510.0,817.0,2304.0,778.0,7.9943,452100.0,<1H OCEAN,407295.06,44804.94,9.910404777704048
-120.86,37.6,25.0,1178.0,206.0,709.0,214.0,4.5625,133600.0,INLAND,155919.0,22319.0,16.705838323353294
-122.26,38.57,22.0,509.0,103.0,139.0,73.0,2.1979,152800.0,INLAND,114662.99,38137.009999999995,24.958776178010467
-118.36,33.9,42.0,1935.0,388.0,1136.0,379.0,4.74,230000.0,<1H OCEAN,232524.0,2524.0,1.097391304347826
-117.57,33.9,7.0,3797.0,850.0,2369.0,720.0,3.5525,137600.0,INLAND,145609.0,8009.0,5.820494186046512
-119.69,34.43,37.0,2801.0,497.0,1150.0,476.0,5.8311,387700.0,<1H OCEAN,394532.21,6832.210000000021,1.7622414237812796
-121.92,36.56,39.0,2144.0,538.0,749.0,419.0,2.7039,364000.0,NEAR OCEAN,262334.01,101665.98999999999,27.93021703296703
-121.47,38.61,35.0,1372.0,360.0,850.0,328.0,1.6331,67500.0,INLAND,67273.0,227.0,0.3362962962962963
-118.4,34.1,27.0,3979.0,510.0,1351.0,520.0,15.0001,500001.0,<1H OCEAN,500001.0,0.0,0.0
-119.87,36.83,4.0,4833.0,784.0,2088.0,789.0,5.1781,122500.0,INLAND,144524.0,22024.0,17.97877551020408
-120.42,34.94,32.0,2844.0,551.0,1337.0,516.0,2.7188,133700.0,<1H OCEAN,152534.0,18834.0,14.086761406133133
-121.27,38.05,26.0,378.0,75.0,164.0,65.0,3.4107,82800.0,INLAND,143097.0,60297.0,72.82246376811594
-118.15,33.85,36.0,1435.0,249.0,606.0,234.0,4.1439,212600.0,<1H OCEAN,215568.0,2968.0,1.3960489181561617
-122.2,37.9,36.0,2107.0,287.0,740.0,280.0,10.3416,500001.0,NEAR BAY,495051.94,4949.059999999998,0.9898100203799588
-118.16,33.78,14.0,1709.0,558.0,1939.0,520.0,1.9808,139100.0,NEAR OCEAN,153324.0,14224.0,10.225736879942488
-122.38,37.59,49.0,1657.0,266.0,613.0,270.0,5.7837,378100.0,NEAR OCEAN,399832.24,21732.23999999999,5.747749272679183
-118.2,33.9,26.0,1000.0,275.0,1178.0,263.0,2.12,105000.0,<1H OCEAN,118049.0,13049.0,12.427619047619046
-118.23,33.91,33.0,677.0,182.0,984.0,174.0,2.5893,88900.0,<1H OCEAN,103634.0,14734.0,16.57367829021372
-121.4,38.63,31.0,1540.0,452.0,1079.0,444.0,1.8571,98700.0,INLAND,73803.0,24897.0,25.224924012158056
-121.82,37.81,12.0,4711.0,659.0,2089.0,621.0,8.3209,485400.0,INLAND,326477.03,158922.96999999997,32.74062010712814
-118.29,34.08,43.0,3056.0,1345.0,3920.0,1304.0,1.925,300000.0,<1H OCEAN,216392.0,83608.0,27.869333333333334
-118.55,34.17,36.0,2127.0,297.0,761.0,274.0,7.8392,500001.0,<1H OCEAN,486167.8,13833.200000000012,2.7666344667310687
-117.85,33.81,32.0,1766.0,322.0,876.0,330.0,4.0417,234500.0,<1H OCEAN,222853.0,11647.0,4.966737739872068
-117.83,33.81,28.0,1972.0,315.0,970.0,326.0,5.4298,234200.0,<1H OCEAN,236380.0,2180.0,0.9308283518360376
-122.47,37.74,52.0,1538.0,305.0,819.0,319.0,4.0846,333600.0,NEAR BAY,314558.01,19041.98999999999,5.708030575539565
-120.18,34.75,17.0,2074.0,382.0,1035.0,359.0,3.7958,400000.0,<1H OCEAN,206673.01,193326.99,48.3317475
-116.99,33.2,17.0,2980.0,539.0,1531.0,505.0,3.1553,250000.0,<1H OCEAN,205510.0,44490.0,17.796
-121.76,38.55,23.0,8800.0,1857.0,6330.0,1832.0,2.065,219400.0,INLAND,104389.0,115011.0,52.42069279854148
-118.36,33.86,35.0,2126.0,434.0,1044.0,433.0,5.5456,297400.0,<1H OCEAN,329882.01,32482.01000000001,10.921993947545397
-119.72,36.32,40.0,1185.0,221.0,676.0,256.0,2.2721,52600.0,INLAND,61837.0,9237.0,17.560836501901143
-117.12,32.59,28.0,2793.0,706.0,1825.0,676.0,2.6724,144500.0,NEAR OCEAN,154273.0,9773.0,6.763321799307959
-122.26,37.54,5.0,3264.0,442.0,1607.0,453.0,9.1415,500001.0,NEAR BAY,465822.54,34178.46000000002,6.835678328643347
-117.58,34.1,4.0,6360.0,1584.0,3359.0,1396.0,3.5186,127800.0,INLAND,146985.0,19185.0,15.01173708920188
-122.2,37.47,40.0,2959.0,389.0,985.0,365.0,9.9025,500001.0,NEAR BAY,500001.0,0.0,0.0
-116.9,34.69,10.0,337.0,102.0,108.0,50.0,0.4999,55000.0,INLAND,265642.39,210642.39,382.98616363636364
-120.84,38.81,11.0,1280.0,286.0,609.0,248.0,3.1635,132600.0,INLAND,140373.0,7773.0,5.861990950226245
-117.37,33.97,34.0,3676.0,697.0,2653.0,682.0,2.5804,92400.0,INLAND,102429.0,10029.0,10.853896103896103
-117.02,32.71,30.0,3187.0,592.0,2082.0,631.0,3.5388,118500.0,NEAR OCEAN,125634.0,7134.0,6.020253164556962
-118.21,33.92,37.0,1705.0,403.0,1839.0,410.0,2.5833,132700.0,<1H OCEAN,124109.0,8591.0,6.474001507159005
-121.64,40.9,24.0,2237.0,434.0,834.0,318.0,1.7538,90300.0,INLAND,69511.0,20789.0,23.02214839424142
-117.23,32.86,16.0,1675.0,354.0,604.0,332.0,5.2326,188300.0,NEAR OCEAN,269918.05,81618.04999999999,43.34468932554434
-122.92,38.97,20.0,2067.0,384.0,904.0,333.0,2.9934,134200.0,<1H OCEAN,143192.0,8992.0,6.700447093889716
-118.36,34.09,34.0,2832.0,883.0,1594.0,843.0,1.7558,312500.0,<1H OCEAN,259936.03,52563.97,16.8204704
-117.9,33.74,19.0,1566.0,379.0,1032.0,330.0,2.2105,180400.0,<1H OCEAN,171767.0,8633.0,4.785476718403547
-121.02,39.27,52.0,3720.0,707.0,1424.0,609.0,3.2,155000.0,INLAND,151712.0,3288.0,2.121290322580645
-122.19,37.76,52.0,2024.0,391.0,1030.0,350.0,2.4659,94700.0,NEAR BAY,108221.0,13521.0,14.277719112988386
-122.15,37.67,35.0,2472.0,398.0,1171.0,390.0,5.5797,198100.0,NEAR BAY,284860.0,86760.0,43.796062594649165
-119.18,34.16,12.0,460.0,101.0,405.0,103.0,5.2783,167400.0,NEAR OCEAN,348162.22,180762.21999999997,107.98221027479092
-122.53,37.93,37.0,1722.0,352.0,648.0,337.0,4.125,310300.0,NEAR BAY,350336.03,40036.03000000003,12.902362230099913
-117.67,33.55,6.0,3157.0,721.0,1695.0,710.0,3.7609,222300.0,<1H OCEAN,185349.0,36951.0,16.6221322537112
-119.85,36.82,15.0,1387.0,236.0,638.0,195.0,5.5842,88900.0,INLAND,146879.0,57979.0,65.21822272215974
-118.57,34.15,22.0,5791.0,706.0,2059.0,673.0,10.9201,500001.0,<1H OCEAN,500001.0,0.0,0.0
-117.88,33.83,22.0,3522.0,543.0,1706.0,524.0,6.4685,241200.0,<1H OCEAN,269899.01,28699.01000000001,11.898428689883918
-118.33,34.1,43.0,2732.0,1646.0,3049.0,1429.0,1.3157,333300.0,<1H OCEAN,272173.11,61126.890000000014,18.339900990099014
-117.8,33.75,29.0,3058.0,488.0,1197.0,474.0,5.3903,286600.0,<1H OCEAN,278729.02,7870.979999999981,2.746329378925325
-117.2,34.26,17.0,9419.0,1455.0,1382.0,459.0,6.2233,230900.0,INLAND,226671.0,4229.0,1.8315288003464703
-117.68,33.65,6.0,10395.0,1915.0,4783.0,1811.0,5.928,239900.0,<1H OCEAN,287473.02,47573.02000000002,19.830354314297633
-119.7,36.82,25.0,2379.0,540.0,1482.0,484.0,2.3173,68200.0,INLAND,67383.0,817.0,1.1979472140762464
-118.37,34.04,25.0,542.0,161.0,442.0,131.0,2.25,333300.0,<1H OCEAN,194156.03,139143.97,41.747365736573656
-121.63,39.18,13.0,1907.0,347.0,821.0,367.0,2.0978,134000.0,INLAND,83930.0,50070.0,37.365671641791046
-118.97,35.38,32.0,1361.0,363.0,1483.0,297.0,1.625,46800.0,INLAND,49099.0,2299.0,4.912393162393163
-121.75,39.4,29.0,1687.0,327.0,864.0,334.0,2.4943,81900.0,INLAND,79644.0,2256.0,2.7545787545787546
-122.32,37.55,46.0,1437.0,266.0,607.0,263.0,4.8068,369700.0,NEAR OCEAN,355283.12,14416.880000000005,3.899615904787667
-117.94,33.93,14.0,999.0,232.0,1037.0,244.0,2.7125,166100.0,<1H OCEAN,160696.0,5404.0,3.2534617700180615
-119.42,36.35,20.0,1469.0,303.0,1031.0,259.0,1.6645,48000.0,INLAND,56235.0,8235.0,17.15625
-122.31,38.0,29.0,3108.0,534.0,1687.0,516.0,4.3333,170800.0,NEAR BAY,176845.0,6045.0,3.5392271662763464
-119.96,38.94,27.0,1492.0,393.0,717.0,254.0,1.8906,104200.0,INLAND,103096.01,1103.9900000000052,1.0594913627639206
-117.04,34.0,21.0,4624.0,852.0,2174.0,812.0,3.5255,132100.0,INLAND,114546.0,17554.0,13.288417865253596
-117.9,33.71,15.0,539.0,71.0,287.0,66.0,6.3427,305200.0,<1H OCEAN,298720.01,6479.989999999991,2.1231946264744397
-122.46,37.88,35.0,2492.0,409.0,812.0,373.0,8.8386,500001.0,NEAR BAY,466761.52,33239.47999999998,6.647882704234588
-118.34,34.19,48.0,814.0,165.0,490.0,176.0,3.1406,223100.0,<1H OCEAN,256541.09,33441.09,14.989282832810396
-118.36,34.2,14.0,1878.0,614.0,1874.0,559.0,2.5267,231800.0,<1H OCEAN,189068.0,42732.0,18.434857635893014
-118.18,34.02,43.0,887.0,219.0,965.0,217.0,2.625,133900.0,<1H OCEAN,139461.0,5561.0,4.1530993278566095
-119.83,36.8,24.0,3756.0,681.0,1586.0,739.0,3.8571,90100.0,INLAND,94443.0,4343.0,4.820199778024417
-118.13,33.84,48.0,1895.0,294.0,881.0,293.0,6.3364,307400.0,<1H OCEAN,415013.24,107613.23999999999,35.00756018217306
-122.71,38.43,38.0,1689.0,526.0,1071.0,529.0,1.5026,124000.0,<1H OCEAN,153410.0,29410.0,23.717741935483872
-119.72,34.43,36.0,1156.0,309.0,521.0,304.0,2.6014,320600.0,<1H OCEAN,296718.0,23882.0,7.449157829070494
-117.88,34.12,34.0,912.0,165.0,522.0,150.0,4.0417,178000.0,<1H OCEAN,171715.0,6285.0,3.5308988764044944
-117.23,32.74,16.0,735.0,139.0,299.0,134.0,4.6354,179200.0,NEAR OCEAN,237710.03,58510.03,32.65068638392857
-122.46,37.66,15.0,6082.0,1284.0,3861.0,1198.0,5.4221,284700.0,NEAR OCEAN,282397.01,2302.9899999999907,0.8089181594661013
-121.96,37.23,36.0,4423.0,632.0,1719.0,608.0,7.8407,476400.0,<1H OCEAN,486272.84,9872.840000000026,2.0723845507976546
-117.14,33.16,16.0,1660.0,,733.0,214.0,5.6874,202700.0,<1H OCEAN,241621.01,38921.01000000001,19.201287617168234
-121.29,37.87,29.0,488.0,108.0,308.0,115.0,2.6563,103100.0,INLAND,107179.0,4079.0,3.95635305528613
-116.05,34.12,19.0,301.0,65.0,150.0,56.0,3.125,65600.0,INLAND,93405.0,27805.0,42.385670731707314
-118.3,33.89,30.0,2756.0,858.0,1806.0,787.0,3.0329,207800.0,<1H OCEAN,193307.0,14493.0,6.9744947064485086
-122.38,37.58,52.0,2039.0,299.0,772.0,303.0,6.471,500001.0,NEAR OCEAN,450478.41,49522.590000000026,9.904498191003624
-122.26,37.83,52.0,2432.0,715.0,1377.0,696.0,2.5898,176000.0,NEAR BAY,198609.0,22609.0,12.846022727272727
-117.46,34.1,35.0,908.0,226.0,667.0,203.0,2.5833,93500.0,INLAND,95704.0,2204.0,2.3572192513368986
-121.92,37.33,52.0,2962.0,557.0,1215.0,506.0,4.7768,301100.0,<1H OCEAN,318165.03,17065.030000000028,5.667562271670551
-122.07,37.69,29.0,2304.0,618.0,1021.0,552.0,2.5362,203800.0,NEAR BAY,186356.0,17444.0,8.55937193326791
-119.84,36.85,8.0,3791.0,487.0,1424.0,475.0,10.5144,345900.0,INLAND,386171.52,40271.52000000002,11.642532523850829
-116.52,33.81,12.0,12396.0,2552.0,2548.0,1265.0,3.4394,162200.0,INLAND,157254.0,4946.0,3.0493218249075213
-122.68,38.07,26.0,1445.0,244.0,510.0,207.0,5.6305,430000.0,NEAR OCEAN,355201.04,74798.96000000002,17.39510697674419
-121.67,36.67,24.0,3071.0,544.0,1477.0,560.0,3.9219,222500.0,<1H OCEAN,196358.0,26142.0,11.749213483146068
-118.21,33.95,32.0,1116.0,328.0,1265.0,302.0,2.295,155200.0,<1H OCEAN,141175.0,14025.0,9.036726804123711
-121.98,37.28,28.0,3688.0,633.0,1877.0,620.0,5.7251,272600.0,<1H OCEAN,298405.02,25805.02000000002,9.466258253851805
-117.93,33.84,34.0,2160.0,298.0,852.0,305.0,6.0531,287100.0,<1H OCEAN,293073.03,5973.030000000028,2.0804702194357465
-118.78,34.16,9.0,30405.0,4093.0,12873.0,3931.0,8.0137,399200.0,NEAR OCEAN,429229.24,30029.23999999999,7.522354709418836
-122.3,37.9,35.0,1102.0,308.0,688.0,303.0,2.3946,141700.0,NEAR BAY,170523.0,28823.0,20.340860973888496
-119.23,34.42,16.0,630.0,117.0,343.0,100.0,5.75,325000.0,<1H OCEAN,322404.06,2595.9400000000023,0.7987507692307698
-122.53,41.81,21.0,2400.0,485.0,1109.0,443.0,1.7639,55400.0,INLAND,65248.0,9848.0,17.776173285198556
-122.01,37.39,36.0,1976.0,361.0,1348.0,371.0,5.6447,252600.0,<1H OCEAN,278856.0,26256.0,10.394299287410927
-122.34,37.94,47.0,2313.0,433.0,947.0,430.0,3.942,143300.0,NEAR BAY,159741.01,16441.01000000001,11.473140265177955
-121.62,36.71,24.0,4195.0,706.0,2200.0,647.0,4.3451,177800.0,<1H OCEAN,216601.0,38801.0,21.822834645669293
-118.1,33.84,36.0,690.0,109.0,316.0,104.0,3.7813,209100.0,<1H OCEAN,197262.0,11838.0,5.661406025824965
-122.5,37.75,45.0,1672.0,344.0,838.0,314.0,4.1419,291500.0,NEAR OCEAN,276719.0,14781.0,5.070668953687822
-118.12,34.68,12.0,5319.0,875.0,2439.0,779.0,4.6629,131500.0,INLAND,144277.0,12777.0,9.716349809885932
-117.31,33.24,6.0,1580.0,288.0,792.0,265.0,4.0469,162400.0,<1H OCEAN,176739.02,14339.01999999999,8.829445812807874
-120.79,37.08,9.0,97.0,20.0,91.0,22.0,2.9063,55000.0,INLAND,132801.0,77801.0,141.45636363636365
-121.87,37.34,52.0,1170.0,215.0,604.0,207.0,2.6667,325900.0,<1H OCEAN,222937.0,102963.0,31.59343356857932
-117.79,33.77,21.0,4349.0,553.0,1680.0,519.0,6.9014,439000.0,<1H OCEAN,302907.0,136093.0,31.000683371298404
-122.52,37.96,35.0,2012.0,346.0,818.0,352.0,5.2818,331000.0,NEAR BAY,308635.02,22364.97999999998,6.756791540785493
-118.3,33.87,27.0,3144.0,722.0,1510.0,680.0,3.1597,214700.0,<1H OCEAN,233769.0,19069.0,8.881695388914764
-118.05,34.06,45.0,531.0,164.0,722.0,166.0,2.1406,162500.0,<1H OCEAN,174670.03,12170.029999999999,7.48924923076923
-118.21,34.14,44.0,1681.0,407.0,1105.0,387.0,3.2222,186500.0,<1H OCEAN,209055.0,22555.0,12.093833780160859
-117.98,33.78,31.0,2825.0,546.0,1908.0,563.0,3.9798,187500.0,<1H OCEAN,196446.0,8946.0,4.771199999999999
-117.15,34.04,14.0,2845.0,420.0,1172.0,377.0,7.5822,283100.0,INLAND,262120.0,20980.0,7.410808901448251
-118.11,33.81,37.0,1694.0,280.0,776.0,271.0,6.2187,257900.0,<1H OCEAN,411321.21,153421.21000000002,59.488642884839095
-118.48,34.21,25.0,2879.0,723.0,2077.0,649.0,3.3864,197400.0,<1H OCEAN,213908.0,16508.0,8.362715298885512
-118.17,33.82,52.0,2539.0,497.0,1152.0,488.0,4.1354,268200.0,NEAR OCEAN,258031.0,10169.0,3.791573452647278
-121.22,38.4,14.0,2655.0,441.0,1277.0,422.0,4.6989,213800.0,INLAND,178522.0,35278.0,16.50046772684752
-118.19,34.12,46.0,3387.0,820.0,2833.0,813.0,2.987,176900.0,<1H OCEAN,193529.0,16629.0,9.400226116449971
-117.71,34.08,26.0,2744.0,494.0,1411.0,465.0,4.2639,154200.0,INLAND,168568.0,14368.0,9.317769130998704
-118.08,33.85,22.0,1055.0,204.0,682.0,216.0,6.0,191300.0,<1H OCEAN,271755.0,80455.0,42.05697856769472
-118.4,33.87,45.0,2093.0,497.0,842.0,472.0,6.3231,500001.0,<1H OCEAN,461556.45,38444.54999999999,7.688894622210753
-117.4,34.04,17.0,1906.0,334.0,1550.0,338.0,3.025,81800.0,INLAND,104398.0,22598.0,27.625916870415644
-123.5,39.67,22.0,2124.0,450.0,1122.0,446.0,2.1793,71500.0,INLAND,85444.0,13944.0,19.5020979020979
-120.67,37.37,18.0,164.0,30.0,104.0,32.0,1.6607,87500.0,INLAND,116994.01,29494.009999999995,33.70743999999999
-121.48,38.54,41.0,3364.0,685.0,1841.0,626.0,2.1975,73500.0,INLAND,89111.0,15611.0,21.239455782312923
-122.18,37.45,43.0,2061.0,437.0,817.0,385.0,4.4688,460200.0,NEAR BAY,385937.4,74262.59999999998,16.137027379400255
-117.01,32.76,34.0,3415.0,608.0,1464.0,593.0,4.0549,223700.0,<1H OCEAN,171101.0,52599.0,23.51318730442557
-118.36,33.93,40.0,1625.0,500.0,2036.0,476.0,2.6298,156500.0,<1H OCEAN,170853.0,14353.0,9.171246006389776
-122.71,38.34,22.0,1249.0,335.0,699.0,308.0,2.6033,121600.0,<1H OCEAN,167630.0,46030.0,37.85361842105263
-118.51,34.2,35.0,1614.0,308.0,850.0,330.0,4.1806,209000.0,<1H OCEAN,215741.01,6741.010000000009,3.2253636363636407
-118.56,34.18,36.0,1366.0,224.0,719.0,270.0,4.8264,251000.0,<1H OCEAN,229951.0,21049.0,8.38605577689243
-122.09,37.35,30.0,1502.0,186.0,501.0,180.0,10.0259,500001.0,NEAR BAY,498774.97,1226.030000000028,0.2452055095889864
-119.01,36.05,27.0,1127.0,294.0,839.0,276.0,1.3807,53100.0,INLAND,50609.0,2491.0,4.691148775894539
-117.4,34.08,21.0,3622.0,667.0,2503.0,720.0,3.8531,105400.0,INLAND,120862.0,15462.0,14.669829222011385
-118.41,34.24,38.0,490.0,101.0,402.0,100.0,3.125,175900.0,<1H OCEAN,246340.0,70440.0,40.045480386583286
-117.9,33.74,18.0,1884.0,442.0,1915.0,442.0,2.3783,166700.0,<1H OCEAN,168375.0,1675.0,1.0047990401919615
-117.92,34.09,35.0,1810.0,318.0,1164.0,332.0,5.0123,165700.0,<1H OCEAN,203695.0,37995.0,22.929993964996985
-122.28,37.52,29.0,1526.0,355.0,724.0,315.0,4.0313,435200.0,NEAR OCEAN,313121.0,122079.0,28.05124080882353
-117.22,33.14,5.0,4576.0,848.0,2314.0,705.0,5.0123,210400.0,NEAR OCEAN,267415.01,57015.01000000001,27.098388783269968
-122.41,37.75,52.0,1678.0,386.0,1220.0,357.0,2.5809,255300.0,NEAR BAY,253620.05,1679.9500000000116,0.6580297688993386
-122.47,37.76,52.0,4001.0,809.0,1886.0,756.0,3.3239,350000.0,NEAR BAY,345483.02,4516.979999999981,1.290565714285709
-118.24,33.93,37.0,1027.0,258.0,824.0,248.0,1.5132,86300.0,<1H OCEAN,93667.0,7367.0,8.536500579374277
-118.32,34.04,47.0,1989.0,532.0,1430.0,519.0,1.8333,151100.0,<1H OCEAN,144808.0,6292.0,4.164129715420251
-120.27,37.12,17.0,3328.0,628.0,1580.0,619.0,2.9861,81500.0,INLAND,97472.0,15972.0,19.59754601226994
-121.07,39.15,15.0,6828.0,1319.0,3002.0,1318.0,2.4726,143400.0,INLAND,123396.0,20004.0,13.94979079497908
-122.27,37.82,43.0,1868.0,456.0,1061.0,407.0,1.5045,93800.0,NEAR BAY,129053.0,35253.0,37.583155650319824
-120.43,37.35,15.0,1613.0,203.0,673.0,213.0,5.9378,212200.0,INLAND,182546.0,29654.0,13.974552309142318
-122.47,37.79,52.0,2383.0,477.0,990.0,464.0,3.9688,483300.0,NEAR BAY,479320.73,3979.2700000000186,0.8233540244154809
-122.31,37.91,39.0,2955.0,696.0,1417.0,682.0,2.7628,167800.0,NEAR BAY,168303.0,503.0,0.299761620977354
-118.14,33.76,52.0,2677.0,642.0,1144.0,624.0,4.3889,378000.0,NEAR OCEAN,384342.02,6342.020000000019,1.6777830687830737
-121.9,37.37,20.0,78.0,72.0,120.0,69.0,1.0938,187500.0,<1H OCEAN,302991.19,115491.19,61.59530133333333
-118.01,33.84,28.0,4097.0,838.0,2112.0,803.0,4.5,202100.0,<1H OCEAN,201860.0,240.0,0.11875309252845126
-117.7,33.57,4.0,3283.0,911.0,1512.0,782.0,3.3125,138500.0,<1H OCEAN,216336.01,77836.01000000001,56.19928519855596
-119.94,38.95,25.0,1789.0,536.0,1134.0,396.0,2.32,91300.0,INLAND,106584.0,15284.0,16.740416210295727
-121.82,37.26,10.0,3030.0,574.0,1623.0,589.0,5.1356,218700.0,<1H OCEAN,269608.0,50908.0,23.277549154092362
-121.24,38.78,18.0,549.0,143.0,249.0,136.0,0.8691,136500.0,INLAND,107083.0,29417.0,21.55091575091575
-122.42,37.77,52.0,1925.0,568.0,867.0,515.0,2.879,450000.0,NEAR BAY,329030.07,120969.93,26.882206666666665
-122.3,37.9,30.0,1772.0,471.0,880.0,437.0,2.2672,162500.0,NEAR BAY,178848.0,16348.0,10.060307692307692
-118.15,33.78,13.0,3056.0,861.0,1600.0,824.0,3.3003,207800.0,NEAR OCEAN,232162.0,24362.0,11.723772858517806
-117.88,33.87,35.0,1919.0,349.0,1302.0,345.0,5.6409,190900.0,<1H OCEAN,233802.0,42902.0,22.473546359350447
-118.51,33.98,40.0,1901.0,679.0,865.0,587.0,2.3417,425000.0,<1H OCEAN,329776.01,95223.98999999999,22.405644705882352
-121.5,38.34,36.0,1212.0,255.0,569.0,256.0,2.0048,72900.0,INLAND,99184.0,26284.0,36.054869684499316
-117.94,33.81,25.0,1731.0,482.0,1127.0,455.0,3.256,214300.0,<1H OCEAN,197853.0,16447.0,7.674755016332245
-118.18,33.92,32.0,2035.0,519.0,2282.0,480.0,3.2734,136400.0,<1H OCEAN,152336.0,15936.0,11.683284457478006
-122.33,40.6,5.0,6383.0,1206.0,2965.0,1141.0,3.8103,111100.0,INLAND,126666.0,15566.0,14.01080108010801
-121.42,38.53,37.0,1958.0,367.0,1171.0,366.0,2.8298,71200.0,INLAND,89290.0,18090.0,25.407303370786515
-118.19,33.83,30.0,2246.0,552.0,1032.0,548.0,3.5871,347100.0,NEAR OCEAN,265360.05,81739.95000000001,23.54939498703544
-122.69,38.27,32.0,2344.0,434.0,1066.0,384.0,4.0313,285000.0,<1H OCEAN,251182.0,33818.0,11.865964912280702
-118.3,34.02,42.0,2386.0,670.0,2327.0,661.0,1.6699,108000.0,<1H OCEAN,126803.0,18803.0,17.410185185185185
-117.77,33.67,12.0,4329.0,1068.0,1913.0,978.0,4.5094,160200.0,<1H OCEAN,250208.0,90008.0,56.18476903870162
-117.98,33.9,6.0,1537.0,347.0,506.0,280.0,4.8264,146800.0,<1H OCEAN,209723.0,62923.0,42.86307901907357
-122.28,37.81,17.0,1237.0,462.0,762.0,439.0,0.9241,177500.0,NEAR BAY,143409.0,34091.0,19.206197183098592
-118.76,34.26,26.0,1750.0,284.0,962.0,278.0,4.5673,190400.0,<1H OCEAN,218596.02,28196.01999999999,14.808834033613442
-117.94,33.89,30.0,2577.0,404.0,1076.0,374.0,6.7528,459600.0,<1H OCEAN,366320.08,93279.91999999998,20.29589208006962
-121.27,38.75,21.0,4812.0,1117.0,1985.0,1045.0,2.5083,128500.0,INLAND,141890.0,13390.0,10.42023346303502
-119.31,36.34,14.0,2985.0,607.0,2250.0,607.0,2.1602,65200.0,INLAND,77547.0,12347.0,18.937116564417177
-117.11,32.73,27.0,3160.0,627.0,1628.0,612.0,3.8864,132600.0,NEAR OCEAN,141383.0,8783.0,6.6236802413273
-118.17,34.05,45.0,733.0,178.0,715.0,165.0,2.5962,124100.0,<1H OCEAN,133564.0,9464.0,7.626107977437551
-120.41,36.77,24.0,1335.0,312.0,1180.0,267.0,1.947,68900.0,INLAND,62417.0,6483.0,9.409288824383163
-118.04,34.1,38.0,2317.0,451.0,1155.0,426.0,4.1488,235300.0,INLAND,283403.0,48103.0,20.443263918402042
-117.87,33.99,21.0,2837.0,515.0,2031.0,555.0,4.9271,209700.0,<1H OCEAN,214125.0,4425.0,2.1101573676680974
-118.19,33.8,41.0,2125.0,591.0,1604.0,555.0,2.9943,190600.0,NEAR OCEAN,194760.0,4160.0,2.1825813221406087
-120.19,36.61,29.0,1479.0,338.0,1408.0,322.0,2.293,57200.0,INLAND,68426.0,11226.0,19.625874125874127
-122.42,37.74,52.0,1916.0,432.0,889.0,424.0,4.0391,279900.0,NEAR BAY,290985.0,11085.0,3.960342979635584
-117.65,33.48,6.0,1638.0,188.0,572.0,174.0,13.0502,500001.0,<1H OCEAN,485991.32,14009.679999999993,2.8019303961392064
-122.03,37.55,22.0,9167.0,1373.0,4319.0,1404.0,6.992,284800.0,NEAR BAY,390445.15,105645.15000000002,37.09450491573035
-117.98,33.94,36.0,4297.0,717.0,2038.0,700.0,5.2851,258800.0,<1H OCEAN,231073.01,27726.98999999999,10.713674652241108
-122.41,37.76,52.0,3452.0,784.0,2987.0,753.0,2.8135,260300.0,NEAR BAY,308834.0,48534.0,18.645409143296195
-118.06,34.12,34.0,2941.0,558.0,1660.0,576.0,4.5667,271500.0,INLAND,269736.0,1764.0,0.6497237569060774
-122.08,37.04,34.0,2800.0,577.0,1353.0,512.0,4.1161,220900.0,NEAR OCEAN,251747.01,30847.01000000001,13.964241738343148
-118.41,34.02,16.0,5825.0,1866.0,3390.0,1752.0,3.0965,320000.0,<1H OCEAN,293574.01,26425.98999999999,8.258121874999997
-121.46,38.66,3.0,3438.0,603.0,1602.0,554.0,3.9914,120500.0,INLAND,136289.0,15789.0,13.10290456431535
-121.1,39.15,10.0,680.0,143.0,354.0,140.0,4.0333,161500.0,INLAND,158837.0,2663.0,1.6489164086687307
-118.32,33.83,19.0,3792.0,790.0,2105.0,834.0,5.2363,310000.0,<1H OCEAN,317588.0,7588.0,2.447741935483871
-117.78,33.71,4.0,974.0,232.0,428.0,203.0,4.6141,195400.0,<1H OCEAN,198963.04,3563.040000000008,1.8234595701125937
-119.71,36.8,25.0,875.0,156.0,646.0,166.0,3.0,72800.0,INLAND,86914.0,14114.0,19.38736263736264
-121.92,37.31,13.0,6035.0,1551.0,2946.0,1481.0,4.0524,213900.0,<1H OCEAN,255495.0,41595.0,19.44600280504909
-121.28,38.7,14.0,5827.0,1246.0,2578.0,1038.0,3.0212,112900.0,INLAND,118962.0,6062.0,5.369353410097431
-121.82,39.75,37.0,2236.0,372.0,974.0,379.0,3.2016,97000.0,INLAND,102969.0,5969.0,6.15360824742268
-118.37,34.08,28.0,4376.0,1202.0,1847.0,1128.0,2.6713,312500.0,<1H OCEAN,312659.04,159.03999999997905,0.0508927999999933
-118.34,33.99,47.0,1107.0,199.0,437.0,178.0,3.7344,179400.0,<1H OCEAN,186919.0,7519.0,4.191192865105908
-121.24,37.98,33.0,450.0,123.0,236.0,103.0,1.1964,80400.0,INLAND,74564.0,5836.0,7.258706467661693
-122.31,38.27,34.0,1748.0,284.0,783.0,303.0,4.3585,194400.0,NEAR BAY,194904.0,504.0,0.25925925925925924
-122.01,37.38,32.0,726.0,204.0,538.0,203.0,4.505,230400.0,<1H OCEAN,243645.0,13245.0,5.748697916666667
-118.34,34.16,44.0,1717.0,391.0,848.0,353.0,3.6111,254500.0,<1H OCEAN,283942.03,29442.030000000028,11.56857760314343
-120.88,38.16,8.0,2029.0,387.0,1000.0,364.0,4.0109,125900.0,INLAND,150586.0,24686.0,19.607625099285148
-117.77,33.71,5.0,4050.0,584.0,1986.0,598.0,7.5847,375700.0,<1H OCEAN,329733.0,45967.0,12.235027947830716
-118.13,33.96,36.0,1933.0,341.0,958.0,335.0,4.4732,266000.0,<1H OCEAN,238939.0,27061.0,10.17330827067669
-117.05,33.02,18.0,917.0,121.0,388.0,131.0,6.3517,260100.0,<1H OCEAN,256733.0,3367.0,1.2945021145713187
-118.41,33.9,39.0,2040.0,336.0,926.0,351.0,7.5552,500001.0,<1H OCEAN,455096.51,44904.48999999999,8.980880038239922
-122.06,37.39,26.0,18.0,4.0,8.0,4.0,3.75,375000.0,NEAR BAY,201348.05,173651.95,46.307186666666674
-122.3,37.97,34.0,2854.0,528.0,1211.0,452.0,3.5353,164700.0,NEAR BAY,162634.0,2066.0,1.2544019429265332
-121.81,39.71,18.0,1222.0,250.0,708.0,281.0,2.0288,116700.0,INLAND,81705.0,34995.0,29.98714652956298
-118.35,34.09,35.0,2705.0,785.0,1526.0,793.0,3.0349,266700.0,<1H OCEAN,328145.07,61445.07000000001,23.03902137232846
-117.02,33.76,20.0,1317.0,203.0,453.0,158.0,2.8393,120700.0,INLAND,127862.0,7162.0,5.933719966859983
-121.68,36.67,26.0,5745.0,1017.0,2780.0,996.0,5.0,202300.0,<1H OCEAN,257298.0,54998.0,27.186356895699454
-118.43,34.22,34.0,2300.0,429.0,1447.0,455.0,4.2656,233700.0,<1H OCEAN,199716.0,33984.0,14.541720154043647
-117.15,34.83,30.0,5370.0,1062.0,2778.0,944.0,3.099,66800.0,INLAND,88204.0,21404.0,32.04191616766467
-121.89,37.35,47.0,2879.0,631.0,2229.0,606.0,3.2599,183100.0,<1H OCEAN,201585.0,18485.0,10.095576187875478
-118.29,33.98,30.0,1162.0,318.0,1207.0,289.0,1.223,100000.0,<1H OCEAN,107879.0,7879.0,7.879
-122.23,37.82,52.0,3242.0,366.0,1001.0,352.0,12.2138,500001.0,NEAR BAY,499305.99,695.0100000000093,0.13900172199655786
-120.83,37.07,16.0,3736.0,761.0,1942.0,730.0,2.5598,120200.0,INLAND,103164.0,17036.0,14.173044925124792
-118.04,34.09,34.0,2001.0,388.0,1461.0,397.0,3.8304,183000.0,INLAND,275117.0,92117.0,50.33715846994535
-118.21,34.09,37.0,1822.0,498.0,1961.0,506.0,1.9881,159200.0,<1H OCEAN,152561.01,6638.989999999991,4.170219849246226
-117.88,33.79,32.0,1484.0,295.0,928.0,295.0,5.1418,190300.0,<1H OCEAN,213522.0,23222.0,12.202837624802942
-120.98,39.93,25.0,2220.0,511.0,912.0,449.0,1.8914,87800.0,INLAND,71247.0,16553.0,18.853075170842825
-115.57,32.79,34.0,1152.0,208.0,621.0,208.0,3.6042,73600.0,INLAND,92108.01,18508.009999999995,25.146752717391298
-121.51,38.49,21.0,4426.0,790.0,1856.0,761.0,4.1,158300.0,INLAND,161510.0,3210.0,2.0277953253316485
-120.04,39.24,30.0,2369.0,469.0,510.0,213.0,2.65,123800.0,INLAND,120217.0,3583.0,2.894184168012924
-122.29,37.54,43.0,2268.0,438.0,1151.0,449.0,4.9091,293200.0,NEAR OCEAN,328382.02,35182.02000000002,11.999324693042299
-118.28,33.92,37.0,742.0,151.0,729.0,144.0,3.055,105400.0,<1H OCEAN,129533.0,24133.0,22.896584440227706
-121.8,39.75,11.0,7212.0,1355.0,3264.0,1264.0,3.1125,122600.0,INLAND,117552.0,5048.0,4.117455138662317
-119.38,36.56,25.0,1180.0,222.0,611.0,212.0,2.0729,84700.0,INLAND,68809.99,15890.009999999995,18.76034238488783
-120.99,37.68,30.0,1975.0,375.0,732.0,326.0,2.6932,94900.0,INLAND,118299.0,23399.0,24.656480505795574
-121.75,37.68,35.0,1755.0,299.0,702.0,263.0,5.2443,183400.0,INLAND,203524.0,20124.0,10.972737186477644
-118.98,35.39,29.0,607.0,177.0,476.0,143.0,1.1875,50700.0,INLAND,51620.0,920.0,1.8145956607495068
-117.07,32.67,28.0,2758.0,623.0,2179.0,631.0,2.3814,112300.0,NEAR OCEAN,117115.0,4815.0,4.287622439893143
-118.28,34.01,50.0,2601.0,794.0,3080.0,770.0,1.8656,122900.0,<1H OCEAN,127003.0,4103.0,3.3384865744507732
-117.2,34.14,18.0,1920.0,333.0,890.0,323.0,5.159,144800.0,INLAND,145954.0,1154.0,0.7969613259668508
-119.32,36.25,21.0,1231.0,,609.0,206.0,2.8365,90000.0,INLAND,78483.0,11517.0,12.796666666666667
-121.51,38.55,45.0,3032.0,631.0,1341.0,597.0,2.8417,137900.0,INLAND,110166.0,27734.0,20.111675126903553
-114.56,33.69,17.0,720.0,174.0,333.0,117.0,1.6509,85700.0,INLAND,62848.0,22852.0,26.66511085180863
-118.36,34.05,48.0,1825.0,404.0,728.0,363.0,3.3824,322600.0,<1H OCEAN,287848.04,34751.96000000002,10.772461252324867
-121.75,36.93,24.0,4026.0,881.0,2264.0,863.0,3.1327,218100.0,<1H OCEAN,201448.0,16652.0,7.635029802842733
-118.18,33.83,44.0,1497.0,277.0,542.0,274.0,5.0052,321800.0,NEAR OCEAN,308367.06,13432.940000000002,4.174313238036048
-118.16,34.03,41.0,1377.0,293.0,1142.0,272.0,3.1724,141600.0,<1H OCEAN,161858.0,20258.0,14.306497175141242
-118.65,34.27,23.0,1724.0,265.0,934.0,306.0,6.0783,229200.0,<1H OCEAN,260384.01,31184.01000000001,13.605589005235604
-118.29,34.11,49.0,2850.0,379.0,1113.0,380.0,12.9591,500001.0,<1H OCEAN,500001.0,0.0,0.0
-117.3,34.05,7.0,4672.0,1121.0,2534.0,1046.0,3.4228,115700.0,INLAND,115918.0,218.0,0.18841832324978394
-121.21,38.67,11.0,5500.0,956.0,2827.0,946.0,4.1071,145800.0,INLAND,162890.0,17090.0,11.721536351165982
-118.3,33.81,17.0,5544.0,1068.0,3008.0,1038.0,5.322,282700.0,<1H OCEAN,273870.0,8830.0,3.123452423063318
-118.35,34.01,35.0,3776.0,,1583.0,749.0,3.5486,332100.0,<1H OCEAN,276861.0,55239.0,16.633242999096655
-117.13,32.71,44.0,1697.0,413.0,1396.0,363.0,1.5474,83300.0,NEAR OCEAN,83577.0,277.0,0.3325330132052821
-118.34,34.03,48.0,1426.0,331.0,784.0,356.0,1.6581,118800.0,<1H OCEAN,147423.0,28623.0,24.093434343434346
-121.9,37.28,34.0,4613.0,749.0,2050.0,725.0,5.3922,302900.0,<1H OCEAN,289607.01,13292.98999999999,4.38857378672829
-118.5,34.21,36.0,1254.0,229.0,629.0,245.0,4.9643,236100.0,<1H OCEAN,233900.0,2200.0,0.9318085556967387
-118.36,34.03,38.0,2365.0,638.0,2259.0,607.0,2.0879,120700.0,<1H OCEAN,135086.0,14386.0,11.91880695940348
-118.34,33.99,34.0,397.0,132.0,250.0,121.0,1.675,166700.0,<1H OCEAN,177157.0,10457.0,6.272945410917817
-122.07,38.26,15.0,1173.0,146.0,450.0,154.0,6.0487,197700.0,INLAND,208690.0,10990.0,5.5589276681841175
-121.95,38.43,19.0,3011.0,551.0,1665.0,535.0,5.1534,232800.0,INLAND,176317.0,56483.0,24.26245704467354
-123.2,39.16,14.0,1908.0,484.0,1195.0,467.0,1.7929,82300.0,<1H OCEAN,108417.0,26117.0,31.73390036452005
-117.92,33.85,38.0,2082.0,532.0,1592.0,510.0,2.3704,166100.0,<1H OCEAN,176320.0,10220.0,6.152919927754365
-117.23,33.78,23.0,3465.0,703.0,2672.0,607.0,1.9767,81500.0,INLAND,99263.0,17763.0,21.795092024539876
-121.76,38.25,32.0,1495.0,333.0,905.0,281.0,2.625,212500.0,INLAND,96852.0,115648.0,54.42258823529412
-122.02,37.34,26.0,1992.0,328.0,980.0,342.0,6.2475,350000.0,<1H OCEAN,331834.03,18165.969999999972,5.190277142857134
-119.81,36.81,33.0,3972.0,594.0,1324.0,561.0,5.4513,143300.0,INLAND,187257.01,43957.01000000001,30.67481507327286
-122.49,37.76,49.0,1724.0,295.0,795.0,297.0,4.3977,353600.0,NEAR BAY,340224.01,13375.98999999999,3.7828026018099523
-118.11,33.83,36.0,1726.0,287.0,820.0,288.0,5.5767,218100.0,<1H OCEAN,242985.0,24885.0,11.409903713892708
-122.95,39.13,17.0,380.0,69.0,225.0,72.0,3.25,137500.0,INLAND,137176.0,324.0,0.23563636363636364
-121.37,38.39,15.0,1883.0,254.0,893.0,256.0,6.2575,143500.0,INLAND,214536.0,71036.0,49.50243902439024
-118.18,34.08,31.0,1318.0,311.0,1164.0,289.0,2.9939,135500.0,<1H OCEAN,164205.0,28705.0,21.18450184501845
-118.42,34.16,17.0,277.0,70.0,119.0,59.0,4.0208,341700.0,<1H OCEAN,316810.11,24889.890000000014,7.284135206321339
-118.27,34.05,47.0,661.0,359.0,1406.0,307.0,1.3169,112500.0,<1H OCEAN,190458.0,77958.0,69.296
-122.5,37.79,52.0,8.0,1.0,13.0,1.0,15.0001,500001.0,NEAR BAY,393439.56,106561.44,21.31224537550925
-116.29,33.74,6.0,12991.0,2555.0,4571.0,1926.0,4.7195,199300.0,INLAND,201218.01,1918.0100000000093,0.9623733065730102
-122.33,37.58,27.0,5144.0,1481.0,2518.0,1447.0,3.4836,287900.0,NEAR OCEAN,333084.09,45184.090000000026,15.694369572768332
-118.36,34.05,50.0,3518.0,812.0,1724.0,758.0,3.0833,338100.0,<1H OCEAN,308452.09,29647.909999999974,8.768976634131906
-117.75,34.06,52.0,24.0,6.0,46.0,7.0,1.625,67500.0,INLAND,218509.01,151009.01,223.71705185185186
-122.2,37.43,38.0,3626.0,528.0,1350.0,532.0,7.3681,500001.0,NEAR OCEAN,457370.3,42630.70000000001,8.526122947754107
-117.68,34.01,20.0,7326.0,1555.0,5718.0,1538.0,3.2073,123500.0,INLAND,149440.0,25940.0,21.004048582995953
-118.26,33.92,40.0,1076.0,244.0,705.0,255.0,1.7986,98900.0,<1H OCEAN,97704.0,1196.0,1.2093023255813953
-117.36,33.17,24.0,2046.0,442.0,812.0,367.0,2.3182,500001.0,NEAR OCEAN,249346.0,250655.0,50.13089973820052
-122.43,37.75,52.0,2700.0,595.0,1181.0,575.0,3.575,396800.0,NEAR BAY,349568.0,47232.0,11.903225806451614
-121.63,39.75,37.0,1296.0,296.0,569.0,257.0,1.8616,70500.0,INLAND,71124.0,624.0,0.8851063829787235
-117.15,32.81,34.0,1629.0,318.0,900.0,282.0,3.1458,178300.0,NEAR OCEAN,186750.02,8450.01999999999,4.739214806505883
-117.67,34.03,20.0,8561.0,1411.0,4861.0,1450.0,4.7056,165500.0,INLAND,167887.0,2387.0,1.4422960725075529
-117.32,33.99,27.0,5464.0,850.0,2400.0,836.0,4.711,133500.0,INLAND,147756.0,14256.0,10.678651685393259
-118.32,34.09,30.0,1871.0,766.0,2595.0,819.0,2.0044,212500.0,<1H OCEAN,218995.0,6495.0,3.0564705882352943
-118.43,34.22,36.0,1372.0,295.0,774.0,306.0,3.6618,187300.0,<1H OCEAN,195651.0,8351.0,4.4586225306994125
-122.47,37.65,27.0,8103.0,1655.0,5023.0,1605.0,4.6452,236200.0,NEAR OCEAN,293020.02,56820.02000000002,24.055893310753607
-118.22,33.93,39.0,1921.0,483.0,2286.0,470.0,3.0167,130000.0,<1H OCEAN,138652.0,8652.0,6.655384615384616
-118.39,34.17,40.0,1696.0,372.0,835.0,385.0,3.6563,222400.0,<1H OCEAN,264382.03,41982.03000000003,18.876812050359725
-118.09,33.8,36.0,1724.0,322.0,838.0,328.0,4.4831,253900.0,<1H OCEAN,214757.0,39143.0,15.416699487987396
-118.06,33.83,21.0,3941.0,655.0,1897.0,670.0,4.88,343900.0,<1H OCEAN,209612.0,134288.0,39.04856062808956
-122.13,37.68,44.0,2147.0,399.0,1175.0,401.0,4.1974,179300.0,NEAR BAY,203832.0,24532.0,13.682097044060235
-122.29,37.92,35.0,583.0,88.0,235.0,84.0,5.943,288200.0,NEAR BAY,343721.05,55521.04999999999,19.26476405274115
-117.77,34.06,27.0,2178.0,629.0,2379.0,591.0,1.9766,108000.0,INLAND,111512.0,3512.0,3.2518518518518515
-117.3,33.85,15.0,3991.0,751.0,2317.0,657.0,2.9542,127900.0,INLAND,117663.0,10237.0,8.003909304143862
-118.45,34.25,21.0,2143.0,565.0,1803.0,497.0,3.9833,162500.0,<1H OCEAN,188808.0,26308.0,16.18953846153846
-117.07,32.81,15.0,2000.0,402.0,778.0,369.0,4.3594,224200.0,<1H OCEAN,161861.0,62339.0,27.80508474576271
-117.96,33.75,25.0,1323.0,208.0,852.0,229.0,4.6167,237300.0,<1H OCEAN,209505.0,27795.0,11.713021491782554
-122.29,37.56,12.0,6474.0,1467.0,2516.0,1390.0,5.0353,305800.0,NEAR BAY,322085.16,16285.159999999974,5.3254283845650665
-122.04,36.96,44.0,1294.0,269.0,645.0,259.0,3.2437,223900.0,NEAR OCEAN,258110.0,34210.0,15.279142474318894
-117.86,33.74,32.0,691.0,151.0,926.0,148.0,4.125,175900.0,<1H OCEAN,167320.0,8580.0,4.877771461057419
-118.34,34.0,49.0,2465.0,372.0,1018.0,359.0,4.0,296800.0,<1H OCEAN,201478.03,95321.97,32.116566711590295
-117.08,32.58,22.0,2128.0,477.0,1420.0,450.0,3.2687,131000.0,NEAR OCEAN,131353.0,353.0,0.2694656488549618
-117.99,33.74,26.0,4065.0,741.0,1960.0,739.0,4.506,240000.0,<1H OCEAN,208354.0,31646.0,13.185833333333333
-120.27,38.31,13.0,3297.0,662.0,267.0,97.0,3.075,108300.0,INLAND,131958.0,23658.0,21.844875346260388
-121.24,39.37,16.0,2785.0,616.0,1387.0,530.0,2.3886,89400.0,INLAND,91282.0,1882.0,2.105145413870246
-122.22,37.48,47.0,2570.0,783.0,3107.0,724.0,2.8058,229500.0,NEAR OCEAN,234770.0,5270.0,2.2962962962962963
-117.18,32.76,17.0,711.0,254.0,327.0,227.0,2.6493,67500.0,NEAR OCEAN,182375.06,114875.06,170.18527407407407
-122.25,37.81,28.0,5806.0,1603.0,2563.0,1497.0,3.2177,273400.0,NEAR BAY,288635.08,15235.080000000016,5.572450621799567
-122.27,37.48,26.0,3542.0,507.0,1392.0,524.0,8.5184,500001.0,NEAR OCEAN,442438.32,57562.67999999999,11.51251297497405
-120.62,35.28,28.0,3952.0,592.0,1469.0,571.0,6.3144,328800.0,NEAR OCEAN,415050.4,86250.40000000002,26.23187347931874
-117.31,34.43,16.0,5130.0,1172.0,3126.0,1046.0,1.6784,71900.0,INLAND,84220.0,12320.0,17.13490959666203
-118.75,34.17,18.0,6217.0,858.0,2703.0,834.0,6.8075,325900.0,NEAR OCEAN,389580.12,63680.119999999995,19.539772936483583
-122.28,37.78,50.0,1487.0,306.0,730.0,327.0,2.5139,219000.0,NEAR BAY,159482.0,59518.0,27.17716894977169
-116.38,33.74,7.0,17579.0,3479.0,3581.0,1820.0,4.084,194500.0,INLAND,157831.02,36668.98000000001,18.85294601542417
-116.86,33.73,13.0,2604.0,443.0,978.0,417.0,2.933,170700.0,INLAND,132713.0,37987.0,22.253661394258934
-122.4,37.76,52.0,1185.0,246.0,480.0,253.0,4.4074,277300.0,NEAR BAY,286229.02,8929.020000000019,3.2199855751893325
-118.24,33.99,41.0,1425.0,372.0,1803.0,353.0,1.6731,88200.0,<1H OCEAN,105296.0,17096.0,19.383219954648524
-118.25,34.13,36.0,2946.0,1025.0,2542.0,912.0,2.2244,255900.0,<1H OCEAN,229614.0,26286.0,10.271981242672918
-118.09,33.99,35.0,2787.0,639.0,1923.0,614.0,3.5757,177900.0,<1H OCEAN,177462.0,438.0,0.24620573355817874
-117.86,33.9,25.0,3205.0,409.0,1291.0,408.0,7.2478,299200.0,<1H OCEAN,326420.0,27220.0,9.0975935828877
-117.69,33.54,20.0,1767.0,280.0,801.0,284.0,6.5394,272000.0,<1H OCEAN,287388.0,15388.0,5.6573529411764705
-121.37,38.58,37.0,2839.0,390.0,1006.0,400.0,7.3343,280400.0,INLAND,323335.03,42935.03000000003,15.31206490727533
-117.18,33.78,7.0,1697.0,424.0,808.0,354.0,1.3417,169300.0,INLAND,121932.0,47368.0,27.97873597164796
-118.1,33.79,35.0,2370.0,379.0,996.0,380.0,5.7368,287200.0,<1H OCEAN,296671.02,9471.020000000019,3.297708913649031
-118.16,34.06,27.0,1675.0,274.0,785.0,275.0,5.828,301100.0,<1H OCEAN,303191.03,2091.030000000028,0.6944636333444132
-116.53,33.88,5.0,4423.0,763.0,1906.0,667.0,4.6855,125200.0,INLAND,193643.01,68443.01000000001,54.6669408945687
-117.92,33.75,23.0,893.0,223.0,1149.0,216.0,2.6442,156300.0,<1H OCEAN,172149.0,15849.0,10.140115163147792
-119.77,36.3,24.0,2202.0,471.0,1052.0,439.0,2.1038,62000.0,INLAND,76244.0,14244.0,22.9741935483871
-116.95,33.68,11.0,1183.0,178.0,543.0,147.0,4.4792,173900.0,INLAND,198801.0,24901.0,14.319148936170212
-119.14,34.49,17.0,321.0,44.0,92.0,39.0,7.75,375000.0,<1H OCEAN,368045.2,6954.799999999988,1.8546133333333301
-117.17,32.82,21.0,2869.0,596.0,1471.0,577.0,3.0375,197600.0,NEAR OCEAN,208899.0,11299.0,5.718117408906882
-121.23,38.67,27.0,5266.0,971.0,2432.0,948.0,3.8954,133000.0,INLAND,155469.0,22469.0,16.893984962406012
-117.82,33.85,21.0,2603.0,404.0,1350.0,390.0,6.057,235900.0,<1H OCEAN,268752.0,32852.0,13.92623993217465
-118.19,34.02,34.0,1478.0,369.0,1735.0,348.0,1.8875,136700.0,<1H OCEAN,145518.0,8818.0,6.450621799561082
-122.27,37.78,52.0,1408.0,280.0,718.0,265.0,2.6806,207900.0,NEAR BAY,180420.0,27480.0,13.217893217893216
-122.47,37.69,35.0,1720.0,421.0,1452.0,425.0,3.5909,256100.0,NEAR OCEAN,256013.0,87.0,0.033971105037094884
-117.97,33.68,23.0,1722.0,316.0,865.0,309.0,4.6452,273800.0,<1H OCEAN,248749.03,25050.97,9.14936815193572
-121.37,36.83,14.0,3658.0,612.0,1951.0,600.0,4.76,216000.0,INLAND,246350.0,30350.0,14.050925925925926
-118.96,35.4,27.0,2473.0,400.0,1271.0,427.0,3.5524,89100.0,INLAND,87676.0,1424.0,1.5982042648709314
-122.0,38.35,34.0,1084.0,187.0,561.0,198.0,4.2115,118900.0,INLAND,157653.0,38753.0,32.592935239697226
-117.9,34.1,31.0,3007.0,653.0,1766.0,616.0,3.7083,166000.0,<1H OCEAN,175551.0,9551.0,5.7536144578313255
-118.15,34.12,52.0,1518.0,344.0,725.0,296.0,3.4018,204500.0,<1H OCEAN,235531.0,31031.0,15.174083129584352
-122.25,37.81,46.0,3232.0,835.0,1373.0,747.0,3.225,218800.0,NEAR BAY,229474.01,10674.01000000001,4.878432358318103
-118.57,34.22,17.0,3262.0,753.0,1879.0,708.0,4.1359,255200.0,<1H OCEAN,214822.0,40378.0,15.822100313479623
-120.08,37.06,18.0,402.0,76.0,213.0,71.0,1.9063,95800.0,INLAND,105987.01,10187.009999999995,10.63362212943632
-118.2,33.84,35.0,3405.0,779.0,1953.0,671.0,2.7813,159200.0,NEAR OCEAN,186006.0,26806.0,16.837939698492463
-120.85,37.77,37.0,1738.0,403.0,936.0,366.0,2.4717,77100.0,INLAND,98252.0,21152.0,27.434500648508433
-118.3,33.82,26.0,2080.0,560.0,2096.0,506.0,2.8106,184400.0,<1H OCEAN,191568.0,7168.0,3.8872017353579174
-118.36,34.1,52.0,1096.0,247.0,423.0,230.0,3.0179,500001.0,<1H OCEAN,359206.05,140794.95,28.158933682132638
-117.18,33.51,13.0,270.0,42.0,120.0,42.0,6.993,500001.0,<1H OCEAN,378548.19,121452.81,24.290513418973163
-118.22,33.98,15.0,1011.0,274.0,899.0,219.0,2.7045,190600.0,<1H OCEAN,146940.0,43660.0,22.90661070304302
-118.29,34.03,38.0,1501.0,437.0,1777.0,441.0,2.0848,135200.0,<1H OCEAN,145699.0,10499.0,7.765532544378698
-122.72,40.17,16.0,396.0,78.0,188.0,72.0,1.3889,87500.0,INLAND,65506.95,21993.050000000003,25.134914285714288
-122.17,37.74,43.0,818.0,193.0,494.0,179.0,2.4776,101600.0,NEAR BAY,90346.0,11254.0,11.076771653543307
-117.44,34.09,24.0,3477.0,831.0,2541.0,753.0,2.3682,97400.0,INLAND,112451.0,15051.0,15.452772073921972
-119.16,36.28,18.0,2377.0,414.0,1359.0,424.0,4.4,79300.0,INLAND,118488.0,39188.0,49.417402269861284
-117.27,33.68,8.0,26322.0,4072.0,9360.0,3361.0,5.3238,228900.0,<1H OCEAN,247579.01,18679.01000000001,8.160336391437314
-117.09,32.64,20.0,1999.0,651.0,1302.0,592.0,1.6321,57500.0,NEAR OCEAN,115237.0,57737.0,100.41217391304346
-119.99,36.8,45.0,1270.0,242.0,598.0,214.0,3.2813,105400.0,INLAND,100635.0,4765.0,4.520872865275143
-117.94,34.08,34.0,1970.0,476.0,1269.0,406.0,4.064,201200.0,<1H OCEAN,185253.0,15947.0,7.925944333996024
-117.87,33.88,28.0,2612.0,602.0,1682.0,563.0,3.6417,204300.0,<1H OCEAN,192689.0,11611.0,5.683308859520313
-121.29,37.98,49.0,2501.0,565.0,1171.0,550.0,2.5043,76700.0,INLAND,97653.0,20953.0,27.31812255541069
-118.31,34.03,34.0,2041.0,517.0,1479.0,495.0,2.1173,156600.0,<1H OCEAN,145694.0,10906.0,6.964240102171136
-118.17,33.79,32.0,2171.0,672.0,3002.0,648.0,2.375,139700.0,NEAR OCEAN,156544.0,16844.0,12.057265569076593
-117.22,32.87,5.0,3511.0,1008.0,1599.0,918.0,3.8542,176600.0,NEAR OCEAN,230115.0,53515.0,30.302944507361268
-121.93,37.93,16.0,2876.0,391.0,1089.0,377.0,6.299,286900.0,INLAND,263044.0,23856.0,8.315092366678286
-118.37,33.82,32.0,2815.0,607.0,1338.0,609.0,4.5687,381200.0,<1H OCEAN,366879.1,14320.900000000023,3.756794333683112
-119.76,36.81,19.0,4643.0,1429.0,4638.0,1335.0,1.2716,69400.0,INLAND,63488.0,5912.0,8.518731988472622
-118.2,34.11,37.0,2040.0,611.0,1698.0,545.0,1.9355,166300.0,<1H OCEAN,169757.0,3457.0,2.078773301262778
-117.95,33.63,27.0,891.0,183.0,513.0,171.0,6.0,381500.0,<1H OCEAN,309523.18,71976.82,18.86679423328965
-118.29,34.65,18.0,6893.0,1372.0,2837.0,1221.0,3.3173,218400.0,INLAND,142270.0,76130.0,34.858058608058606
-119.02,35.37,44.0,2687.0,620.0,1521.0,549.0,1.7213,61600.0,INLAND,57372.0,4228.0,6.863636363636363
-119.16,34.12,17.0,224.0,70.0,147.0,71.0,3.6167,280000.0,NEAR OCEAN,260472.06,19527.940000000002,6.974264285714287
-119.86,34.38,26.0,1626.0,375.0,1580.0,359.0,2.1471,187500.0,NEAR OCEAN,211740.01,24240.01000000001,12.92800533333334
-117.67,34.1,28.0,1263.0,248.0,601.0,219.0,3.875,174000.0,INLAND,157914.0,16086.0,9.244827586206897
-118.02,33.95,35.0,2085.0,400.0,1112.0,391.0,3.4886,173900.0,<1H OCEAN,183308.0,9408.0,5.410005750431282
-119.3,36.34,45.0,3723.0,831.0,2256.0,770.0,1.8299,63100.0,INLAND,61403.0,1697.0,2.6893819334389857
-121.8,38.01,46.0,2273.0,495.0,1088.0,447.0,2.2532,109400.0,INLAND,101282.0,8118.0,7.420475319926874
-121.33,38.66,15.0,4371.0,908.0,1842.0,818.0,2.7797,105500.0,INLAND,135762.0,30262.0,28.68436018957346
-122.17,37.88,32.0,3633.0,508.0,1393.0,506.0,7.6917,401800.0,NEAR BAY,409263.03,7463.030000000028,1.8573992035838796
-118.29,34.01,40.0,885.0,312.0,799.0,221.0,1.1667,143800.0,<1H OCEAN,131034.0,12766.0,8.87760778859527
-121.42,37.75,33.0,1999.0,368.0,1061.0,390.0,3.5242,121400.0,INLAND,134597.0,13197.0,10.870675453047776
-122.04,37.99,38.0,2675.0,541.0,1378.0,480.0,3.8897,139900.0,NEAR BAY,144425.0,4525.0,3.234453180843459
-118.09,34.09,40.0,855.0,208.0,745.0,222.0,3.0125,224000.0,<1H OCEAN,196832.0,27168.0,12.128571428571428
-122.2,37.78,39.0,1752.0,399.0,1071.0,376.0,3.1167,121600.0,NEAR BAY,171762.0,50162.0,41.25164473684211
-118.06,33.83,17.0,1973.0,516.0,1112.0,501.0,3.8512,163800.0,<1H OCEAN,212976.0,49176.0,30.021978021978025
-118.3,34.0,52.0,1743.0,421.0,1206.0,384.0,1.6875,116000.0,<1H OCEAN,115560.0,440.0,0.3793103448275862
-119.36,36.33,11.0,3221.0,617.0,1351.0,565.0,2.9844,132000.0,INLAND,98641.0,33359.0,25.2719696969697
-117.82,33.72,24.0,3260.0,458.0,1383.0,442.0,6.5987,272800.0,<1H OCEAN,299371.02,26571.02000000002,9.740109970674492
-117.91,34.02,17.0,5973.0,1384.0,4349.0,1229.0,3.2799,199300.0,<1H OCEAN,183733.0,15567.0,7.810837932764676
-118.57,34.25,20.0,4679.0,609.0,1945.0,609.0,8.7471,419900.0,<1H OCEAN,448001.29,28101.28999999998,6.692376756370559
-122.01,37.36,16.0,1105.0,354.0,499.0,324.0,4.2061,253600.0,<1H OCEAN,248709.02,4890.9800000000105,1.9286198738170386
-122.08,37.38,33.0,2771.0,659.0,1496.0,581.0,3.4042,353600.0,NEAR BAY,272422.02,81177.97999999998,22.95757352941176
-120.59,38.45,13.0,2944.0,558.0,1091.0,466.0,3.0,119000.0,INLAND,123303.0,4303.0,3.615966386554622
-118.56,34.2,35.0,2273.0,,1431.0,403.0,4.0789,196700.0,<1H OCEAN,210305.0,13605.0,6.916624300965939
-122.24,37.81,52.0,2093.0,550.0,918.0,483.0,2.7477,243800.0,NEAR BAY,186884.0,56916.0,23.345365053322396
-119.64,36.31,27.0,1513.0,314.0,1071.0,284.0,1.5909,50100.0,INLAND,53699.0,3599.0,7.1836327345309385
-117.83,33.65,9.0,638.0,266.0,426.0,234.0,3.7875,187500.0,<1H OCEAN,271045.08,83545.08000000002,44.55737600000001
-117.65,33.4,17.0,2737.0,654.0,910.0,492.0,3.5729,370800.0,NEAR OCEAN,248988.02,121811.98000000001,32.851127292340884
-118.12,33.77,10.0,7264.0,1137.0,2528.0,1057.0,10.2233,500001.0,NEAR OCEAN,472653.39,27347.609999999986,5.469511060977875
-117.55,33.93,25.0,5187.0,934.0,2725.0,860.0,4.1865,154300.0,INLAND,167929.0,13629.0,8.832793259883344
-122.01,37.95,8.0,3866.0,539.0,1555.0,513.0,6.0901,298200.0,NEAR BAY,293193.0,5007.0,1.6790744466800807
-117.94,33.94,25.0,3250.0,546.0,1452.0,501.0,5.1084,303800.0,<1H OCEAN,244460.0,59340.0,19.532587228439763
-118.01,33.77,32.0,1771.0,296.0,995.0,272.0,5.8362,217500.0,<1H OCEAN,282969.04,65469.03999999998,30.100708045977004
-123.18,40.58,18.0,1451.0,278.0,695.0,254.0,1.7262,73700.0,INLAND,83874.0,10174.0,13.804613297150611
-117.3,34.15,40.0,961.0,199.0,509.0,182.0,2.06,85500.0,INLAND,77609.99,7890.009999999995,9.228081871345022
-122.4,38.53,24.0,1741.0,289.0,564.0,231.0,3.6118,248400.0,INLAND,179062.0,69338.0,27.913848631239937
-121.41,38.6,16.0,5407.0,1467.0,2523.0,1265.0,2.0471,104200.0,INLAND,108545.0,4345.0,4.169865642994242
-121.18,39.19,16.0,1528.0,351.0,729.0,319.0,2.4688,138800.0,INLAND,134137.0,4663.0,3.3595100864553316
-118.25,33.78,32.0,296.0,139.0,511.0,133.0,1.4444,182100.0,NEAR OCEAN,161058.0,21042.0,11.555189456342669
-120.45,34.65,27.0,2215.0,578.0,1544.0,527.0,1.9257,135300.0,NEAR OCEAN,135084.0,216.0,0.15964523281596452
-118.32,33.35,27.0,1675.0,521.0,744.0,331.0,2.1579,450000.0,ISLAND,263635.01,186364.99,41.41444222222222
-121.64,36.82,18.0,1819.0,283.0,919.0,295.0,4.1696,222500.0,<1H OCEAN,233297.02,10797.01999999999,4.852593258426961
-122.28,37.87,46.0,3022.0,696.0,1293.0,675.0,2.543,220700.0,NEAR BAY,197681.0,23019.0,10.429995468962392
-121.38,38.59,38.0,1839.0,287.0,685.0,276.0,4.5313,189400.0,INLAND,155647.0,33753.0,17.821013727560718
-118.06,34.09,40.0,1975.0,389.0,1116.0,378.0,4.2898,251600.0,<1H OCEAN,228857.0,22743.0,9.039348171701112
-116.36,33.78,6.0,24121.0,4522.0,4176.0,2221.0,3.3799,239300.0,INLAND,158095.04,81204.95999999999,33.93437526117843
-117.76,33.88,9.0,4838.0,759.0,2090.0,695.0,6.6536,307800.0,<1H OCEAN,302693.03,5106.969999999972,1.6591845354125965
-118.47,34.02,35.0,3057.0,774.0,2223.0,732.0,2.0745,332500.0,<1H OCEAN,297354.0,35146.0,10.570225563909775
-117.9,33.61,41.0,1521.0,328.0,527.0,275.0,4.0764,500001.0,<1H OCEAN,464901.75,35099.25,7.019835960328079
-123.85,39.39,23.0,4671.0,912.0,2095.0,857.0,3.184,140500.0,<1H OCEAN,178733.0,38233.0,27.212099644128113
-122.83,38.39,19.0,1765.0,394.0,868.0,388.0,2.462,260300.0,<1H OCEAN,177196.0,83104.0,31.92623895505186
-122.44,37.76,52.0,1968.0,472.0,784.0,430.0,3.3702,370000.0,NEAR BAY,359130.05,10869.950000000012,2.9378243243243274
-122.42,37.74,52.0,1786.0,427.0,856.0,394.0,3.0833,328100.0,NEAR BAY,282832.01,45267.98999999999,13.797010057909171
-118.25,34.0,41.0,1768.0,475.0,1721.0,474.0,1.303,90400.0,<1H OCEAN,103057.0,12657.0,14.001106194690266
-118.28,34.06,52.0,1261.0,616.0,2309.0,581.0,1.6184,225000.0,<1H OCEAN,207141.0,17859.0,7.937333333333334
-120.84,37.5,47.0,2310.0,484.0,1126.0,447.0,2.2083,97300.0,INLAND,94570.0,2730.0,2.805755395683453
-118.37,34.2,34.0,2199.0,609.0,2488.0,597.0,2.9861,171800.0,<1H OCEAN,194049.0,22249.0,12.950523864959255
-117.84,34.63,5.0,6739.0,1251.0,4614.0,1266.0,4.002,115100.0,INLAND,151824.0,36724.0,31.90616854908775
-122.41,37.64,38.0,1204.0,268.0,921.0,247.0,4.4464,215400.0,NEAR OCEAN,262664.0,47264.0,21.94243268337976
-117.9,34.13,5.0,1126.0,316.0,819.0,311.0,1.5,139800.0,<1H OCEAN,224144.14,84344.14000000001,60.332002861230336
-121.87,39.75,22.0,1707.0,296.0,822.0,297.0,3.6625,126600.0,INLAND,100065.0,26535.0,20.959715639810426
-119.81,36.76,48.0,2059.0,388.0,834.0,405.0,2.9306,67900.0,INLAND,77577.0,9677.0,14.251840942562591
-121.87,37.32,39.0,1839.0,471.0,1528.0,456.0,2.6818,184900.0,<1H OCEAN,182665.0,2235.0,1.2087614926987562
-118.45,33.99,52.0,1829.0,472.0,779.0,424.0,3.1607,339000.0,<1H OCEAN,361879.03,22879.030000000028,6.748976401179949
-119.5,34.35,39.0,308.0,38.0,59.0,21.0,11.7794,500001.0,NEAR OCEAN,250623.21,249377.79,49.87545824908351
-117.92,33.91,33.0,2868.0,382.0,1204.0,412.0,6.1825,336900.0,<1H OCEAN,297095.0,39805.0,11.815078658355596
-119.8,36.75,52.0,1788.0,449.0,1156.0,418.0,1.7298,58400.0,INLAND,64801.0,6401.0,10.960616438356166
-118.23,33.93,39.0,2065.0,532.0,2015.0,535.0,0.8478,104900.0,<1H OCEAN,102533.0,2367.0,2.2564346997140134
-119.79,36.76,52.0,2408.0,498.0,1361.0,465.0,2.1055,61300.0,INLAND,63803.0,2503.0,4.083197389885807
-120.45,34.96,21.0,2121.0,445.0,2211.0,463.0,4.0603,117600.0,<1H OCEAN,164284.0,46684.0,39.697278911564624
-121.96,37.95,13.0,3216.0,765.0,1627.0,715.0,3.0859,167800.0,INLAND,146270.0,21530.0,12.830750893921335
-117.09,32.8,36.0,2163.0,367.0,915.0,360.0,4.7188,174100.0,NEAR OCEAN,181985.0,7885.0,4.5290063182079265
-117.85,33.62,18.0,729.0,105.0,316.0,108.0,10.3893,500001.0,<1H OCEAN,472844.49,27156.51000000001,5.431291137417727
-122.19,39.74,39.0,4179.0,814.0,2111.0,809.0,2.3507,65600.0,INLAND,77666.0,12066.0,18.39329268292683
-122.45,37.9,30.0,3763.0,717.0,1292.0,632.0,8.4888,500001.0,NEAR BAY,462501.23,37499.77000000002,7.499939000122004
-122.06,37.86,16.0,5187.0,1014.0,1512.0,986.0,4.4551,252400.0,NEAR BAY,285219.11,32819.109999999986,13.002816957210772
-120.5,38.87,10.0,81.0,41.0,55.0,16.0,4.9583,87500.0,INLAND,172444.0,84944.0,97.07885714285715
-120.41,34.87,15.0,1534.0,251.0,761.0,240.0,4.9028,193600.0,<1H OCEAN,210208.0,16608.0,8.578512396694213
-117.76,34.13,8.0,16759.0,2274.0,7249.0,2156.0,7.4837,358700.0,INLAND,312661.0,46039.0,12.83495957624756
-121.32,36.79,30.0,516.0,90.0,288.0,95.0,3.6333,202500.0,INLAND,184785.0,17715.0,8.748148148148148
-121.96,37.53,23.0,2215.0,475.0,1278.0,492.0,4.2955,218800.0,<1H OCEAN,231692.0,12892.0,5.892138939670932
-124.09,40.92,12.0,2497.0,491.0,1153.0,462.0,2.8182,126900.0,NEAR OCEAN,100954.0,25946.0,20.44602048857368
-121.49,37.94,31.0,1860.0,394.0,1848.0,293.0,2.2891,162500.0,INLAND,87717.0,74783.0,46.020307692307696
-117.26,33.18,9.0,4540.0,793.0,2235.0,746.0,4.5781,225600.0,NEAR OCEAN,243808.0,18208.0,8.070921985815604
-115.51,33.12,21.0,1024.0,218.0,890.0,232.0,2.101,46700.0,INLAND,59964.0,13264.0,28.402569593147753
-117.88,33.74,16.0,1444.0,446.0,2329.0,441.0,3.1691,159400.0,<1H OCEAN,165735.0,6335.0,3.9742785445420328
-122.42,37.78,52.0,989.0,425.0,634.0,341.0,2.4414,275000.0,NEAR BAY,300206.1,25206.099999999977,9.165854545454536
-122.2,37.75,36.0,606.0,132.0,531.0,133.0,1.5809,70000.0,NEAR BAY,85389.0,15389.0,21.984285714285715
-116.96,34.94,20.0,2355.0,467.0,1198.0,428.0,3.9934,88500.0,INLAND,93425.0,4925.0,5.564971751412429
-117.95,33.84,34.0,1229.0,215.0,1035.0,218.0,3.5455,180000.0,<1H OCEAN,177500.0,2500.0,1.3888888888888888
-121.93,37.71,26.0,4822.0,845.0,2288.0,805.0,4.2281,206000.0,<1H OCEAN,247972.01,41972.01000000001,20.374762135922335
-121.77,37.22,16.0,1617.0,306.0,667.0,264.0,4.5221,191100.0,<1H OCEAN,263127.05,72027.04999999999,37.69076399790685
-121.96,38.34,14.0,3035.0,680.0,1597.0,663.0,3.6036,143500.0,INLAND,140454.0,3046.0,2.122648083623693
-121.32,36.42,20.0,1054.0,269.0,1219.0,273.0,3.0437,76600.0,<1H OCEAN,151360.0,74760.0,97.59791122715404
-118.44,33.98,21.0,18132.0,5419.0,7431.0,4930.0,5.3359,500001.0,<1H OCEAN,385718.33,114282.66999999998,22.85648828702342
-124.17,40.8,52.0,1606.0,419.0,891.0,367.0,1.585,75500.0,NEAR OCEAN,75961.0,461.0,0.6105960264900662
-122.23,37.45,34.0,4177.0,723.0,1586.0,660.0,5.0457,395100.0,NEAR OCEAN,347501.06,47598.94,12.047314603897748
-117.15,34.48,31.0,265.0,55.0,186.0,55.0,2.125,64800.0,INLAND,117317.0,52517.0,81.04475308641975
-117.98,34.14,24.0,1596.0,388.0,1329.0,352.0,3.0417,148000.0,INLAND,147408.0,592.0,0.4
-120.95,37.59,29.0,1727.0,439.0,1063.0,386.0,1.8929,63600.0,INLAND,90729.0,27129.0,42.65566037735849
-121.95,37.35,48.0,1246.0,294.0,697.0,284.0,3.6118,235500.0,<1H OCEAN,245919.0,10419.0,4.424203821656051
-122.38,37.34,33.0,1054.0,209.0,400.0,161.0,7.7773,456300.0,NEAR OCEAN,448254.45,8045.549999999988,1.7632149901380643
-121.47,38.68,19.0,946.0,182.0,474.0,173.0,5.0155,97300.0,INLAND,170126.0,72826.0,74.84686536485098
-118.45,34.19,11.0,2479.0,900.0,2466.0,855.0,2.2264,181300.0,<1H OCEAN,198094.0,16794.0,9.263099834528406
-121.88,37.26,25.0,3025.0,689.0,1755.0,661.0,3.8893,218600.0,<1H OCEAN,223280.0,4680.0,2.140896614821592
-121.8,40.34,26.0,4815.0,910.0,1341.0,539.0,2.881,79800.0,INLAND,94088.0,14288.0,17.904761904761905
-121.82,37.39,37.0,4137.0,636.0,1569.0,578.0,6.1008,286200.0,<1H OCEAN,413243.19,127043.19,44.38965408805032
-120.87,38.71,13.0,2692.0,470.0,1302.0,420.0,4.0,167400.0,INLAND,155212.0,12188.0,7.2807646356033455
-115.56,32.79,20.0,2372.0,835.0,2283.0,767.0,1.1707,62500.0,INLAND,59256.0,3244.0,5.1903999999999995
-122.49,37.7,36.0,1946.0,340.0,828.0,313.0,5.2811,287700.0,NEAR OCEAN,315716.0,28016.0,9.737921445950642
-118.37,34.03,37.0,1236.0,,966.0,292.0,3.0694,122200.0,<1H OCEAN,245882.02,123682.01999999999,101.2127823240589
-118.39,34.15,36.0,2696.0,713.0,905.0,659.0,3.1146,373500.0,<1H OCEAN,376425.11,2925.109999999986,0.783161981258363
-119.78,36.73,52.0,1377.0,319.0,1280.0,259.0,1.2344,43300.0,INLAND,50945.0,7645.0,17.655889145496538
-117.89,33.66,33.0,3595.0,785.0,1621.0,732.0,4.1372,265200.0,<1H OCEAN,271535.0,6335.0,2.388763197586727
-121.37,38.56,19.0,6308.0,1167.0,3012.0,1112.0,2.9464,113500.0,INLAND,118471.0,4971.0,4.379735682819383
-118.2,33.85,46.0,1854.0,462.0,1360.0,429.0,2.4844,158200.0,<1H OCEAN,156243.0,1957.0,1.2370417193426042
-120.46,37.31,26.0,3170.0,572.0,1524.0,565.0,3.48,95300.0,INLAND,106394.0,11094.0,11.641133263378805
-120.94,37.65,13.0,5075.0,978.0,3033.0,838.0,3.0577,119000.0,INLAND,113146.0,5854.0,4.919327731092437
-121.79,37.66,22.0,14701.0,2210.0,6693.0,2232.0,5.98,245000.0,INLAND,269090.0,24090.0,9.832653061224491
-122.08,40.64,14.0,3099.0,519.0,1447.0,494.0,4.0132,141200.0,INLAND,133446.0,7754.0,5.491501416430595
-118.41,34.02,34.0,1430.0,357.0,805.0,362.0,3.3462,307000.0,<1H OCEAN,328942.05,21942.04999999999,7.1472475570032525
-118.3,33.97,46.0,1425.0,317.0,1140.0,304.0,3.375,98500.0,<1H OCEAN,131598.0,33098.0,33.602030456852795
-118.42,34.16,46.0,54.0,9.0,20.0,6.0,0.536,375000.0,<1H OCEAN,355162.27,19837.72999999998,5.290061333333329
-121.88,37.44,17.0,1621.0,299.0,1028.0,293.0,5.2722,186900.0,<1H OCEAN,232927.0,46027.0,24.62653825575174
-118.17,34.19,45.0,1790.0,316.0,1035.0,312.0,4.0985,173100.0,<1H OCEAN,217304.0,44204.0,25.536683997689195
-116.86,32.87,17.0,5799.0,921.0,2630.0,843.0,5.0524,285400.0,<1H OCEAN,210613.0,74787.0,26.20427470217239
-118.13,33.86,37.0,2259.0,425.0,1183.0,413.0,5.1805,201600.0,<1H OCEAN,248692.02,47092.01999999999,23.359136904761897
-119.24,35.77,28.0,1737.0,521.0,1764.0,514.0,1.7813,67800.0,INLAND,53026.0,14774.0,21.7905604719764
-121.67,36.93,22.0,569.0,132.0,542.0,125.0,2.1875,187500.0,<1H OCEAN,149396.0,38104.0,20.322133333333333
-121.94,37.31,5.0,2364.0,578.0,1102.0,502.0,5.2642,246400.0,<1H OCEAN,310268.03,63868.03000000003,25.920466720779235
-119.33,36.32,23.0,3137.0,628.0,1446.0,548.0,2.5,85500.0,INLAND,81135.0,4365.0,5.105263157894737
-117.23,32.8,27.0,1297.0,355.0,776.0,337.0,2.4643,244400.0,NEAR OCEAN,223035.01,21364.98999999999,8.741812602291322
-121.27,37.96,41.0,461.0,101.0,382.0,79.0,1.275,54000.0,INLAND,66938.0,12938.0,23.95925925925926
-118.19,34.13,50.0,1309.0,302.0,883.0,293.0,3.1287,198000.0,<1H OCEAN,193560.0,4440.0,2.242424242424242
-122.52,37.88,52.0,176.0,50.0,88.0,46.0,3.8068,275000.0,NEAR BAY,404165.03,129165.03000000003,46.96910181818183
-118.11,33.9,35.0,1323.0,269.0,1084.0,240.0,5.0753,178000.0,<1H OCEAN,185545.0,7545.0,4.23876404494382
-121.76,38.57,11.0,15018.0,3008.0,7984.0,2962.0,3.1371,201800.0,INLAND,144209.0,57591.0,28.538652130822594
-116.97,33.78,24.0,2680.0,606.0,1728.0,527.0,2.535,74800.0,INLAND,112959.0,38159.0,51.01470588235294
-117.17,32.75,28.0,1514.0,384.0,540.0,352.0,2.1532,240000.0,NEAR OCEAN,159844.0,80156.0,33.39833333333333
-118.4,33.87,38.0,2398.0,431.0,911.0,392.0,5.2319,500001.0,<1H OCEAN,411610.34,88390.65999999997,17.678096643806708
-118.41,34.03,24.0,3711.0,1192.0,1764.0,1147.0,3.1642,366700.0,<1H OCEAN,355315.03,11384.969999999972,3.1047095718570965
-122.63,38.24,45.0,1615.0,338.0,823.0,327.0,2.5179,145500.0,<1H OCEAN,212345.0,66845.0,45.94158075601374
-120.59,37.59,36.0,291.0,48.0,124.0,47.0,5.6945,154200.0,INLAND,198574.0,44374.0,28.7769130998703
-120.98,38.34,27.0,3471.0,653.0,1793.0,600.0,3.5508,99100.0,INLAND,135639.0,36539.0,36.870837537840565
-118.37,33.93,10.0,199.0,41.0,61.0,56.0,2.8958,245800.0,<1H OCEAN,222970.04,22829.959999999992,9.2880227827502
-118.28,34.17,52.0,2332.0,433.0,1135.0,440.0,5.5658,331200.0,<1H OCEAN,361195.06,29995.059999999998,9.056479468599035
-118.21,34.04,47.0,1306.0,391.0,1499.0,346.0,2.2788,139600.0,<1H OCEAN,142901.0,3301.0,2.3646131805157595
-122.4,37.76,52.0,4265.0,912.0,1555.0,836.0,4.119,298300.0,NEAR BAY,321537.02,23237.02000000002,7.789815621857198
-118.4,34.14,45.0,417.0,89.0,187.0,88.0,5.1377,360700.0,<1H OCEAN,326715.12,33984.880000000005,9.42192403659551
-121.53,38.56,39.0,2438.0,483.0,1103.0,472.0,2.9375,86600.0,INLAND,104460.0,17860.0,20.623556581986143
-121.89,37.25,23.0,2705.0,449.0,1180.0,442.0,6.0791,316500.0,<1H OCEAN,301736.01,14763.98999999999,4.664767772511846
-119.65,36.35,38.0,3148.0,568.0,1378.0,537.0,2.8788,85500.0,INLAND,76994.0,8506.0,9.948538011695906
-117.95,35.13,4.0,2630.0,502.0,1150.0,422.0,4.25,104400.0,INLAND,99573.0,4827.0,4.623563218390805
-121.96,38.02,35.0,2691.0,542.0,1409.0,505.0,3.016,95300.0,INLAND,107221.0,11921.0,12.508919202518362
-122.04,38.24,22.0,2761.0,757.0,2612.0,641.0,1.6875,87500.0,INLAND,97240.0,9740.0,11.131428571428572
-122.11,37.14,29.0,3201.0,640.0,1722.0,570.0,4.4597,204100.0,NEAR OCEAN,263633.07,59533.07000000001,29.1685791278785
-117.3,34.12,50.0,1629.0,437.0,1581.0,394.0,2.2019,63500.0,INLAND,75476.0,11976.0,18.85984251968504
-122.58,38.46,15.0,2936.0,517.0,1182.0,501.0,3.3981,246900.0,<1H OCEAN,194227.0,52673.0,21.333738355609558
-122.18,37.8,23.0,2317.0,336.0,955.0,328.0,6.7527,285800.0,NEAR BAY,338384.03,52584.03000000003,18.398890832750183
-118.15,34.67,5.0,12317.0,2953.0,6291.0,2654.0,3.5732,146900.0,INLAND,140637.0,6263.0,4.263444520081689
-118.19,33.82,11.0,872.0,203.0,422.0,221.0,4.6364,156300.0,NEAR OCEAN,233732.01,77432.01000000001,49.54063339731287
-121.46,38.55,40.0,2077.0,435.0,1454.0,385.0,2.0074,57000.0,INLAND,71333.0,14333.0,25.14561403508772
-117.99,33.66,29.0,1330.0,293.0,613.0,236.0,4.6591,353100.0,<1H OCEAN,313750.05,39349.95000000001,11.144137638062874
-118.27,33.76,46.0,22.0,11.0,32.0,7.0,3.125,112500.0,NEAR OCEAN,248157.01,135657.01,120.58400888888889
-117.28,32.83,34.0,2392.0,653.0,933.0,619.0,3.7306,500000.0,NEAR OCEAN,388012.31,111987.69,22.397538
-118.34,33.93,33.0,4294.0,1224.0,4512.0,1189.0,2.8304,143700.0,<1H OCEAN,175344.0,31644.0,22.02087682672234
-119.55,36.72,6.0,1186.0,234.0,1135.0,218.0,2.1515,63900.0,INLAND,91155.0,27255.0,42.652582159624416
-116.48,33.94,10.0,3254.0,913.0,923.0,486.0,1.8,81000.0,INLAND,99578.0,18578.0,22.9358024691358
-120.93,39.96,15.0,1666.0,351.0,816.0,316.0,2.9559,118800.0,INLAND,92886.0,25914.0,21.81313131313131
-114.65,33.6,28.0,1678.0,322.0,666.0,256.0,2.9653,94900.0,INLAND,83100.0,11800.0,12.434141201264488
-122.48,37.75,48.0,2555.0,548.0,1285.0,482.0,3.7734,314700.0,NEAR BAY,330037.0,15337.0,4.873530346361614
-117.85,34.1,22.0,5179.0,944.0,2315.0,884.0,4.51,189900.0,<1H OCEAN,209649.0,19749.0,10.399684044233808
-122.29,37.9,52.0,1604.0,263.0,594.0,286.0,5.338,270900.0,NEAR BAY,329727.1,58827.09999999998,21.71543004798818
-120.81,38.73,38.0,2005.0,385.0,882.0,353.0,2.5104,120500.0,INLAND,107355.0,13145.0,10.908713692946058
-122.26,37.78,52.0,970.0,217.0,528.0,208.0,3.3438,201300.0,NEAR BAY,200614.0,686.0,0.34078489816194735
-118.47,33.99,41.0,1146.0,310.0,833.0,270.0,2.5938,285000.0,<1H OCEAN,338782.03,53782.03000000003,18.870887719298253
-116.39,33.82,15.0,11115.0,2257.0,4122.0,1653.0,2.7219,74400.0,INLAND,112296.0,37896.0,50.935483870967744
-117.85,33.79,46.0,1846.0,383.0,867.0,336.0,3.4234,200000.0,<1H OCEAN,209574.0,9574.0,4.787
-122.27,37.89,52.0,1978.0,293.0,723.0,272.0,5.3989,335600.0,NEAR BAY,318287.05,17312.95000000001,5.15880512514899
-122.32,37.55,44.0,2151.0,411.0,849.0,370.0,4.4583,397100.0,NEAR OCEAN,380844.11,16255.890000000014,4.093651473180563
-118.58,34.17,29.0,3393.0,574.0,1471.0,587.0,6.2064,334900.0,<1H OCEAN,389404.16,54504.159999999974,16.274756643774253
-118.44,34.32,14.0,6235.0,1286.0,3568.0,1190.0,4.1724,211600.0,<1H OCEAN,213021.0,1421.0,0.6715500945179584
-116.15,34.14,18.0,3312.0,705.0,1251.0,512.0,3.0139,82600.0,INLAND,78051.0,4549.0,5.50726392251816
-117.92,33.75,32.0,790.0,199.0,1196.0,201.0,3.0625,142800.0,<1H OCEAN,163818.0,21018.0,14.718487394957982
-118.36,33.89,27.0,2837.0,684.0,2141.0,648.0,3.1325,215000.0,<1H OCEAN,228600.0,13600.0,6.325581395348837
-117.91,33.78,26.0,4297.0,1037.0,3596.0,967.0,3.045,184000.0,<1H OCEAN,184287.0,287.0,0.15597826086956523
-117.39,34.09,10.0,5736.0,945.0,3528.0,932.0,4.3958,130700.0,INLAND,137376.0,6676.0,5.10788064269319
-118.08,33.86,17.0,2259.0,383.0,1378.0,386.0,5.8733,287000.0,<1H OCEAN,293037.05,6037.049999999988,2.1035017421602746
-117.82,33.67,17.0,2895.0,439.0,1588.0,450.0,6.276,290700.0,<1H OCEAN,289322.0,1378.0,0.4740282077743378
-116.89,32.99,14.0,2816.0,501.0,1448.0,452.0,5.0278,210900.0,<1H OCEAN,192252.0,18648.0,8.842105263157894
-117.98,34.07,15.0,3543.0,888.0,3131.0,823.0,3.0184,139400.0,INLAND,147935.0,8535.0,6.122668579626973
-122.71,38.42,23.0,1569.0,414.0,1031.0,368.0,1.6267,129200.0,<1H OCEAN,142403.0,13203.0,10.219040247678018
-122.13,37.44,38.0,2835.0,447.0,1148.0,446.0,5.9277,446600.0,NEAR BAY,369311.07,77288.93,17.306074787281684
-121.47,39.01,37.0,1244.0,247.0,484.0,157.0,2.3661,77500.0,INLAND,87105.0,9605.0,12.393548387096773
-118.08,33.94,21.0,3933.0,949.0,2219.0,820.0,2.4926,171400.0,<1H OCEAN,174535.0,3135.0,1.8290548424737456
-119.03,34.25,25.0,3344.0,502.0,1483.0,496.0,6.196,340600.0,<1H OCEAN,276384.01,64215.98999999999,18.8537844979448
-118.13,33.81,37.0,1228.0,237.0,572.0,242.0,4.325,223900.0,<1H OCEAN,222701.0,1199.0,0.5355069227333631
-117.88,33.74,31.0,1120.0,296.0,1718.0,268.0,2.8077,140300.0,<1H OCEAN,169483.0,29183.0,20.800427655024947
-118.16,33.77,38.0,3235.0,769.0,1284.0,752.0,2.9384,304100.0,NEAR OCEAN,249051.0,55049.0,18.102268990463664
-122.79,39.02,23.0,642.0,203.0,265.0,84.0,1.8833,96900.0,INLAND,83223.98,13676.020000000004,14.11353973168215
-120.03,38.19,26.0,7005.0,1358.0,416.0,189.0,2.125,132500.0,INLAND,108171.0,24329.0,18.361509433962265
-117.09,32.57,17.0,444.0,83.0,357.0,87.0,5.1478,138900.0,NEAR OCEAN,174184.02,35284.01999999999,25.402462203023752
-119.57,37.94,17.0,346.0,130.0,51.0,20.0,3.4861,137500.0,INLAND,147000.0,9500.0,6.909090909090909
-121.07,39.13,8.0,4839.0,832.0,1977.0,762.0,4.0848,155900.0,INLAND,176631.0,20731.0,13.297626683771648
-115.57,32.78,25.0,2007.0,301.0,1135.0,332.0,5.128,99600.0,INLAND,137581.01,37981.01000000001,38.133544176706835
-117.09,33.15,13.0,3958.0,865.0,1981.0,840.0,3.4764,137500.0,<1H OCEAN,175567.0,38067.0,27.68509090909091
-122.85,38.62,16.0,4418.0,704.0,1908.0,697.0,4.5913,244600.0,<1H OCEAN,235237.0,9363.0,3.827882256745707
-118.47,34.23,22.0,8350.0,2717.0,9135.0,2452.0,2.5008,160000.0,<1H OCEAN,188838.0,28838.0,18.02375
-118.14,34.17,42.0,2757.0,713.0,2112.0,653.0,2.7148,166800.0,<1H OCEAN,177421.01,10621.01000000001,6.367511990407679
-122.45,37.71,49.0,2244.0,442.0,1948.0,423.0,4.7639,251500.0,NEAR OCEAN,266339.03,14839.030000000028,5.900210735586492
-122.04,38.25,38.0,1214.0,244.0,632.0,254.0,2.8438,94200.0,INLAND,102287.0,8087.0,8.584925690021231
-118.8,34.21,16.0,1466.0,196.0,661.0,209.0,6.2893,282700.0,<1H OCEAN,266754.0,15946.0,5.640608418818536
-118.08,34.16,42.0,3490.0,665.0,1713.0,620.0,4.5461,242400.0,INLAND,290758.0,48358.0,19.9496699669967
-117.04,32.74,33.0,3880.0,770.0,2288.0,805.0,3.6848,140700.0,NEAR OCEAN,144183.0,3483.0,2.475479744136461
-121.87,37.27,18.0,3561.0,560.0,1753.0,553.0,5.0292,269400.0,<1H OCEAN,256478.0,12922.0,4.796585003711953
-120.48,41.82,20.0,1367.0,284.0,429.0,181.0,2.0227,47500.0,INLAND,66607.0,19107.0,40.22526315789474
-122.76,38.35,30.0,2260.0,374.0,958.0,359.0,5.0323,222400.0,<1H OCEAN,248089.0,25689.0,11.550809352517986
-122.34,40.51,16.0,2247.0,502.0,1206.0,463.0,1.9946,119200.0,INLAND,78434.0,40766.0,34.1996644295302
-117.0,32.73,17.0,6050.0,1143.0,3424.0,1131.0,3.7647,127600.0,<1H OCEAN,151575.0,23975.0,18.789184952978054
-117.31,34.5,14.0,2443.0,447.0,883.0,465.0,2.1111,116700.0,INLAND,102031.0,14669.0,12.569837189374464
-119.33,36.32,19.0,2778.0,431.0,1092.0,451.0,5.2561,121300.0,INLAND,130728.0,9428.0,7.772464962901895
-123.19,39.12,38.0,267.0,57.0,196.0,60.0,2.3125,70000.0,<1H OCEAN,122020.0,52020.0,74.31428571428572
-118.43,34.18,33.0,2717.0,662.0,1546.0,597.0,3.9099,267500.0,<1H OCEAN,262071.0,5429.0,2.0295327102803737
-118.24,34.14,27.0,2909.0,1021.0,2614.0,935.0,2.1444,229000.0,<1H OCEAN,222818.0,6182.0,2.699563318777293
-122.46,37.75,52.0,1207.0,152.0,465.0,162.0,10.7569,500001.0,NEAR BAY,499758.99,242.0100000000093,0.04840190319619547
-117.05,32.75,35.0,2144.0,388.0,1003.0,383.0,3.0938,137300.0,NEAR OCEAN,154915.0,17615.0,12.829570284049527
-118.96,34.3,16.0,3103.0,482.0,1567.0,467.0,6.907,500001.0,<1H OCEAN,349881.03,150119.96999999997,30.023933952132094
-122.14,37.46,27.0,5580.0,2009.0,4165.0,1763.0,2.4375,189000.0,NEAR BAY,190581.0,1581.0,0.8365079365079365
-118.44,34.24,35.0,2344.0,435.0,1531.0,399.0,3.725,178200.0,<1H OCEAN,185387.0,7187.0,4.0331088664422
-121.42,38.55,35.0,182.0,39.0,115.0,43.0,2.6417,98900.0,INLAND,93509.0,5391.0,5.450960566228514
-121.87,37.33,37.0,3137.0,685.0,2048.0,651.0,3.0156,270300.0,<1H OCEAN,183019.0,87281.0,32.29041805401406
-122.22,37.46,37.0,2586.0,495.0,1208.0,502.0,4.3214,342700.0,NEAR OCEAN,342662.09,37.90999999997439,0.011062153487007408
-118.35,34.16,49.0,1305.0,228.0,584.0,255.0,5.636,267900.0,<1H OCEAN,352880.14,84980.14000000001,31.7208435983576
-117.88,33.83,25.0,1785.0,248.0,750.0,251.0,6.8407,266700.0,<1H OCEAN,298804.02,32104.02000000002,12.037502812148489
-119.87,36.79,8.0,2875.0,548.0,1718.0,551.0,3.6522,80200.0,INLAND,85652.0,5452.0,6.798004987531173
-122.27,37.85,52.0,4076.0,920.0,1800.0,815.0,2.7054,182300.0,NEAR BAY,192209.0,9909.0,5.435545803620405
-118.16,33.87,32.0,1854.0,471.0,1363.0,478.0,2.6406,156700.0,<1H OCEAN,177843.0,21143.0,13.492661135928527
-120.87,37.76,16.0,2022.0,413.0,1126.0,408.0,2.5655,116400.0,INLAND,121110.0,4710.0,4.046391752577319
-122.44,37.77,52.0,2705.0,647.0,1355.0,628.0,2.0161,364300.0,NEAR BAY,272811.0,91489.0,25.11364260225089
-117.37,34.01,15.0,1386.0,247.0,703.0,185.0,3.6415,124200.0,INLAND,131662.0,7462.0,6.00805152979066
-118.47,34.03,29.0,3287.0,882.0,1523.0,823.0,3.7381,290600.0,<1H OCEAN,411166.1,120566.09999999998,41.48867859600825
-118.28,33.92,39.0,1274.0,282.0,975.0,277.0,1.5114,90400.0,<1H OCEAN,100761.0,10361.0,11.461283185840708
-117.8,33.69,16.0,2745.0,447.0,1429.0,411.0,6.8219,325500.0,<1H OCEAN,289414.0,36086.0,11.086328725038403
-122.17,38.08,7.0,18392.0,2782.0,8276.0,2742.0,6.4232,229200.0,NEAR BAY,297780.0,68580.0,29.921465968586386
-118.07,34.07,31.0,1370.0,284.0,1062.0,277.0,3.5156,199300.0,<1H OCEAN,176446.0,22854.0,11.46713497240341
-122.15,37.47,39.0,1295.0,239.0,566.0,242.0,5.6407,326400.0,NEAR BAY,348780.09,22380.090000000026,6.856645220588244
-117.82,33.81,19.0,2556.0,304.0,822.0,260.0,9.9055,456900.0,<1H OCEAN,474921.53,18021.530000000028,3.9443050995841604
-121.86,37.39,17.0,1777.0,328.0,1235.0,329.0,5.4225,258100.0,<1H OCEAN,228117.0,29983.0,11.616815187911662
-117.19,32.75,52.0,25.0,5.0,13.0,5.0,0.536,162500.0,NEAR OCEAN,178648.1,16148.100000000006,9.93729230769231
-121.29,38.03,7.0,2021.0,441.0,1615.0,406.0,2.5842,111300.0,INLAND,113255.0,1955.0,1.7565139263252472
-121.89,37.45,15.0,2428.0,513.0,1687.0,519.0,4.75,254400.0,<1H OCEAN,219185.0,35215.0,13.842374213836479
-118.95,34.81,30.0,2817.0,604.0,1089.0,412.0,3.1364,123500.0,INLAND,112997.0,10503.0,8.504453441295547
-118.43,34.01,31.0,2526.0,528.0,1046.0,504.0,4.7009,500001.0,<1H OCEAN,416347.2,83653.79999999999,16.730726538546918
-121.94,38.35,8.0,3157.0,559.0,1758.0,569.0,4.412,140100.0,INLAND,142915.0,2815.0,2.009279086366881
-118.29,33.92,23.0,2503.0,532.0,1735.0,505.0,2.7368,162800.0,<1H OCEAN,165063.0,2263.0,1.39004914004914
-118.08,33.87,23.0,2536.0,552.0,2012.0,556.0,4.1406,200800.0,<1H OCEAN,189343.0,11457.0,5.705677290836653
-117.17,32.71,7.0,2493.0,693.0,951.0,641.0,4.2375,205000.0,NEAR OCEAN,263351.04,58351.03999999998,28.4639219512195
-118.46,34.03,52.0,523.0,,317.0,130.0,2.2794,337500.0,<1H OCEAN,312133.09,25366.909999999974,7.516121481481473
-120.59,37.35,15.0,3249.0,613.0,1569.0,595.0,3.5393,88000.0,INLAND,100356.0,12356.0,14.04090909090909
-122.26,37.45,17.0,2742.0,441.0,986.0,421.0,5.9285,496000.0,NEAR OCEAN,409066.18,86933.82,17.52697983870968
-117.31,34.53,26.0,2299.0,496.0,1259.0,441.0,2.6125,79900.0,INLAND,109649.0,29749.0,37.23279098873592
-120.48,39.66,32.0,1516.0,289.0,304.0,131.0,1.8839,71000.0,INLAND,75433.0,4433.0,6.243661971830986
-118.45,34.31,9.0,1739.0,358.0,820.0,323.0,4.0556,182500.0,<1H OCEAN,211639.01,29139.01000000001,15.966580821917814
-118.16,34.04,45.0,332.0,70.0,302.0,60.0,3.1895,156300.0,<1H OCEAN,175329.0,19029.0,12.174664107485604
-118.23,33.93,37.0,239.0,49.0,308.0,52.0,1.4028,105400.0,<1H OCEAN,183084.0,77684.0,73.70398481973434
-121.04,37.5,33.0,613.0,123.0,343.0,116.0,3.1875,129200.0,INLAND,139290.0,10090.0,7.809597523219815
-121.13,36.21,34.0,2504.0,550.0,1810.0,547.0,3.4821,113700.0,<1H OCEAN,176168.0,62468.0,54.941072999120486
-121.88,37.24,24.0,4420.0,996.0,2981.0,975.0,3.506,226400.0,<1H OCEAN,243502.0,17102.0,7.553886925795053
-118.35,34.17,47.0,858.0,170.0,365.0,171.0,2.0385,225000.0,<1H OCEAN,240942.0,15942.0,7.085333333333334
-121.94,37.34,29.0,3377.0,853.0,1674.0,792.0,3.4233,229300.0,<1H OCEAN,277473.0,48173.0,21.008722197993894
-121.17,37.82,35.0,2506.0,406.0,1316.0,398.0,3.8472,197600.0,INLAND,142636.0,54964.0,27.81578947368421
-118.4,34.07,22.0,2170.0,593.0,850.0,520.0,2.9107,500001.0,<1H OCEAN,376458.18,123542.82,24.708514582970835
-122.41,37.77,52.0,361.0,76.0,168.0,55.0,3.2292,275000.0,NEAR BAY,293315.02,18315.02000000002,6.660007272727279
-122.1,37.4,23.0,514.0,210.0,367.0,206.0,3.1736,181300.0,NEAR BAY,219519.0,38219.0,21.080529509100938
-121.29,38.67,20.0,1992.0,363.0,889.0,346.0,3.6516,130500.0,INLAND,136121.0,5621.0,4.30727969348659
-119.69,36.82,15.0,3303.0,512.0,1687.0,505.0,4.81,93600.0,INLAND,119475.0,25875.0,27.64423076923077
-118.28,34.18,47.0,2243.0,339.0,911.0,319.0,7.4046,446800.0,<1H OCEAN,445254.34,1545.6599999999744,0.3459400179050972
-118.02,34.04,27.0,5640.0,1001.0,3538.0,978.0,5.065,215400.0,<1H OCEAN,253299.01,37899.01000000001,17.594712163416904
-120.45,34.65,25.0,980.0,276.0,896.0,245.0,2.0,87500.0,NEAR OCEAN,139037.0,51537.0,58.89942857142857
-122.18,37.8,34.0,1355.0,195.0,442.0,195.0,6.2838,318200.0,NEAR BAY,391437.09,73237.09000000003,23.0160559396606
-118.41,34.19,39.0,1169.0,242.0,612.0,247.0,4.1429,200000.0,<1H OCEAN,219479.0,19479.0,9.7395
-122.42,37.79,52.0,3511.0,1232.0,2452.0,1131.0,2.5013,275000.0,NEAR BAY,323150.1,48150.09999999998,17.509127272727266
-117.28,34.26,18.0,3895.0,,1086.0,375.0,3.3672,133600.0,INLAND,118307.0,15293.0,11.44685628742515
-118.31,34.01,52.0,2547.0,475.0,1417.0,444.0,1.8214,123200.0,<1H OCEAN,121908.0,1292.0,1.0487012987012987
-118.28,33.97,31.0,2017.0,566.0,2063.0,521.0,1.9219,107000.0,<1H OCEAN,103077.0,3923.0,3.6663551401869157
-121.89,36.63,20.0,1834.0,554.0,971.0,514.0,3.0383,217300.0,<1H OCEAN,213647.01,3652.9899999999907,1.6810814542107644
-118.56,34.23,36.0,2406.0,432.0,1242.0,454.0,4.6944,221800.0,<1H OCEAN,224175.0,2375.0,1.0707844905320107
-121.62,39.13,41.0,1147.0,243.0,583.0,239.0,2.2431,63400.0,INLAND,82471.0,19071.0,30.080441640378545
-121.86,37.37,15.0,8162.0,2124.0,8793.0,2086.0,3.3306,210300.0,<1H OCEAN,204053.0,6247.0,2.970518307180219
-122.2,37.77,43.0,2430.0,502.0,1537.0,484.0,2.898,121400.0,NEAR BAY,131849.0,10449.0,8.607084019769358
-117.71,34.1,41.0,555.0,130.0,1492.0,123.0,2.2813,125000.0,INLAND,121146.0,3854.0,3.0831999999999997
-118.41,34.21,35.0,2215.0,459.0,1594.0,446.0,4.0167,193200.0,<1H OCEAN,189222.0,3978.0,2.059006211180124
-118.2,33.98,32.0,1403.0,399.0,1506.0,375.0,2.0,172700.0,<1H OCEAN,156662.0,16038.0,9.286624203821656
-118.08,34.55,5.0,16181.0,2971.0,8152.0,2651.0,4.5237,141800.0,INLAND,151357.0,9557.0,6.739774330042312
-121.76,37.69,29.0,3433.0,711.0,1919.0,709.0,3.3841,184400.0,INLAND,170336.0,14064.0,7.626898047722343
-122.02,37.94,19.0,3192.0,612.0,1317.0,594.0,4.125,267100.0,NEAR BAY,201810.0,65290.0,24.444028453762638
-118.27,34.09,52.0,2327.0,555.0,1048.0,491.0,3.7847,252300.0,<1H OCEAN,254954.0,2654.0,1.0519223147047165
-122.02,37.89,29.0,6349.0,858.0,2450.0,778.0,7.5,356200.0,NEAR BAY,388265.0,32065.0,9.001965188096575
-121.88,37.46,5.0,1819.0,245.0,802.0,228.0,10.9722,500001.0,<1H OCEAN,497863.94,2137.0599999999977,0.4274111451777092
-118.1,33.84,36.0,1915.0,316.0,850.0,319.0,4.7222,225800.0,<1H OCEAN,224414.0,1386.0,0.6138175376439327
-117.85,34.07,32.0,761.0,101.0,295.0,95.0,11.1077,500001.0,<1H OCEAN,479787.47,20213.530000000028,4.042697914604176
-117.04,32.8,11.0,1802.0,440.0,630.0,428.0,2.0337,146700.0,<1H OCEAN,131314.0,15386.0,10.488070892978868
-118.38,33.81,20.0,1975.0,306.0,703.0,292.0,8.5491,410300.0,NEAR OCEAN,476966.81,66666.81,16.24830855471606
-122.29,37.87,44.0,2539.0,755.0,1382.0,713.0,2.537,175000.0,NEAR BAY,197504.0,22504.0,12.859428571428571
-120.17,39.33,18.0,1046.0,204.0,486.0,179.0,4.119,110900.0,INLAND,144327.0,33427.0,30.141568981064022
-122.0,38.41,11.0,2838.0,429.0,1331.0,426.0,4.945,298400.0,INLAND,182186.0,116214.0,38.94571045576408
-118.12,33.85,37.0,2386.0,409.0,1101.0,399.0,4.6908,218200.0,<1H OCEAN,218956.0,756.0,0.34647112740604946
-118.29,33.71,40.0,1933.0,475.0,902.0,412.0,4.25,332800.0,NEAR OCEAN,320383.07,12416.929999999993,3.731048677884613
-120.84,37.07,24.0,1520.0,335.0,882.0,306.0,2.2019,100000.0,INLAND,87425.0,12575.0,12.575
-118.38,34.07,21.0,3653.0,956.0,1510.0,890.0,3.5573,500001.0,<1H OCEAN,434337.29,65663.71000000002,13.132715734568535
-121.97,37.97,24.0,1330.0,183.0,656.0,205.0,5.0092,244100.0,INLAND,195147.0,48953.0,20.054485866448175
-118.77,34.28,6.0,4685.0,965.0,2180.0,909.0,4.5458,208200.0,<1H OCEAN,264997.0,56797.0,27.28001921229587
-118.99,35.37,36.0,832.0,198.0,814.0,174.0,1.4773,57400.0,INLAND,51272.0,6128.0,10.67595818815331
-117.18,32.79,30.0,5201.0,1104.0,2961.0,1064.0,3.2661,140400.0,NEAR OCEAN,212503.01,72103.01000000001,51.355420227920234
-118.05,33.93,31.0,894.0,203.0,883.0,190.0,3.6771,141500.0,<1H OCEAN,166042.0,24542.0,17.344169611307418
-120.89,37.45,29.0,1940.0,337.0,1070.0,332.0,3.6597,145600.0,INLAND,142010.0,3590.0,2.465659340659341
-118.2,34.14,52.0,3800.0,646.0,1842.0,620.0,5.5524,293900.0,<1H OCEAN,356379.11,62479.109999999986,21.258628785301116
-118.48,34.19,36.0,2058.0,423.0,1132.0,423.0,3.8833,210400.0,<1H OCEAN,218321.0,7921.0,3.7647338403041823
-117.99,33.82,19.0,1991.0,528.0,1202.0,460.0,3.1538,252100.0,<1H OCEAN,203045.0,49055.0,19.45854819516065
-117.76,33.81,2.0,582.0,70.0,199.0,64.0,7.1193,500001.0,<1H OCEAN,366825.1,133175.90000000002,26.635126729746545
-118.93,34.4,17.0,3275.0,599.0,2422.0,637.0,3.7092,190500.0,<1H OCEAN,180249.0,10251.0,5.381102362204724
-122.13,37.71,44.0,1613.0,339.0,776.0,346.0,3.1103,188900.0,NEAR BAY,185063.0,3837.0,2.031233456855479
-122.07,37.89,38.0,2139.0,343.0,809.0,340.0,5.5636,268800.0,NEAR BAY,299133.02,30333.02000000002,11.284605654761911
-121.85,39.74,41.0,2901.0,689.0,1426.0,632.0,1.5633,84500.0,INLAND,65080.0,19420.0,22.98224852071006
-117.04,32.77,16.0,7963.0,1881.0,3769.0,1804.0,2.9624,144700.0,<1H OCEAN,155112.0,10412.0,7.195577055977885
-118.13,33.84,46.0,2439.0,429.0,944.0,374.0,4.2841,312400.0,<1H OCEAN,248523.0,63877.0,20.447183098591548
-117.13,32.72,17.0,1285.0,423.0,1208.0,409.0,1.758,126600.0,NEAR OCEAN,121836.0,4764.0,3.76303317535545
-117.72,33.61,26.0,2653.0,621.0,774.0,584.0,2.49,81100.0,<1H OCEAN,129494.0,48394.0,59.67200986436498
-119.79,36.82,23.0,4358.0,819.0,1852.0,802.0,3.4167,105200.0,INLAND,99261.0,5939.0,5.645437262357414
-118.31,34.16,37.0,2144.0,446.0,860.0,435.0,3.9464,315000.0,<1H OCEAN,284108.01,30891.98999999999,9.806980952380949
-118.62,34.2,23.0,3098.0,542.0,1486.0,492.0,5.7613,235800.0,<1H OCEAN,278425.02,42625.02000000002,18.076768447837157
-121.33,38.28,14.0,980.0,171.0,659.0,183.0,4.4306,170100.0,INLAND,155858.0,14242.0,8.372721928277484
-118.26,33.95,44.0,1481.0,329.0,999.0,315.0,1.5147,94600.0,<1H OCEAN,95083.0,483.0,0.5105708245243129
-120.41,34.86,15.0,978.0,187.0,407.0,182.0,4.375,158000.0,<1H OCEAN,235372.02,77372.01999999999,48.969632911392395
-119.08,36.2,30.0,1677.0,358.0,1159.0,365.0,2.4554,61200.0,INLAND,64746.0,3546.0,5.794117647058823
-117.21,33.02,26.0,3194.0,454.0,1032.0,406.0,10.156,500001.0,NEAR OCEAN,497369.97,2631.030000000028,0.5262049475901104
-122.47,37.66,18.0,4172.0,806.0,3226.0,790.0,5.7535,297900.0,NEAR OCEAN,323424.04,25524.03999999998,8.567989258140308
-121.92,36.62,52.0,728.0,161.0,313.0,142.0,3.4327,254500.0,NEAR OCEAN,277610.04,23110.03999999998,9.080565815324157
-119.13,36.13,28.0,1673.0,385.0,1434.0,371.0,2.0586,40900.0,INLAND,54177.0,13277.0,32.46210268948656
-118.46,33.99,52.0,1158.0,253.0,528.0,253.0,3.5234,334700.0,<1H OCEAN,347368.06,12668.059999999998,3.7848999103674923
-122.01,36.99,41.0,2548.0,508.0,1290.0,488.0,3.6902,233000.0,NEAR OCEAN,246395.0,13395.0,5.74892703862661
-118.15,34.17,46.0,2553.0,558.0,1740.0,492.0,2.0278,127500.0,<1H OCEAN,173526.04,46026.04000000001,36.09885490196079
-117.25,34.11,30.0,2173.0,560.0,1509.0,486.0,1.4079,67700.0,INLAND,73420.0,5720.0,8.44903988183161
-118.13,33.81,36.0,1749.0,322.0,855.0,319.0,4.6473,227100.0,<1H OCEAN,228871.0,1771.0,0.7798326728313518
-118.94,34.18,25.0,3502.0,508.0,1713.0,508.0,5.5181,242100.0,<1H OCEAN,271252.02,29152.02000000002,12.041313506815374
-122.28,37.81,35.0,948.0,184.0,467.0,169.0,1.8088,118800.0,NEAR BAY,111228.0,7572.0,6.373737373737373
-117.08,32.7,37.0,2176.0,418.0,1301.0,375.0,2.875,98900.0,NEAR OCEAN,120929.0,22029.0,22.27401415571284
-118.19,33.98,40.0,973.0,272.0,1257.0,258.0,2.8214,158000.0,<1H OCEAN,151079.0,6921.0,4.380379746835443
-122.11,37.38,22.0,3638.0,719.0,1329.0,650.0,5.0804,500001.0,NEAR BAY,365492.16,134508.84000000003,26.901714196571614
-122.75,39.01,17.0,4162.0,967.0,889.0,414.0,3.4187,200500.0,INLAND,148043.0,52457.0,26.163092269326683
-122.67,38.25,32.0,1333.0,235.0,660.0,206.0,4.0729,288500.0,<1H OCEAN,255375.0,33125.0,11.481802426343155
-119.03,35.34,36.0,3474.0,645.0,1679.0,616.0,2.7256,71900.0,INLAND,69878.0,2022.0,2.812239221140473
-118.32,33.73,25.0,1099.0,168.0,407.0,159.0,7.6886,500001.0,NEAR OCEAN,436589.63,63411.369999999995,12.682248635502727
-118.12,33.75,47.0,3330.0,569.0,1220.0,557.0,7.3672,500001.0,NEAR OCEAN,472751.6,27249.400000000023,5.449869100261804
-117.25,32.8,37.0,1096.0,260.0,490.0,267.0,3.2663,270600.0,NEAR OCEAN,281463.03,10863.030000000028,4.014423503325952
-118.19,34.03,42.0,2250.0,629.0,2588.0,609.0,1.9719,134200.0,<1H OCEAN,139757.0,5557.0,4.140834575260804
-117.91,34.1,35.0,2746.0,478.0,1779.0,501.0,4.25,166700.0,<1H OCEAN,170410.0,3710.0,2.2255548890221957
-118.32,33.94,36.0,1153.0,224.0,639.0,226.0,4.0,192000.0,<1H OCEAN,173123.0,18877.0,9.831770833333334
-118.3,33.9,19.0,2421.0,689.0,1726.0,660.0,3.287,181400.0,<1H OCEAN,198466.0,17066.0,9.407938257993385
-117.47,33.94,34.0,2086.0,417.0,1501.0,395.0,3.2311,105600.0,INLAND,113060.0,7460.0,7.0643939393939394
-122.27,37.85,52.0,335.0,83.0,152.0,77.0,2.2841,106300.0,NEAR BAY,177992.06,71692.06,67.44314205079962
-119.29,36.32,33.0,2107.0,451.0,1364.0,442.0,2.2024,67200.0,INLAND,64477.0,2723.0,4.052083333333333
-118.22,34.12,37.0,1298.0,242.0,750.0,255.0,5.2049,240800.0,<1H OCEAN,299331.03,58531.03000000003,24.306906146179415
-122.35,37.98,34.0,3756.0,726.0,2237.0,686.0,3.7562,132900.0,NEAR BAY,136964.0,4064.0,3.057938299473288
-122.48,37.67,14.0,3395.0,1059.0,2258.0,945.0,2.964,319700.0,NEAR OCEAN,239830.01,79869.98999999999,24.982793243665935
-118.41,33.97,44.0,2789.0,503.0,3732.0,474.0,4.6176,352300.0,<1H OCEAN,327026.01,25273.98999999999,7.173996593812089
-117.15,33.16,5.0,4750.0,962.0,2726.0,905.0,3.5839,158500.0,<1H OCEAN,193040.0,34540.0,21.79179810725552
-118.41,34.19,45.0,1106.0,225.0,595.0,228.0,3.6625,190700.0,<1H OCEAN,208098.0,17398.0,9.123230204509701
-120.95,37.59,43.0,1561.0,354.0,862.0,332.0,1.8466,81500.0,INLAND,80414.0,1086.0,1.3325153374233127
-122.01,39.21,50.0,1592.0,372.0,781.0,307.0,2.2679,69100.0,INLAND,84673.0,15573.0,22.536903039073806
-116.98,32.79,32.0,3756.0,662.0,1611.0,598.0,3.8667,189700.0,<1H OCEAN,166924.0,22776.0,12.00632577754349
-118.34,34.26,37.0,1776.0,301.0,702.0,265.0,5.2661,314900.0,<1H OCEAN,322386.07,7486.070000000007,2.3772848523340766
-118.31,33.88,35.0,1939.0,412.0,1036.0,400.0,3.5556,238000.0,<1H OCEAN,236838.0,1162.0,0.48823529411764705
-117.13,32.73,52.0,1911.0,415.0,777.0,412.0,2.2429,221100.0,NEAR OCEAN,175546.0,45554.0,20.603346901854362
-117.12,32.9,13.0,1743.0,363.0,854.0,353.0,4.6667,138200.0,<1H OCEAN,181415.0,43215.0,31.2698986975398
-121.33,38.01,27.0,1612.0,234.0,630.0,255.0,5.318,155100.0,INLAND,162471.0,7371.0,4.752417794970986
-117.09,32.64,30.0,3171.0,862.0,2126.0,800.0,2.507,142700.0,NEAR OCEAN,110222.0,32478.0,22.759635599159076
-118.94,34.17,16.0,3746.0,508.0,1556.0,452.0,6.3303,299400.0,<1H OCEAN,289143.0,10257.0,3.425851703406814
-117.46,34.85,7.0,9759.0,1816.0,2933.0,1168.0,3.4912,157700.0,INLAND,103008.0,54692.0,34.68103994927077
-118.19,34.12,44.0,1219.0,324.0,1036.0,282.0,4.0417,170600.0,<1H OCEAN,199625.0,29025.0,17.013481828839392
-117.11,32.75,11.0,1607.0,478.0,1384.0,450.0,2.05,100000.0,NEAR OCEAN,103410.0,3410.0,3.4099999999999997
-118.28,34.04,48.0,1521.0,513.0,1772.0,458.0,2.2232,162500.0,<1H OCEAN,141350.0,21150.0,13.015384615384615
-122.44,37.72,49.0,1557.0,405.0,1173.0,385.0,3.4605,265000.0,NEAR BAY,239596.0,25404.0,9.586415094339623
-121.96,37.34,34.0,1461.0,299.0,739.0,276.0,3.4375,252600.0,<1H OCEAN,261548.0,8948.0,3.542359461599367
-121.45,36.51,29.0,1045.0,311.0,1245.0,273.0,1.775,112500.0,<1H OCEAN,127155.0,14655.0,13.026666666666667
-118.22,33.96,42.0,1380.0,331.0,1290.0,288.0,2.8,161800.0,<1H OCEAN,145681.0,16119.0,9.96229913473424
-118.08,34.0,35.0,1188.0,342.0,1373.0,332.0,2.9107,150900.0,<1H OCEAN,155328.0,4428.0,2.9343936381709743
-114.6,34.83,46.0,1497.0,309.0,787.0,271.0,2.1908,48100.0,INLAND,61208.93,13108.93,27.253492723492723
-121.28,38.68,14.0,11442.0,2690.0,6068.0,2435.0,2.6016,121200.0,INLAND,125008.0,3808.0,3.141914191419142
-117.86,33.63,17.0,3095.0,551.0,1175.0,534.0,5.3099,500001.0,<1H OCEAN,299578.11,200422.89,40.08449783100434
-118.36,33.98,45.0,1559.0,305.0,891.0,341.0,4.4038,259400.0,<1H OCEAN,229065.0,30335.0,11.694294525828836
-122.55,38.03,29.0,7174.0,1169.0,3063.0,1172.0,6.0902,293200.0,NEAR BAY,363499.04,70299.03999999998,23.97648021828103
-118.37,34.14,21.0,4670.0,1161.0,1914.0,1094.0,3.7986,367700.0,<1H OCEAN,349985.11,17714.890000000014,4.817756323089479
-122.06,37.95,36.0,2213.0,386.0,950.0,370.0,4.7386,186400.0,NEAR BAY,209233.0,22833.0,12.249463519313304
-117.9,33.67,26.0,2507.0,393.0,1333.0,392.0,6.1601,266100.0,<1H OCEAN,286998.0,20898.0,7.853438556933484
-122.07,40.95,14.0,2721.0,627.0,1356.0,468.0,3.0299,73200.0,INLAND,97688.0,24488.0,33.45355191256831
-118.13,33.93,34.0,2122.0,517.0,1578.0,488.0,3.1496,191900.0,<1H OCEAN,206355.0,14455.0,7.532569046378322
-118.3,34.03,40.0,1695.0,374.0,1138.0,357.0,2.7125,150000.0,<1H OCEAN,135194.0,14806.0,9.870666666666667
-121.85,38.0,26.0,3364.0,570.0,1806.0,566.0,4.2647,133400.0,INLAND,145330.0,11930.0,8.943028485757122
-118.45,34.18,22.0,2516.0,826.0,3350.0,713.0,2.0192,158300.0,<1H OCEAN,185116.0,26816.0,16.939987365761215
-114.61,34.84,48.0,1291.0,248.0,580.0,211.0,2.1571,48600.0,INLAND,59529.91,10929.910000000003,22.4895267489712
-122.03,37.31,19.0,2885.0,859.0,1520.0,784.0,3.375,275700.0,<1H OCEAN,288579.08,12879.080000000016,4.671410953935443
-121.44,38.54,44.0,2570.0,509.0,1145.0,503.0,2.5694,92400.0,INLAND,87421.0,4979.0,5.388528138528138
-121.35,38.0,22.0,3564.0,730.0,1539.0,699.0,3.675,152400.0,INLAND,134069.0,18331.0,12.028215223097114
-120.6,35.6,13.0,4461.0,764.0,1795.0,640.0,4.475,206900.0,<1H OCEAN,244790.0,37890.0,18.313194780087
-118.27,34.07,42.0,1175.0,428.0,1593.0,407.0,2.3438,213300.0,<1H OCEAN,183798.0,29502.0,13.831223628691983
-122.4,38.46,33.0,2542.0,466.0,1099.0,420.0,4.635,248500.0,INLAND,272094.0,23594.0,9.49456740442656
-121.9,37.1,23.0,1708.0,287.0,670.0,238.0,6.4517,356600.0,<1H OCEAN,295395.03,61204.96999999997,17.163480089736392
-117.78,33.76,25.0,2260.0,261.0,719.0,254.0,11.4537,500001.0,<1H OCEAN,489215.41,10785.590000000026,2.1571136857726336
-117.24,34.13,26.0,3774.0,716.0,1913.0,620.0,3.3534,98900.0,INLAND,105566.0,6666.0,6.740141557128412
-118.11,33.87,15.0,3254.0,598.0,1772.0,618.0,5.0417,240800.0,<1H OCEAN,235832.0,4968.0,2.0631229235880397
-118.15,34.11,52.0,2375.0,369.0,930.0,351.0,7.4111,469100.0,<1H OCEAN,459442.56,9657.440000000002,2.0587166915369863
-118.29,33.98,48.0,1124.0,231.0,783.0,223.0,3.4444,93100.0,<1H OCEAN,131083.0,37983.0,40.798066595059076
-117.92,34.08,35.0,1860.0,323.0,1011.0,305.0,3.5536,207000.0,<1H OCEAN,197565.0,9435.0,4.557971014492754
-117.93,34.15,14.0,9610.0,2005.0,4723.0,1907.0,4.0393,156800.0,INLAND,189670.0,32870.0,20.963010204081634
-117.09,32.99,18.0,3215.0,588.0,1618.0,509.0,4.6028,216800.0,<1H OCEAN,199124.0,17676.0,8.153136531365314
-118.36,33.84,35.0,1577.0,279.0,743.0,274.0,5.7654,343000.0,<1H OCEAN,327319.02,15680.979999999981,4.571714285714281
-121.94,36.98,21.0,3520.0,831.0,1486.0,753.0,3.0905,264300.0,NEAR OCEAN,264936.0,636.0,0.24063564131668558
-117.92,33.84,45.0,2019.0,394.0,1549.0,377.0,4.6111,223000.0,<1H OCEAN,195443.0,27557.0,12.357399103139013
-118.34,34.01,35.0,1359.0,359.0,655.0,341.0,2.5568,312500.0,<1H OCEAN,178360.01,134139.99,42.924796799999996
-117.08,34.96,28.0,1777.0,307.0,721.0,259.0,3.6343,79800.0,INLAND,74632.0,5168.0,6.476190476190475
-117.24,33.23,21.0,1718.0,308.0,1194.0,312.0,3.4359,150900.0,<1H OCEAN,174951.01,24051.01000000001,15.93837640821737
-118.19,34.19,34.0,2061.0,260.0,825.0,254.0,15.0001,500001.0,<1H OCEAN,499705.98,295.0200000000186,0.05900388199223974
-124.16,40.79,52.0,1264.0,277.0,591.0,284.0,1.7778,76900.0,NEAR OCEAN,69444.0,7456.0,9.695708712613785
-118.33,34.01,43.0,2227.0,564.0,956.0,472.0,2.0217,187500.0,<1H OCEAN,170116.0,17384.0,9.271466666666667
-117.2,34.04,24.0,1587.0,222.0,676.0,234.0,6.0715,173400.0,INLAND,160282.0,13118.0,7.565167243367936
-117.84,33.77,26.0,3350.0,581.0,1314.0,550.0,3.5195,249100.0,<1H OCEAN,227047.0,22053.0,8.853071055800884
-117.66,35.6,14.0,1740.0,391.0,850.0,317.0,2.5812,91700.0,INLAND,84068.0,7632.0,8.322791712104689
-118.22,34.08,34.0,1709.0,562.0,2105.0,503.0,1.9704,152100.0,<1H OCEAN,156455.01,4355.010000000009,2.863254437869829
-118.46,34.17,24.0,2814.0,675.0,1463.0,620.0,4.1875,309300.0,<1H OCEAN,253162.0,56138.0,18.150016165535078
-122.27,37.85,52.0,1228.0,293.0,648.0,303.0,2.1202,155500.0,NEAR BAY,145213.0,10287.0,6.615434083601286
-118.38,33.87,27.0,2287.0,491.0,1101.0,466.0,4.675,316900.0,<1H OCEAN,373606.01,56706.01000000001,17.893976017671193
-117.25,32.94,16.0,4755.0,807.0,1829.0,756.0,6.7694,425900.0,NEAR OCEAN,350868.02,75031.97999999998,17.617276355952097
-122.31,37.54,46.0,2444.0,397.0,952.0,402.0,4.75,388200.0,NEAR OCEAN,365483.12,22716.880000000005,5.851849562081402
-119.72,36.76,23.0,6403.0,,3573.0,1260.0,2.3006,69000.0,INLAND,75084.0,6084.0,8.817391304347826
-118.0,33.94,37.0,903.0,158.0,444.0,158.0,3.75,174400.0,<1H OCEAN,184418.0,10018.0,5.7442660550458715
-121.15,38.89,20.0,2024.0,313.0,879.0,309.0,5.2903,239400.0,INLAND,199100.0,40300.0,16.83375104427736
-122.0,37.36,19.0,2237.0,433.0,1158.0,426.0,6.7718,368300.0,<1H OCEAN,327950.0,40350.0,10.955742601140376
-121.9,38.01,16.0,2604.0,454.0,1696.0,481.0,4.6628,136000.0,INLAND,163816.0,27816.0,20.45294117647059
-122.78,38.52,23.0,2511.0,549.0,1052.0,527.0,2.4922,192000.0,<1H OCEAN,172012.0,19988.0,10.410416666666666
-117.2,34.13,14.0,3998.0,711.0,1509.0,665.0,3.4138,126700.0,INLAND,110454.0,16246.0,12.822415153906865
-118.13,34.44,10.0,2726.0,465.0,1773.0,459.0,4.8295,319100.0,INLAND,236408.0,82692.0,25.914133500470072
-118.38,34.15,36.0,2933.0,619.0,1115.0,579.0,4.3036,365900.0,<1H OCEAN,407950.14,42050.140000000014,11.492249248428536
-118.9,34.26,5.0,25187.0,3521.0,11956.0,3478.0,6.9712,321300.0,<1H OCEAN,346428.05,25128.04999999999,7.820743853096792
-121.82,37.35,24.0,2298.0,575.0,2409.0,569.0,3.4509,182400.0,<1H OCEAN,184543.0,2143.0,1.174890350877193
-119.57,36.7,30.0,2370.0,412.0,1248.0,410.0,3.1442,72300.0,INLAND,89314.0,17014.0,23.53250345781466
-118.59,34.25,15.0,9716.0,2387.0,4992.0,2225.0,3.6231,193300.0,<1H OCEAN,224540.0,31240.0,16.161407139161923
-117.5,34.66,20.0,1319.0,309.0,486.0,196.0,2.0184,84900.0,INLAND,97811.99,12911.990000000005,15.208468786808016
-122.04,37.3,25.0,3807.0,600.0,1678.0,600.0,6.6818,411300.0,<1H OCEAN,353210.08,58089.919999999984,14.123491368830535
-117.83,33.75,34.0,2660.0,601.0,1475.0,567.0,3.4152,210200.0,<1H OCEAN,183256.0,26944.0,12.818268315889627
-117.05,33.52,5.0,3471.0,530.0,1541.0,502.0,4.8083,347700.0,<1H OCEAN,230196.0,117504.0,33.7946505608283
-116.33,33.75,5.0,19107.0,3923.0,2880.0,1376.0,4.036,158500.0,INLAND,160023.04,1523.0400000000081,0.9609085173501628
-118.92,34.4,23.0,1290.0,283.0,1060.0,279.0,3.3152,198000.0,<1H OCEAN,186621.0,11379.0,5.746969696969697
-118.43,34.3,28.0,271.0,61.0,246.0,62.0,1.7062,164600.0,<1H OCEAN,198400.05,33800.04999999999,20.534659781287964
-120.99,38.67,8.0,4913.0,744.0,2005.0,723.0,5.4413,187900.0,INLAND,208206.0,20306.0,10.80681213411389
-119.77,36.77,38.0,3065.0,658.0,1441.0,625.0,2.0564,64700.0,INLAND,66529.0,1829.0,2.8268933539412675
-120.67,38.76,35.0,2104.0,403.0,1060.0,400.0,2.1682,138100.0,INLAND,98155.0,39945.0,28.924692251991313
-122.11,37.89,32.0,2372.0,516.0,1067.0,492.0,4.3235,279500.0,NEAR BAY,274900.0,4600.0,1.6457960644007157
-121.28,38.9,31.0,1297.0,259.0,765.0,240.0,2.7656,93600.0,INLAND,98128.0,4528.0,4.837606837606838
-117.25,33.2,10.0,2050.0,473.0,1302.0,471.0,2.7961,131300.0,<1H OCEAN,142307.0,11007.0,8.383092155369383
-117.47,33.98,8.0,12106.0,1913.0,5810.0,1717.0,4.9886,158100.0,INLAND,162199.0,4099.0,2.592662871600253
-118.08,33.9,42.0,1768.0,372.0,1155.0,368.0,3.558,161100.0,<1H OCEAN,178077.0,16977.0,10.538175046554935
-118.32,33.79,21.0,6638.0,1634.0,3240.0,1568.0,3.6797,271100.0,<1H OCEAN,333625.0,62525.0,23.063445223164884
-122.38,41.54,14.0,4453.0,797.0,1817.0,685.0,2.7468,81100.0,INLAND,94205.0,13105.0,16.159062885326758
-118.31,34.02,41.0,1046.0,216.0,727.0,201.0,1.6667,116900.0,<1H OCEAN,132540.0,15640.0,13.378956372968348
-117.84,34.13,26.0,3773.0,694.0,2103.0,688.0,4.6937,198000.0,INLAND,216682.0,18682.0,9.435353535353535
-117.63,34.09,8.0,3557.0,890.0,2251.0,765.0,2.6818,114100.0,INLAND,119848.0,5748.0,5.0376862401402285
-117.64,33.63,10.0,4814.0,643.0,1808.0,588.0,8.798,436600.0,<1H OCEAN,379992.07,56607.92999999999,12.965627576729268
-122.28,37.52,27.0,2958.0,655.0,1285.0,577.0,4.0801,397800.0,NEAR OCEAN,329175.0,68625.0,17.251131221719458
-122.78,38.37,21.0,795.0,163.0,414.0,162.0,3.7991,175000.0,<1H OCEAN,208523.0,33523.0,19.156000000000002
-119.83,36.77,23.0,2168.0,503.0,1190.0,425.0,2.625,71600.0,INLAND,72615.0,1015.0,1.4175977653631286
-116.35,34.13,9.0,1969.0,406.0,805.0,349.0,1.5491,62300.0,INLAND,72703.0,10403.0,16.698234349919744
-116.52,33.84,17.0,4465.0,859.0,853.0,445.0,3.6875,130400.0,INLAND,135276.0,4876.0,3.739263803680982
-120.97,38.65,9.0,3707.0,602.0,1601.0,555.0,4.0714,300600.0,INLAND,176402.0,124198.0,41.3166999334664
-122.43,37.8,52.0,3172.0,848.0,1259.0,806.0,4.1047,466700.0,NEAR BAY,488572.8,21872.79999999999,4.686693807585169
-118.12,33.96,38.0,2105.0,348.0,956.0,350.0,4.4125,246000.0,<1H OCEAN,239379.0,6621.0,2.6914634146341463
-119.52,36.61,33.0,1225.0,275.0,1065.0,248.0,1.8958,55100.0,INLAND,60040.0,4940.0,8.96551724137931
-116.96,32.79,35.0,1081.0,266.0,691.0,259.0,2.6324,133700.0,<1H OCEAN,154268.0,20568.0,15.383694839192222
-121.54,39.47,14.0,1724.0,315.0,939.0,302.0,2.4952,53900.0,INLAND,91780.0,37880.0,70.27829313543599
-121.13,36.2,16.0,1868.0,443.0,1323.0,436.0,2.9559,163200.0,<1H OCEAN,168820.0,5620.0,3.4436274509803924
-121.41,38.58,18.0,6955.0,1882.0,2803.0,1740.0,3.089,141400.0,INLAND,135392.0,6008.0,4.248939179632249
-118.16,33.85,36.0,1979.0,339.0,952.0,339.0,4.0815,216200.0,<1H OCEAN,217468.0,1268.0,0.5864939870490287
-121.43,38.57,46.0,2443.0,476.0,939.0,457.0,3.5893,142000.0,INLAND,137507.0,4493.0,3.164084507042254
-118.31,34.06,24.0,1336.0,453.0,1268.0,426.0,2.8202,500001.0,<1H OCEAN,250744.03,249256.97,49.85129429741141
-121.2,39.23,9.0,2802.0,447.0,955.0,418.0,5.2359,213300.0,INLAND,184116.0,29184.0,13.682137834036567
-117.89,33.74,34.0,1759.0,353.0,2083.0,330.0,3.2292,160600.0,<1H OCEAN,166339.0,5739.0,3.573474470734745
-121.77,36.71,18.0,6601.0,1395.0,3562.0,1299.0,3.512,174800.0,<1H OCEAN,217433.01,42633.01000000001,24.389593821510303
-118.02,33.96,36.0,2002.0,361.0,913.0,311.0,4.5446,244700.0,<1H OCEAN,221869.01,22830.98999999999,9.3301961585615
-121.27,38.65,33.0,1984.0,289.0,842.0,276.0,5.2949,173300.0,INLAND,195300.0,22000.0,12.694748990190421
-122.28,37.85,49.0,1130.0,244.0,607.0,239.0,2.4597,93800.0,NEAR BAY,136388.0,42588.0,45.40298507462687
-118.38,34.08,48.0,1226.0,288.0,370.0,264.0,3.9375,450000.0,<1H OCEAN,400127.17,49872.830000000016,11.082851111111115
-121.98,37.31,28.0,3840.0,629.0,1883.0,662.0,6.4095,335900.0,<1H OCEAN,339209.05,3309.0499999999884,0.9851295028282192
-116.72,33.56,13.0,3166.0,682.0,1250.0,475.0,2.355,122900.0,INLAND,135477.0,12577.0,10.233523189585028
-118.0,33.92,26.0,2830.0,399.0,1204.0,404.0,6.1273,289600.0,<1H OCEAN,289709.0,109.0,0.03763812154696133
-118.17,33.91,39.0,1157.0,273.0,877.0,305.0,3.1087,171000.0,<1H OCEAN,147824.0,23176.0,13.553216374269006
-117.08,33.01,5.0,5659.0,931.0,2565.0,902.0,6.1949,238700.0,<1H OCEAN,273410.0,34710.0,14.541265186426477
-122.13,36.97,27.0,991.0,194.0,543.0,155.0,4.7188,350000.0,NEAR OCEAN,268937.05,81062.95000000001,23.16084285714286
-117.51,34.0,36.0,3791.0,746.0,2258.0,672.0,3.2067,124700.0,INLAND,125858.0,1158.0,0.9286287089013632
-118.46,34.27,28.0,1865.0,463.0,1182.0,440.0,2.6193,172300.0,<1H OCEAN,175187.0,2887.0,1.6755658734764947
-120.26,38.13,17.0,301.0,94.0,122.0,47.0,4.0583,87500.0,INLAND,144711.0,57211.0,65.384
-118.44,34.27,36.0,1111.0,275.0,1333.0,266.0,3.5347,158100.0,<1H OCEAN,153102.0,4998.0,3.1612903225806455
-117.21,32.85,15.0,2593.0,521.0,901.0,456.0,4.2065,277800.0,NEAR OCEAN,223098.0,54702.0,19.691144708423323
-122.86,38.62,35.0,2597.0,522.0,1231.0,499.0,2.7432,174000.0,<1H OCEAN,177707.0,3707.0,2.1304597701149426
-122.19,37.83,29.0,1791.0,271.0,661.0,269.0,6.8538,368900.0,NEAR BAY,369726.11,826.109999999986,0.22393873678503282
-121.03,37.63,5.0,2881.0,584.0,1490.0,570.0,3.0398,120000.0,INLAND,133434.0,13434.0,11.195
-118.33,33.88,36.0,1271.0,346.0,811.0,345.0,3.2417,283300.0,<1H OCEAN,235888.0,47412.0,16.735615954818215
-119.68,36.8,7.0,2855.0,518.0,1748.0,498.0,4.2066,88400.0,INLAND,99637.0,11237.0,12.71153846153846
-117.2,32.76,40.0,581.0,157.0,298.0,156.0,2.4,255000.0,NEAR OCEAN,235548.1,19451.899999999994,7.628196078431371
-118.46,34.01,43.0,513.0,98.0,266.0,103.0,5.6428,343100.0,<1H OCEAN,319445.07,23654.929999999993,6.894470999708538
-117.83,34.15,20.0,2421.0,306.0,1023.0,298.0,8.0683,451500.0,INLAND,356184.01,95315.98999999999,21.110961240310075
-117.33,34.07,32.0,2086.0,458.0,1355.0,412.0,2.5238,89200.0,INLAND,90366.0,1166.0,1.3071748878923766
-120.37,37.98,29.0,2508.0,591.0,1112.0,550.0,1.6021,91400.0,INLAND,103056.0,11656.0,12.752735229759299
-117.09,32.81,7.0,6100.0,1185.0,2710.0,1040.0,5.5673,288200.0,NEAR OCEAN,235412.0,52788.0,18.31644691186676
-122.12,37.75,28.0,794.0,111.0,329.0,109.0,7.6923,329800.0,NEAR BAY,372246.19,42446.19,12.870281989084296
-117.91,33.61,38.0,1232.0,178.0,410.0,171.0,11.075,500001.0,<1H OCEAN,498933.94,1067.0599999999977,0.2134115731768532
-120.0,35.91,16.0,259.0,53.0,131.0,38.0,3.125,62500.0,INLAND,79908.0,17408.0,27.8528
-118.42,34.19,34.0,2622.0,572.0,1997.0,573.0,3.338,222500.0,<1H OCEAN,216397.0,6103.0,2.7429213483146064
-120.71,40.36,19.0,4462.0,828.0,2229.0,777.0,3.5536,105700.0,INLAND,110189.0,4489.0,4.246925260170293
-120.48,37.32,13.0,3641.0,897.0,1737.0,788.0,2.1418,130600.0,INLAND,97184.0,33416.0,25.58652373660031
-124.16,40.95,20.0,1075.0,214.0,529.0,196.0,3.1406,96000.0,NEAR OCEAN,117968.0,21968.0,22.883333333333333
-118.4,34.22,36.0,2557.0,540.0,1556.0,491.0,3.6591,183800.0,<1H OCEAN,193101.0,9301.0,5.060391730141458
-117.1,32.67,22.0,1690.0,541.0,1669.0,494.0,2.0213,110600.0,NEAR OCEAN,98444.0,12156.0,10.990958408679928
-118.28,34.08,42.0,1618.0,522.0,1454.0,440.0,3.1607,182000.0,<1H OCEAN,221030.0,39030.0,21.445054945054945
-118.21,33.79,33.0,32.0,18.0,96.0,36.0,4.5938,112500.0,NEAR OCEAN,228415.03,115915.03,103.03558222222222
-117.29,34.12,40.0,2198.0,612.0,1517.0,531.0,1.0951,65800.0,INLAND,75918.0,10118.0,15.376899696048632
-118.21,33.9,41.0,941.0,233.0,973.0,253.0,1.9583,102300.0,<1H OCEAN,124644.0,22344.0,21.841642228739
-118.01,34.08,35.0,1852.0,358.0,1414.0,347.0,4.275,173600.0,INLAND,223901.0,50301.0,28.975230414746544
-122.48,37.59,29.0,5889.0,959.0,2784.0,923.0,5.3991,273000.0,NEAR OCEAN,297494.0,24494.0,8.972161172161172
-118.32,34.09,34.0,1478.0,675.0,1976.0,653.0,2.0557,225000.0,<1H OCEAN,214514.0,10486.0,4.660444444444444
-122.41,37.73,33.0,2789.0,567.0,1682.0,552.0,3.8643,276200.0,NEAR BAY,248270.0,27930.0,10.112237509051413
-116.97,32.65,4.0,16450.0,2833.0,7985.0,2683.0,5.6631,233400.0,NEAR OCEAN,249663.01,16263.01000000001,6.967870608397604
-122.23,37.82,52.0,1611.0,203.0,556.0,179.0,8.7477,500001.0,NEAR BAY,441788.22,58212.78000000003,11.642532714934575
-118.6,34.07,16.0,319.0,59.0,149.0,64.0,4.625,433300.0,<1H OCEAN,373705.28,59594.71999999997,13.753685668128309
-117.82,33.67,15.0,1010.0,274.0,649.0,261.0,2.5197,350000.0,<1H OCEAN,176603.0,173397.0,49.542
-122.51,37.76,43.0,2527.0,619.0,1332.0,558.0,3.0465,274200.0,NEAR OCEAN,312017.0,37817.0,13.791757840991977
-121.95,37.32,33.0,726.0,168.0,351.0,147.0,3.1458,270500.0,<1H OCEAN,250377.0,20123.0,7.4391866913123845
-121.52,38.59,35.0,6418.0,1545.0,3814.0,1496.0,1.6647,69100.0,INLAND,94268.0,25168.0,36.42257597684515
-118.25,33.99,39.0,1274.0,319.0,1362.0,324.0,2.1793,107900.0,<1H OCEAN,110813.0,2913.0,2.6997219647822055
-118.47,35.72,18.0,4754.0,1075.0,1366.0,690.0,2.0694,81200.0,INLAND,80676.99,523.0099999999948,0.6441009852216685
-122.16,37.68,16.0,1687.0,348.0,568.0,352.0,2.3869,83300.0,NEAR BAY,182572.0,99272.0,119.17406962785113
-117.87,34.11,34.0,1324.0,211.0,799.0,228.0,4.5234,192200.0,<1H OCEAN,181625.0,10575.0,5.502081165452653
-119.48,37.0,16.0,2904.0,551.0,1467.0,509.0,3.1736,111800.0,INLAND,107917.0,3883.0,3.4731663685152054
-117.08,32.64,11.0,1651.0,533.0,947.0,515.0,1.6806,141700.0,NEAR OCEAN,107964.0,33736.0,23.808045165843332
-117.41,33.96,32.0,2837.0,617.0,1393.0,595.0,2.3798,118800.0,INLAND,109752.0,9048.0,7.616161616161617
-124.16,40.6,39.0,1322.0,283.0,642.0,292.0,2.4519,85100.0,NEAR OCEAN,80220.0,4880.0,5.73443008225617
-118.29,33.81,19.0,7023.0,1538.0,3993.0,1412.0,5.0532,218200.0,<1H OCEAN,288850.01,70650.01000000001,32.37855637030248
-121.88,37.24,14.0,7174.0,950.0,2782.0,899.0,8.3065,394200.0,<1H OCEAN,419496.01,25296.01000000001,6.417049720953832
-122.21,38.09,37.0,4368.0,779.0,2083.0,741.0,3.8667,127000.0,NEAR BAY,142899.0,15899.0,12.518897637795275
-121.67,39.26,29.0,3041.0,683.0,2106.0,687.0,1.6315,58000.0,INLAND,66691.0,8691.0,14.98448275862069
-121.7,36.48,19.0,2150.0,479.0,1052.0,428.0,3.5039,288400.0,<1H OCEAN,228340.01,60059.98999999999,20.825239251040216
-124.09,40.88,50.0,921.0,187.0,420.0,187.0,2.2188,105800.0,NEAR OCEAN,81561.0,24239.0,22.910207939508506
-122.44,37.52,16.0,7077.0,1179.0,3502.0,1148.0,5.9919,345100.0,NEAR OCEAN,378007.09,32907.090000000026,9.535523036800935
-117.68,33.49,18.0,4173.0,625.0,1649.0,634.0,6.3568,294300.0,<1H OCEAN,294737.0,437.0,0.14848793747876315
-118.09,34.06,38.0,3230.0,840.0,3485.0,827.0,2.629,171600.0,<1H OCEAN,173648.0,2048.0,1.1934731934731935
-120.48,37.31,42.0,2361.0,512.0,1684.0,511.0,2.355,75600.0,INLAND,82952.0,7352.0,9.724867724867725
-122.56,41.53,29.0,1729.0,355.0,848.0,328.0,2.2024,60900.0,INLAND,62397.0,1497.0,2.458128078817734
-117.66,33.51,18.0,2626.0,,1302.0,522.0,4.0167,189600.0,<1H OCEAN,217211.0,27611.0,14.562763713080168
-121.15,38.68,6.0,9798.0,1551.0,4583.0,1494.0,5.0159,189600.0,INLAND,185793.0,3807.0,2.0079113924050636
-118.13,33.82,44.0,1785.0,307.0,779.0,291.0,4.3056,228600.0,<1H OCEAN,255517.0,26917.0,11.774715660542432
-118.28,33.93,45.0,529.0,112.0,448.0,120.0,3.5833,90600.0,<1H OCEAN,143053.0,52453.0,57.895143487858725
-117.19,32.77,16.0,3273.0,670.0,1305.0,671.0,4.1368,151000.0,NEAR OCEAN,229754.0,78754.0,52.15496688741722
-121.29,38.01,2.0,6403.0,1116.0,3327.0,957.0,4.4871,137900.0,INLAND,160385.0,22485.0,16.305293691080493
-117.86,33.75,5.0,187.0,49.0,207.0,51.0,1.8,154200.0,<1H OCEAN,313629.34,159429.34000000003,103.39127107652402
-122.98,38.44,29.0,4450.0,939.0,1328.0,590.0,3.1,162100.0,<1H OCEAN,171725.0,9625.0,5.9376927822331895
-120.54,38.75,9.0,3006.0,540.0,1102.0,418.0,3.9812,136600.0,INLAND,136981.0,381.0,0.2789165446559297
-118.08,33.81,21.0,1189.0,281.0,577.0,264.0,3.3155,237500.0,<1H OCEAN,232098.0,5402.0,2.2745263157894735
-122.28,37.8,38.0,684.0,176.0,344.0,155.0,2.0114,131300.0,NEAR BAY,129851.01,1448.9900000000052,1.1035719725818776
-118.22,33.81,38.0,1486.0,359.0,1345.0,326.0,3.3988,147800.0,NEAR OCEAN,161349.0,13549.0,9.167117726657645
-121.32,36.43,22.0,2927.0,637.0,2546.0,618.0,2.7153,114300.0,<1H OCEAN,130490.0,16190.0,14.164479440069991
-117.98,34.02,32.0,2945.0,651.0,2044.0,652.0,3.1979,183900.0,<1H OCEAN,176758.0,7142.0,3.8836324089178897
-121.45,38.57,52.0,2006.0,412.0,825.0,384.0,3.2963,236100.0,INLAND,146654.0,89446.0,37.8847945785684
-118.95,35.37,34.0,1672.0,359.0,1059.0,349.0,2.1588,61300.0,INLAND,61382.0,82.0,0.13376835236541598
-117.55,33.9,21.0,1839.0,324.0,871.0,307.0,3.4459,198800.0,INLAND,144845.0,53955.0,27.140342052313883
-121.91,36.59,17.0,5039.0,833.0,1678.0,710.0,6.2323,339100.0,NEAR OCEAN,393665.15,54565.15000000002,16.091167797110003
-118.2,33.8,42.0,4577.0,1146.0,2749.0,1094.0,2.5012,197500.0,NEAR OCEAN,180012.0,17488.0,8.854683544303796
-122.47,37.89,23.0,10774.0,1736.0,3895.0,1683.0,7.2905,500001.0,NEAR BAY,393185.05,106815.95000000001,21.363147273705454
-122.19,37.76,38.0,1493.0,370.0,1144.0,351.0,0.7683,81800.0,NEAR BAY,91822.0,10022.0,12.251833740831296
-118.36,34.04,49.0,995.0,184.0,462.0,194.0,2.7917,242000.0,<1H OCEAN,209633.03,32366.97,13.374780991735538
-122.29,37.89,52.0,2269.0,380.0,1004.0,371.0,5.1696,261400.0,NEAR BAY,297700.0,36300.0,13.886763580719204
-117.12,32.96,15.0,2869.0,405.0,1526.0,402.0,6.0175,238300.0,<1H OCEAN,256887.0,18587.0,7.799832144355855
-121.68,36.9,13.0,833.0,130.0,405.0,127.0,5.2729,322900.0,<1H OCEAN,287291.01,35608.98999999999,11.027869309383707
-118.36,34.21,41.0,337.0,65.0,198.0,50.0,1.8929,152900.0,<1H OCEAN,210136.05,57236.04999999999,37.43364944408109
-122.32,37.95,35.0,1612.0,354.0,887.0,331.0,2.5769,146100.0,NEAR BAY,121323.0,24777.0,16.958932238193018
-117.86,33.77,39.0,4159.0,655.0,1669.0,651.0,4.6111,240300.0,<1H OCEAN,227576.01,12723.98999999999,5.2950436953807705
-117.11,33.14,10.0,3208.0,636.0,1395.0,582.0,3.4455,190500.0,<1H OCEAN,170739.0,19761.0,10.373228346456694
-117.89,33.99,22.0,3272.0,618.0,1784.0,591.0,4.0324,211300.0,<1H OCEAN,195911.0,15389.0,7.283009938476101
-118.14,33.91,37.0,932.0,171.0,578.0,175.0,4.375,177600.0,<1H OCEAN,190738.0,13138.0,7.397522522522522
-117.65,35.0,36.0,1184.0,316.0,672.0,241.0,1.9107,39800.0,INLAND,65362.98,25562.980000000003,64.22859296482413
-118.14,34.09,38.0,1745.0,457.0,1547.0,460.0,2.85,219000.0,<1H OCEAN,196767.0,22233.0,10.152054794520549
-118.26,34.13,37.0,196.0,74.0,194.0,68.0,1.2188,218800.0,<1H OCEAN,231160.07,12360.070000000007,5.649026508226694
-117.85,33.89,24.0,3326.0,503.0,1616.0,494.0,5.7457,240600.0,<1H OCEAN,270913.0,30313.0,12.598919368246051
-117.93,33.76,17.0,3341.0,803.0,3381.0,825.0,3.371,161800.0,<1H OCEAN,182929.0,21129.0,13.058714462299134
-122.33,37.58,43.0,1772.0,422.0,1573.0,401.0,2.7474,233100.0,NEAR OCEAN,278168.01,45068.01000000001,19.334195624195626
-118.35,33.91,28.0,2108.0,534.0,1485.0,536.0,4.0775,241400.0,<1H OCEAN,252878.0,11478.0,4.754763877381938
-120.87,37.07,26.0,2036.0,401.0,1343.0,414.0,3.6331,88600.0,INLAND,195116.0,106516.0,120.22121896162528
-117.95,34.07,37.0,1375.0,260.0,951.0,272.0,3.2083,195200.0,<1H OCEAN,171395.0,23805.0,12.195184426229508
-121.85,37.72,43.0,228.0,40.0,83.0,42.0,10.3203,400000.0,INLAND,466595.64,66595.64000000001,16.648910000000004
-118.06,33.99,46.0,1203.0,219.0,637.0,211.0,3.3611,174400.0,<1H OCEAN,185747.0,11347.0,6.506307339449541
-121.46,38.63,26.0,3185.0,658.0,2444.0,626.0,1.56,67600.0,INLAND,69338.0,1738.0,2.5710059171597632
-118.67,34.16,17.0,16544.0,2206.0,6214.0,2118.0,9.1228,500001.0,<1H OCEAN,474025.61,25975.390000000014,5.1950676098647826
-120.04,36.96,23.0,2126.0,506.0,2091.0,491.0,1.3713,51800.0,INLAND,56794.0,4994.0,9.64092664092664
-121.95,37.96,18.0,2739.0,393.0,1072.0,374.0,6.1436,259500.0,INLAND,218269.0,41231.0,15.888631984585741
-122.18,37.78,43.0,1985.0,440.0,1085.0,407.0,3.4205,136700.0,NEAR BAY,176335.0,39635.0,28.99414776883687
-117.31,33.1,15.0,2392.0,446.0,747.0,421.0,3.5341,500001.0,NEAR OCEAN,192052.03,307948.97,61.58967082065835
-118.02,33.75,26.0,2989.0,479.0,1596.0,475.0,5.7157,231200.0,<1H OCEAN,247494.0,16294.0,7.04757785467128
-118.71,34.27,26.0,990.0,223.0,719.0,232.0,3.163,179400.0,<1H OCEAN,213212.0,33812.0,18.84726867335563
-118.29,33.99,46.0,2608.0,636.0,1766.0,596.0,1.5846,114800.0,<1H OCEAN,107056.0,7744.0,6.7456445993031355
-118.45,34.27,35.0,1579.0,300.0,1012.0,265.0,5.1296,195900.0,<1H OCEAN,218885.0,22985.0,11.733027054619702
-117.66,33.61,21.0,1932.0,266.0,860.0,286.0,7.1497,274000.0,<1H OCEAN,292736.0,18736.0,6.837956204379562
-117.38,34.08,11.0,5684.0,1139.0,3095.0,1036.0,3.6875,112600.0,INLAND,122205.0,9605.0,8.530195381882772
-120.81,38.67,14.0,8396.0,1578.0,3952.0,1474.0,3.0565,118800.0,INLAND,127980.0,9180.0,7.727272727272727
-122.22,37.78,50.0,1776.0,473.0,1807.0,440.0,1.7276,102300.0,NEAR BAY,120952.0,18652.0,18.232649071358747
-118.29,33.72,25.0,2469.0,584.0,1253.0,535.0,3.1932,257500.0,NEAR OCEAN,254055.0,3445.0,1.337864077669903
-119.1,35.33,4.0,6640.0,898.0,3121.0,902.0,6.759,170300.0,INLAND,244354.0,74054.0,43.484439224897244
-117.08,32.91,9.0,1547.0,218.0,683.0,231.0,7.5604,327900.0,<1H OCEAN,344819.11,16919.109999999986,5.159838365355287
-117.89,33.74,33.0,619.0,139.0,1217.0,146.0,4.6875,154400.0,<1H OCEAN,178765.0,24365.0,15.78044041450777
-119.31,34.44,5.0,403.0,48.0,208.0,54.0,12.632,500001.0,NEAR OCEAN,484095.7,15905.299999999988,3.1810536378927217
-122.0,37.31,28.0,3811.0,585.0,1795.0,581.0,7.8383,372700.0,<1H OCEAN,438975.33,66275.33000000002,17.782487255165016
-120.46,34.64,16.0,686.0,217.0,614.0,200.0,0.8106,83300.0,NEAR OCEAN,203262.1,119962.1,144.01212484994
-121.12,39.2,9.0,1431.0,254.0,681.0,221.0,3.045,170400.0,INLAND,138003.0,32397.0,19.012323943661972
-118.2,33.79,48.0,2105.0,592.0,1807.0,539.0,2.7183,190400.0,NEAR OCEAN,169763.0,20637.0,10.83876050420168
-118.77,34.27,7.0,3074.0,794.0,1816.0,654.0,2.7137,196400.0,<1H OCEAN,226569.09,30169.089999999997,15.36104378818737
-122.25,37.83,35.0,1613.0,428.0,675.0,422.0,3.4722,243100.0,NEAR BAY,241914.02,1185.9800000000105,0.48785684903332394
-122.46,37.78,47.0,1682.0,379.0,837.0,375.0,5.2806,400000.0,NEAR BAY,370293.14,29706.859999999986,7.426714999999996
-122.04,36.95,27.0,1987.0,374.0,961.0,343.0,3.9667,265800.0,NEAR OCEAN,250008.0,15792.0,5.941309255079006
-117.99,34.15,44.0,2492.0,611.0,1951.0,596.0,3.1304,185600.0,INLAND,180814.0,4786.0,2.5786637931034484
-118.46,35.13,19.0,3109.0,640.0,1457.0,620.0,2.6417,94900.0,INLAND,84858.0,10042.0,10.581664910432034
-118.36,34.1,36.0,2963.0,838.0,1129.0,745.0,2.5588,500001.0,<1H OCEAN,304960.06,195040.94,39.00810998378003
-118.42,34.15,27.0,2795.0,602.0,1073.0,535.0,5.1496,365000.0,<1H OCEAN,449310.46,84310.46000000002,23.09875616438357
-117.81,34.08,13.0,18448.0,2474.0,7775.0,2397.0,7.7876,348900.0,INLAND,311774.0,37126.0,10.640871309830898
-117.66,33.64,17.0,3173.0,501.0,1555.0,520.0,6.7079,250800.0,<1H OCEAN,282427.0,31627.0,12.610446570972886
-118.11,33.83,36.0,1820.0,313.0,899.0,295.0,4.918,225200.0,<1H OCEAN,227270.0,2070.0,0.919182948490231
-121.88,37.43,31.0,2573.0,474.0,1898.0,475.0,5.6651,204100.0,<1H OCEAN,260176.0,56076.0,27.474767270945616
-118.1,34.1,34.0,2578.0,645.0,1628.0,617.0,2.34,210900.0,<1H OCEAN,189061.0,21839.0,10.355144618302512
-119.23,35.77,36.0,3225.0,635.0,2034.0,593.0,2.4044,72500.0,INLAND,66532.0,5968.0,8.231724137931035
-122.15,37.43,47.0,2600.0,490.0,1149.0,465.0,5.0203,476300.0,NEAR BAY,362448.19,113851.81,23.903382322065923
-122.42,37.62,36.0,1017.0,165.0,407.0,159.0,4.8,306800.0,NEAR OCEAN,313919.0,7119.0,2.3204041720990873
-118.45,34.01,36.0,2424.0,418.0,1123.0,417.0,6.4755,405800.0,<1H OCEAN,425558.19,19758.190000000002,4.868947757516018
-118.27,34.08,43.0,962.0,253.0,658.0,244.0,3.2386,185000.0,<1H OCEAN,209917.0,24917.0,13.468648648648648
-118.38,34.27,8.0,3248.0,847.0,2608.0,731.0,2.8214,158300.0,<1H OCEAN,189395.06,31095.059999999998,19.643120656980415
-122.02,37.6,31.0,2155.0,522.0,1858.0,437.0,2.652,159800.0,NEAR BAY,165584.0,5784.0,3.6195244055068834
-117.8,34.1,13.0,2996.0,495.0,1187.0,464.0,6.2456,161700.0,INLAND,237190.0,75490.0,46.6852195423624
-118.38,34.04,39.0,2614.0,569.0,1665.0,553.0,3.4063,271600.0,<1H OCEAN,306670.04,35070.03999999998,12.912385861561113
-117.83,33.93,14.0,1956.0,282.0,671.0,269.0,6.5841,306400.0,<1H OCEAN,290521.0,15879.0,5.182441253263708
-117.86,33.62,23.0,3166.0,411.0,1092.0,345.0,7.9367,500001.0,<1H OCEAN,352968.1,147032.90000000002,29.40652118695763
-117.19,34.05,33.0,3007.0,498.0,1252.0,488.0,3.8816,134600.0,INLAND,117106.0,17494.0,12.99702823179792
-117.84,33.74,25.0,1818.0,577.0,1426.0,532.0,3.2104,112500.0,<1H OCEAN,166326.0,53826.0,47.845333333333336
-117.24,32.79,25.0,2135.0,691.0,566.0,320.0,2.6902,212500.0,NEAR OCEAN,248045.0,35545.0,16.72705882352941
-121.8,37.23,18.0,2581.0,358.0,1284.0,377.0,6.7385,272400.0,<1H OCEAN,325499.05,53099.04999999999,19.493043318649043
-117.04,34.04,30.0,3474.0,735.0,1674.0,691.0,2.5863,98300.0,INLAND,99935.0,1635.0,1.6632756866734484
-119.8,36.29,7.0,479.0,84.0,327.0,103.0,5.1728,107500.0,INLAND,177685.0,70185.0,65.28837209302326
-117.9,34.11,23.0,4776.0,1316.0,4797.0,1187.0,2.1667,142600.0,<1H OCEAN,166271.0,23671.0,16.599579242636747
-117.95,33.77,38.0,1476.0,308.0,1114.0,309.0,4.1917,181800.0,<1H OCEAN,192733.01,10933.01000000001,6.013756875687574
-122.09,37.67,39.0,2069.0,500.0,1408.0,478.0,3.1115,153500.0,NEAR BAY,185565.0,32065.0,20.889250814332247
-118.42,34.03,45.0,1262.0,223.0,637.0,221.0,5.0866,427300.0,<1H OCEAN,376801.07,50498.92999999999,11.818144161010997
-118.05,33.85,25.0,2856.0,388.0,1212.0,362.0,6.1737,313100.0,<1H OCEAN,315248.0,2148.0,0.6860427978281699
-121.79,37.32,6.0,2850.0,561.0,2160.0,581.0,5.5336,241900.0,<1H OCEAN,255009.0,13109.0,5.419181479950392
-118.16,33.97,39.0,1444.0,447.0,1890.0,416.0,2.1181,176600.0,<1H OCEAN,159471.0,17129.0,9.699320498301246
-115.59,32.79,8.0,2183.0,307.0,1000.0,287.0,6.3814,159900.0,INLAND,207877.0,47977.0,30.004377736085054
-117.93,33.93,37.0,1128.0,273.0,931.0,234.0,2.8,137500.0,<1H OCEAN,165004.0,27504.0,20.00290909090909
-117.3,34.46,8.0,6246.0,1273.0,3883.0,1264.0,2.7917,98200.0,INLAND,105443.0,7243.0,7.375763747454175
-117.9,33.73,30.0,746.0,172.0,1048.0,163.0,4.1,166400.0,<1H OCEAN,167970.0,1570.0,0.9435096153846153
-122.55,38.0,18.0,3119.0,803.0,1395.0,722.0,3.9265,301100.0,NEAR BAY,239439.0,61661.0,20.478578545333775
-118.18,33.78,17.0,1419.0,436.0,1300.0,360.0,2.0769,100000.0,NEAR OCEAN,149612.0,49612.0,49.612
-119.29,36.12,24.0,1248.0,226.0,641.0,200.0,2.4722,129200.0,INLAND,68482.0,60718.0,46.9953560371517
-118.45,35.62,18.0,2304.0,527.0,782.0,390.0,1.4141,75800.0,INLAND,72073.0,3727.0,4.91688654353562
-121.79,37.31,22.0,2199.0,361.0,1270.0,386.0,5.1149,235700.0,<1H OCEAN,236036.0,336.0,0.14255409418752651
-119.83,36.37,25.0,1549.0,269.0,819.0,272.0,2.7159,101400.0,INLAND,79663.0,21737.0,21.43688362919132
-122.42,37.74,52.0,1674.0,346.0,734.0,335.0,3.8864,281300.0,NEAR BAY,268951.0,12349.0,4.389975115535016
-123.18,39.23,18.0,243.0,55.0,115.0,54.0,2.125,175000.0,<1H OCEAN,154867.0,20133.0,11.504571428571428
-121.29,38.68,20.0,1881.0,378.0,921.0,360.0,1.8589,144000.0,INLAND,87638.0,56362.0,39.140277777777776
-117.25,32.81,39.0,1846.0,350.0,765.0,329.0,3.9187,311900.0,NEAR OCEAN,346967.05,35067.04999999999,11.243042641872393
-118.05,33.73,25.0,2472.0,450.0,1301.0,467.0,5.0699,266100.0,<1H OCEAN,246949.02,19150.98000000001,7.196910935738448
-122.27,37.56,17.0,3211.0,847.0,1553.0,812.0,4.9434,292100.0,NEAR BAY,333129.17,41029.169999999984,14.046275248202663
-118.33,34.05,44.0,1574.0,390.0,1323.0,404.0,2.5284,226300.0,<1H OCEAN,220727.0,5573.0,2.462660185594344
-121.39,38.64,33.0,1503.0,282.0,652.0,229.0,3.6937,99300.0,INLAND,136546.0,37246.0,37.50855991943605
-118.25,34.07,16.0,719.0,225.0,801.0,218.0,2.3942,133300.0,<1H OCEAN,197975.0,64675.0,48.518379594898725
-122.12,37.42,35.0,2445.0,533.0,1187.0,519.0,5.2803,362100.0,NEAR BAY,357119.09,4980.909999999974,1.3755619994476593
-117.17,34.05,29.0,4007.0,700.0,1576.0,696.0,3.1801,149300.0,INLAND,111352.0,37948.0,25.417280643000666
-117.33,33.87,14.0,2300.0,335.0,1001.0,311.0,5.1045,161300.0,INLAND,175952.0,14652.0,9.0836949783013
-117.32,34.06,52.0,802.0,160.0,564.0,131.0,2.1591,63500.0,INLAND,92224.0,28724.0,45.23464566929134
-121.34,38.03,20.0,4213.0,751.0,2071.0,714.0,4.4063,130800.0,INLAND,143761.0,12961.0,9.90902140672783
-122.47,37.51,15.0,4974.0,764.0,2222.0,774.0,6.7606,364300.0,NEAR OCEAN,401835.12,37535.119999999995,10.303354378259675
-121.94,37.54,27.0,3715.0,526.0,1631.0,538.0,6.2179,305300.0,<1H OCEAN,307627.02,2327.0200000000186,0.7622076645922105
-118.18,33.89,25.0,5896.0,1464.0,4149.0,1362.0,2.6742,131900.0,<1H OCEAN,158482.0,26582.0,20.15314632297195
-117.05,32.77,33.0,3535.0,683.0,1568.0,672.0,2.8097,158300.0,NEAR OCEAN,164261.0,5961.0,3.7656348704990523
-118.01,34.05,37.0,682.0,172.0,813.0,173.0,3.8125,138000.0,<1H OCEAN,164787.0,26787.0,19.410869565217393
-123.16,39.13,33.0,1320.0,303.0,1048.0,303.0,1.7813,94700.0,<1H OCEAN,108520.0,13820.0,14.593453009503696
-121.27,38.02,32.0,342.0,58.0,138.0,52.0,2.9821,155000.0,INLAND,126487.0,28513.0,18.39548387096774
-119.86,34.41,24.0,1576.0,580.0,1630.0,531.0,1.24,325000.0,NEAR OCEAN,213177.01,111822.98999999999,34.40707384615384
-118.18,33.87,44.0,2137.0,461.0,1126.0,439.0,3.4408,172900.0,<1H OCEAN,168632.0,4268.0,2.468478889531521
-122.24,37.82,52.0,3665.0,517.0,1470.0,520.0,6.155,398600.0,NEAR BAY,386482.19,12117.809999999998,3.0400928248871044
-117.9,33.65,27.0,3310.0,598.0,1402.0,563.0,6.632,441100.0,<1H OCEAN,385859.22,55240.78000000003,12.52341419179325
-122.26,37.88,52.0,2604.0,837.0,1798.0,769.0,1.725,287500.0,NEAR BAY,220247.01,67252.98999999999,23.392344347826082
-122.44,37.78,52.0,2695.0,657.0,1243.0,573.0,2.8569,372200.0,NEAR BAY,342698.0,29502.0,7.9263836646964
-121.81,37.25,5.0,1975.0,520.0,861.0,440.0,4.4565,159000.0,<1H OCEAN,261286.05,102286.04999999999,64.33084905660377
-118.14,33.86,36.0,1774.0,348.0,934.0,333.0,4.8571,203300.0,<1H OCEAN,214600.0,11300.0,5.558288243974422
-118.2,34.07,34.0,1765.0,551.0,2203.0,500.0,2.2708,159600.0,<1H OCEAN,151018.0,8582.0,5.37719298245614
-119.83,36.83,14.0,2351.0,341.0,1128.0,363.0,6.9903,141200.0,INLAND,226332.0,85132.0,60.29178470254958
-115.91,33.36,15.0,459.0,95.0,160.0,73.0,0.922,67500.0,INLAND,53861.0,13639.0,20.20592592592593
-116.86,32.8,19.0,1747.0,291.0,848.0,290.0,4.875,187200.0,<1H OCEAN,182016.0,5184.0,2.769230769230769
-117.97,33.93,31.0,1975.0,373.0,918.0,347.0,4.4107,202000.0,<1H OCEAN,222314.0,20314.0,10.056435643564358
-118.39,34.19,23.0,1875.0,710.0,2555.0,657.0,2.0968,162500.0,<1H OCEAN,181702.0,19202.0,11.816615384615385
-122.32,37.54,34.0,3661.0,692.0,1608.0,656.0,5.0774,407200.0,NEAR OCEAN,331178.06,76021.94,18.669435166994106
-122.25,37.83,28.0,5022.0,1750.0,2558.0,1661.0,2.4234,218500.0,NEAR BAY,228875.01,10375.01000000001,4.748288329519455
-117.98,34.02,33.0,3512.0,632.0,1971.0,598.0,4.4653,193200.0,<1H OCEAN,193628.0,428.0,0.22153209109730848
-117.94,33.79,24.0,4179.0,784.0,1902.0,733.0,4.7986,236500.0,<1H OCEAN,209203.0,27297.0,11.542071881606764
-117.99,33.8,25.0,3179.0,639.0,2526.0,623.0,3.3281,180800.0,<1H OCEAN,186300.0,5500.0,3.0420353982300883
-117.92,34.1,35.0,2994.0,603.0,1933.0,561.0,4.0052,160700.0,<1H OCEAN,170270.0,9570.0,5.955196017423771
-118.0,33.85,33.0,2053.0,418.0,1154.0,405.0,4.0455,197200.0,<1H OCEAN,205373.0,8173.0,4.144523326572008
-117.93,33.69,26.0,2822.0,473.0,1258.0,469.0,6.4441,261000.0,<1H OCEAN,306226.03,45226.03000000003,17.327980842911888
-118.2,34.05,40.0,1146.0,323.0,1354.0,321.0,1.9205,121900.0,<1H OCEAN,136724.0,14824.0,12.16078753076292
-122.27,37.81,40.0,880.0,451.0,582.0,380.0,0.977,118800.0,NEAR BAY,146346.0,27546.0,23.186868686868685
-121.3,38.03,11.0,2866.0,654.0,1404.0,525.0,2.505,95000.0,INLAND,115049.0,20049.0,21.10421052631579
-117.87,33.74,31.0,2338.0,652.0,3289.0,631.0,2.6734,158500.0,<1H OCEAN,153967.0,4533.0,2.8599369085173505
-117.24,33.05,15.0,3029.0,555.0,1559.0,546.0,5.3129,169200.0,NEAR OCEAN,273045.01,103845.01000000001,61.374119385342794
-117.9,33.85,31.0,3413.0,764.0,2326.0,728.0,4.325,187100.0,<1H OCEAN,200702.0,13602.0,7.269909139497595
-121.27,37.87,34.0,1010.0,206.0,678.0,234.0,2.9531,104000.0,INLAND,104461.0,461.0,0.44326923076923075
-118.31,33.96,47.0,2005.0,392.0,1134.0,415.0,3.7143,140300.0,<1H OCEAN,148119.0,7819.0,5.573057733428368
-118.28,34.1,49.0,2843.0,880.0,2004.0,796.0,2.7875,217300.0,<1H OCEAN,215170.0,2130.0,0.980211688909342
-122.32,37.97,33.0,1156.0,190.0,643.0,209.0,4.5,156600.0,NEAR BAY,200205.0,43605.0,27.844827586206893
-121.31,38.66,26.0,1604.0,245.0,751.0,267.0,4.7381,140500.0,INLAND,145869.0,5369.0,3.8213523131672598
-121.43,37.75,41.0,1717.0,325.0,855.0,303.0,2.75,127300.0,INLAND,114681.0,12619.0,9.912804399057345
-118.29,34.11,24.0,3696.0,1125.0,1685.0,1031.0,2.3789,266700.0,<1H OCEAN,237772.0,28928.0,10.846644169478816
-122.02,38.38,16.0,808.0,137.0,371.0,145.0,6.0767,216400.0,INLAND,223020.0,6620.0,3.0591497227356745
-122.01,37.92,18.0,2808.0,337.0,1038.0,337.0,8.3956,353600.0,NEAR BAY,395072.15,41472.15000000002,11.728549208144804
-117.3,34.13,42.0,2115.0,557.0,1532.0,494.0,1.4531,71500.0,INLAND,72635.0,1135.0,1.5874125874125875
-118.37,34.21,33.0,2034.0,470.0,1990.0,423.0,3.7455,159600.0,<1H OCEAN,175821.0,16221.0,10.163533834586467
-121.83,36.98,19.0,4431.0,705.0,1764.0,679.0,4.3321,298600.0,<1H OCEAN,241819.0,56781.0,19.015740120562626
-121.96,39.3,39.0,701.0,130.0,271.0,89.0,2.1845,112500.0,INLAND,74194.0,38306.0,34.04977777777778
-118.3,34.03,37.0,2781.0,766.0,2586.0,729.0,1.8564,187500.0,<1H OCEAN,161078.0,26422.0,14.091733333333334
-118.3,34.05,44.0,1612.0,650.0,2028.0,593.0,1.9152,115600.0,<1H OCEAN,207725.01,92125.01000000001,79.6929152249135
-118.01,34.09,29.0,3402.0,747.0,2331.0,690.0,3.6094,179200.0,INLAND,195651.0,16451.0,9.180245535714286
-117.06,33.01,24.0,2618.0,485.0,726.0,443.0,3.5192,159100.0,<1H OCEAN,174631.0,15531.0,9.761785040854807
-122.53,37.88,36.0,2688.0,485.0,1064.0,449.0,4.4583,308600.0,NEAR BAY,402243.07,93643.07,30.34448152948801
-121.24,38.68,20.0,1402.0,236.0,676.0,236.0,3.7426,135500.0,INLAND,144196.0,8696.0,6.417712177121772
-117.95,34.0,34.0,2376.0,468.0,1858.0,449.0,4.1328,176300.0,<1H OCEAN,172932.0,3368.0,1.9103800340328985
-118.23,34.07,40.0,506.0,119.0,397.0,114.0,3.1944,143800.0,<1H OCEAN,137444.0,6356.0,4.420027816411682
-117.89,33.87,32.0,1569.0,422.0,835.0,386.0,3.0465,148900.0,<1H OCEAN,191168.0,42268.0,28.38683680322364
-122.09,37.69,20.0,4296.0,817.0,1732.0,800.0,4.8036,188300.0,NEAR BAY,238252.0,49952.0,26.527881040892193
-121.63,36.65,44.0,309.0,121.0,315.0,80.0,1.6071,112500.0,<1H OCEAN,184555.0,72055.0,64.04888888888888
-122.05,37.68,23.0,7518.0,1279.0,3827.0,1294.0,5.1701,216800.0,NEAR BAY,254677.0,37877.0,17.470940959409596
-117.04,32.71,28.0,5274.0,991.0,3727.0,961.0,3.57,109800.0,NEAR OCEAN,140044.0,30244.0,27.54462659380692
-117.04,32.7,7.0,9311.0,1703.0,7302.0,1694.0,4.419,156900.0,NEAR OCEAN,194367.0,37467.0,23.879541108986615
-118.26,34.07,52.0,1802.0,613.0,2382.0,587.0,1.8438,185900.0,<1H OCEAN,190931.0,5031.0,2.7062937062937062
-118.13,34.17,49.0,1962.0,435.0,1329.0,457.0,3.2898,200000.0,<1H OCEAN,193864.0,6136.0,3.068
-116.97,32.79,19.0,4108.0,1101.0,2971.0,1006.0,1.9893,112500.0,<1H OCEAN,132089.0,19589.0,17.412444444444443
-119.55,36.51,46.0,55.0,11.0,26.0,5.0,4.125,67500.0,INLAND,107472.0,39972.0,59.21777777777778
-120.92,37.65,23.0,505.0,124.0,163.0,129.0,1.3696,275000.0,INLAND,107845.0,167155.0,60.78363636363636
-120.8,38.51,23.0,1001.0,195.0,369.0,157.0,3.125,96400.0,INLAND,123006.0,26606.0,27.59958506224066
-121.83,38.0,15.0,6365.0,1646.0,3838.0,1458.0,2.5495,103600.0,INLAND,126678.0,23078.0,22.276061776061777
-122.42,37.93,47.0,3453.0,779.0,1353.0,728.0,4.016,274500.0,NEAR BAY,350115.29,75615.28999999998,27.546553734061924
-122.27,37.47,44.0,3022.0,473.0,1235.0,477.0,6.7058,495900.0,NEAR OCEAN,447614.48,48285.52000000002,9.736946965113939
-122.36,37.94,45.0,907.0,188.0,479.0,161.0,3.0862,79000.0,NEAR BAY,145225.0,66225.0,83.82911392405063
-118.32,33.33,52.0,2127.0,512.0,733.0,288.0,3.3906,300000.0,ISLAND,317678.04,17678.03999999998,5.892679999999993
-117.06,32.73,33.0,3444.0,619.0,1884.0,582.0,3.7891,126700.0,NEAR OCEAN,129915.0,3215.0,2.537490134175217
-118.97,37.64,13.0,1907.0,544.0,575.0,234.0,3.0685,162500.0,INLAND,119808.0,42692.0,26.272000000000002
-117.27,34.12,52.0,954.0,246.0,943.0,256.0,0.8658,87500.0,INLAND,75002.0,12498.0,14.283428571428573
-120.55,37.32,21.0,1410.0,229.0,590.0,205.0,3.3194,141400.0,INLAND,111625.0,29775.0,21.05728429985856
-117.99,33.9,33.0,2161.0,383.0,1235.0,383.0,5.6454,202800.0,<1H OCEAN,236466.0,33666.0,16.600591715976332
-118.0,33.91,19.0,5166.0,770.0,2374.0,753.0,5.979,285200.0,<1H OCEAN,283465.0,1735.0,0.6083450210378681
-118.37,33.81,36.0,2031.0,339.0,817.0,337.0,5.1271,458300.0,NEAR OCEAN,383198.15,75101.84999999998,16.387049967270343
-117.97,33.66,14.0,6090.0,1338.0,1974.0,1248.0,2.8061,180300.0,<1H OCEAN,209726.0,29426.0,16.32057681641708
-117.17,33.28,16.0,1921.0,312.0,862.0,280.0,5.1786,376800.0,<1H OCEAN,226826.03,149973.97,39.802009023354564
-119.88,36.81,30.0,2288.0,474.0,1435.0,425.0,1.3221,61200.0,INLAND,57961.0,3239.0,5.292483660130719
-117.74,34.05,29.0,2452.0,700.0,3029.0,665.0,2.1354,110700.0,INLAND,114625.0,3925.0,3.5456187895212286
-117.13,32.79,35.0,1458.0,262.0,723.0,257.0,4.2098,174100.0,NEAR OCEAN,168476.0,5624.0,3.2303273980470997
-122.06,37.65,33.0,1227.0,286.0,848.0,291.0,3.8036,158200.0,NEAR BAY,170761.0,12561.0,7.939949431099874
-118.3,33.99,47.0,2212.0,533.0,1903.0,554.0,1.9853,101100.0,<1H OCEAN,105301.0,4201.0,4.155291790306627
-118.06,35.68,15.0,1962.0,403.0,730.0,321.0,2.25,67500.0,INLAND,89448.0,21948.0,32.51555555555555
-118.38,33.89,35.0,1778.0,330.0,732.0,312.0,6.5745,379300.0,<1H OCEAN,419663.12,40363.119999999995,10.641476403901923
-122.45,37.73,52.0,2510.0,438.0,1153.0,407.0,5.1238,335100.0,NEAR BAY,321338.05,13761.950000000012,4.106818860041781
-121.97,37.24,35.0,2553.0,533.0,1117.0,498.0,4.4063,436100.0,<1H OCEAN,284409.01,151690.99,34.78353359321256
-118.14,33.95,44.0,1812.0,338.0,822.0,314.0,6.7744,294100.0,<1H OCEAN,401770.22,107670.21999999997,36.61007140428425
-121.97,37.53,35.0,2277.0,420.0,1353.0,413.0,4.75,197000.0,<1H OCEAN,219089.0,22089.0,11.212690355329949
-118.15,34.86,10.0,4597.0,1009.0,2227.0,821.0,2.6149,83500.0,INLAND,107670.0,24170.0,28.946107784431135
-117.2,32.86,4.0,4308.0,1095.0,1923.0,932.0,3.9356,267000.0,NEAR OCEAN,232402.0,34598.0,12.95805243445693
-118.3,34.01,52.0,1444.0,343.0,1154.0,334.0,2.0625,134400.0,<1H OCEAN,117238.0,17162.0,12.769345238095239
-117.98,33.79,35.0,2356.0,478.0,1659.0,480.0,4.1115,179700.0,<1H OCEAN,190351.0,10651.0,5.927100723427936
-122.42,37.62,43.0,2367.0,409.0,1141.0,400.0,4.8295,319000.0,NEAR OCEAN,291548.0,27452.0,8.60564263322884
-118.2,33.94,42.0,618.0,163.0,680.0,179.0,3.3472,154200.0,<1H OCEAN,136297.0,17903.0,11.610246433203631
-117.01,32.81,21.0,4203.0,618.0,1620.0,600.0,5.3441,193500.0,<1H OCEAN,219606.0,26106.0,13.491472868217055
-116.98,32.74,17.0,3943.0,843.0,1995.0,766.0,2.6944,158300.0,<1H OCEAN,146179.0,12121.0,7.65698041692988
-122.01,37.53,19.0,4572.0,712.0,2346.0,709.0,6.0667,245700.0,NEAR BAY,306790.03,61090.03000000003,24.863667073667084
-117.92,34.03,32.0,1819.0,375.0,1728.0,375.0,3.975,162400.0,<1H OCEAN,165207.01,2807.0100000000093,1.728454433497543
-123.17,39.15,30.0,1904.0,331.0,816.0,325.0,4.425,161900.0,<1H OCEAN,181640.0,19740.0,12.192711550339716
-123.76,41.03,24.0,2386.0,565.0,1058.0,414.0,2.0644,79800.0,<1H OCEAN,73959.0,5841.0,7.319548872180451
-122.44,37.73,46.0,3581.0,758.0,1670.0,703.0,4.1932,269200.0,NEAR BAY,272726.0,3526.0,1.3098068350668648
-120.43,34.93,10.0,2980.0,585.0,1593.0,562.0,3.285,218300.0,<1H OCEAN,164343.0,53957.0,24.716903344021986
-122.42,37.64,41.0,98.0,20.0,68.0,19.0,2.225,212500.0,NEAR OCEAN,294982.06,82482.06,38.81508705882353
-117.98,34.14,27.0,6341.0,1289.0,2899.0,1192.0,3.6336,235200.0,INLAND,173857.0,61343.0,26.081207482993197
-122.3,37.91,40.0,2866.0,617.0,1305.0,589.0,3.6321,209100.0,NEAR BAY,218982.0,9882.0,4.725968436154949
-118.32,33.8,29.0,4317.0,1037.0,2102.0,959.0,3.1275,286400.0,<1H OCEAN,274212.0,12188.0,4.255586592178771
-118.41,34.04,49.0,601.0,95.0,228.0,106.0,8.0239,500001.0,<1H OCEAN,469833.8,30167.20000000001,6.033427933144136
-121.94,37.34,36.0,3142.0,632.0,1372.0,560.0,5.0175,246100.0,<1H OCEAN,296312.03,50212.03000000003,20.40310036570501
-117.21,32.84,34.0,2158.0,366.0,1046.0,335.0,4.5402,182100.0,NEAR OCEAN,227032.01,44932.01000000001,24.674360241625486
-118.12,34.16,30.0,1762.0,416.0,940.0,398.0,2.8631,188600.0,<1H OCEAN,195439.0,6839.0,3.6261930010604453
-119.87,36.54,34.0,1370.0,287.0,818.0,269.0,2.4044,72500.0,INLAND,71605.0,895.0,1.2344827586206897
-117.92,33.94,30.0,2506.0,394.0,1255.0,421.0,4.7813,198200.0,<1H OCEAN,210611.0,12411.0,6.261856710393541
-118.09,33.75,32.0,6239.0,974.0,2615.0,950.0,6.6188,380000.0,NEAR OCEAN,436180.34,56180.340000000026,14.784300000000005
-118.28,34.0,46.0,1650.0,463.0,1992.0,458.0,2.3403,114100.0,<1H OCEAN,126534.0,12434.0,10.897458369851009
-119.29,36.54,18.0,2581.0,628.0,2732.0,592.0,1.8429,58300.0,INLAND,59360.0,1060.0,1.8181818181818181
-121.92,36.55,37.0,2190.0,419.0,490.0,300.0,3.7852,465800.0,NEAR OCEAN,370201.05,95598.95000000001,20.523604551309578
-118.44,34.16,35.0,3080.0,642.0,1362.0,623.0,4.1218,328500.0,<1H OCEAN,343673.0,15173.0,4.618873668188737
-122.26,37.84,52.0,696.0,191.0,345.0,174.0,2.6736,191300.0,NEAR BAY,145465.0,45835.0,23.959749085206482
-119.76,36.79,26.0,3654.0,837.0,1976.0,830.0,2.1544,72800.0,INLAND,74320.0,1520.0,2.0879120879120876
-119.73,36.73,9.0,1621.0,428.0,678.0,394.0,2.2437,54200.0,INLAND,82302.0,28102.0,51.84870848708487
-118.99,35.3,33.0,2248.0,434.0,1461.0,405.0,2.9402,56200.0,INLAND,73309.0,17109.0,30.443060498220643
-118.2,34.02,49.0,1098.0,317.0,1411.0,301.0,2.75,146000.0,<1H OCEAN,138483.0,7517.0,5.148630136986301
-118.47,34.05,25.0,2689.0,719.0,1229.0,663.0,3.5909,500001.0,<1H OCEAN,404673.18,95327.82,19.065525868948264
-118.18,33.88,47.0,882.0,185.0,536.0,174.0,4.625,163000.0,<1H OCEAN,173455.0,10455.0,6.414110429447853
-117.93,33.83,30.0,1561.0,381.0,1104.0,391.0,3.375,201900.0,<1H OCEAN,188600.0,13300.0,6.587419514611194
-122.47,37.78,52.0,2635.0,587.0,1302.0,577.0,3.7292,416700.0,NEAR BAY,400116.07,16583.929999999993,3.979824814014877
-121.73,38.0,3.0,9217.0,1522.0,3578.0,1272.0,5.0016,189100.0,INLAND,168030.0,21070.0,11.142252776308831
-121.97,37.25,32.0,2892.0,496.0,1193.0,492.0,6.131,367800.0,<1H OCEAN,339485.01,28314.98999999999,7.698474714518758
-122.71,38.44,27.0,966.0,251.0,462.0,230.0,1.7,350000.0,<1H OCEAN,178441.0,171559.0,49.01685714285715
-117.72,33.62,19.0,5777.0,1261.0,1711.0,1225.0,2.7634,86900.0,<1H OCEAN,146951.0,60051.0,69.1035673187572
-122.46,37.72,52.0,2951.0,406.0,1115.0,397.0,6.7228,405200.0,NEAR OCEAN,418465.27,13265.270000000019,3.2737586377097774
-121.23,37.84,28.0,1347.0,241.0,713.0,225.0,4.0208,155700.0,INLAND,129911.0,25789.0,16.563262684649967
-117.53,33.88,22.0,2855.0,667.0,2453.0,624.0,3.1312,91000.0,INLAND,129952.0,38952.0,42.80439560439561
-117.25,32.82,23.0,6139.0,826.0,2036.0,807.0,9.5245,500001.0,NEAR OCEAN,480157.76,19843.23999999999,3.9686400627198726
-118.15,34.04,33.0,818.0,195.0,664.0,198.0,2.1944,203300.0,<1H OCEAN,168671.0,34629.0,17.033448106246926
-119.79,36.79,19.0,1524.0,448.0,960.0,386.0,1.5122,47500.0,INLAND,60859.0,13359.0,28.12421052631579
-122.05,37.63,5.0,3785.0,936.0,2240.0,792.0,3.2829,162500.0,NEAR BAY,220918.0,58418.0,35.94953846153846
-121.32,38.62,29.0,2430.0,448.0,1087.0,394.0,3.0864,177900.0,INLAND,134720.0,43180.0,24.272062956717257
-121.82,38.01,47.0,1265.0,254.0,587.0,247.0,2.6364,93500.0,INLAND,109465.0,15965.0,17.074866310160427
-122.26,38.03,25.0,2239.0,361.0,928.0,353.0,4.4474,203700.0,NEAR BAY,187581.0,16119.0,7.913107511045656
-118.0,33.75,26.0,1382.0,387.0,1977.0,368.0,2.7589,137500.0,<1H OCEAN,186287.0,48787.0,35.48145454545455
-118.07,33.85,16.0,3771.0,606.0,2196.0,564.0,7.0113,319700.0,<1H OCEAN,350510.04,30810.03999999998,9.637172349077254
-121.92,37.73,24.0,1407.0,327.0,501.0,295.0,2.4821,157200.0,<1H OCEAN,147639.0,9561.0,6.0820610687022905
-122.56,37.95,34.0,2677.0,411.0,933.0,410.0,6.1444,500001.0,NEAR OCEAN,415775.17,84225.83000000002,16.845132309735384
-117.29,34.13,44.0,2337.0,563.0,1238.0,467.0,1.5156,75800.0,INLAND,73615.0,2185.0,2.8825857519788918
-118.08,33.99,38.0,1683.0,328.0,1369.0,339.0,3.6196,170700.0,<1H OCEAN,163850.0,6850.0,4.012888107791447
-121.68,39.82,15.0,3996.0,748.0,1786.0,728.0,3.5189,141300.0,INLAND,111014.0,30286.0,21.43382873319179
-121.89,37.26,25.0,3319.0,531.0,1560.0,502.0,5.8479,263300.0,<1H OCEAN,271059.0,7759.0,2.9468287124952526
-117.05,34.04,23.0,3967.0,766.0,1518.0,698.0,2.29,111800.0,INLAND,105259.0,6541.0,5.850626118067979
-117.84,33.9,24.0,1723.0,223.0,707.0,219.0,7.0352,299600.0,<1H OCEAN,293582.03,6017.969999999972,2.008668224299056
-117.93,33.94,28.0,3664.0,719.0,1820.0,657.0,4.225,224700.0,<1H OCEAN,203434.0,21266.0,9.464174454828662
-117.94,33.78,34.0,2627.0,468.0,1409.0,450.0,4.7731,199200.0,<1H OCEAN,205722.0,6522.0,3.274096385542169
-117.29,35.54,35.0,7922.0,1636.0,3431.0,1329.0,3.4145,40400.0,INLAND,75196.0,34796.0,86.12871287128712
-116.88,33.93,37.0,1495.0,429.0,865.0,342.0,1.2188,55000.0,INLAND,84794.0,29794.0,54.17090909090909
-117.88,33.84,34.0,1410.0,214.0,837.0,240.0,6.1168,213900.0,<1H OCEAN,252236.0,38336.0,17.922393641888736
-117.49,33.99,21.0,2050.0,392.0,1153.0,336.0,4.84,116400.0,INLAND,144986.0,28586.0,24.558419243986254
-117.98,34.03,21.0,797.0,162.0,484.0,166.0,2.625,191100.0,<1H OCEAN,177852.02,13247.98000000001,6.932485609628472
-119.23,34.19,16.0,5297.0,810.0,1489.0,667.0,6.4522,500001.0,NEAR OCEAN,397545.2,102455.79999999999,20.491119017761964
-117.86,33.75,13.0,1632.0,598.0,3356.0,659.0,1.5054,137500.0,<1H OCEAN,169264.02,31764.01999999999,23.101105454545447
-118.43,34.01,27.0,3133.0,1021.0,2242.0,1002.0,2.697,412500.0,<1H OCEAN,301291.01,111208.98999999999,26.959755151515147
-122.31,38.01,18.0,4123.0,874.0,1895.0,772.0,3.2759,195000.0,NEAR BAY,152568.0,42432.0,21.759999999999998
-122.43,37.79,52.0,3486.0,847.0,1248.0,813.0,7.2623,500001.0,NEAR BAY,412643.39,87357.60999999999,17.471487057025882
-118.19,33.95,42.0,1651.0,463.0,1559.0,436.0,2.3882,148100.0,<1H OCEAN,153287.0,5187.0,3.5023632680621204
-117.11,32.91,15.0,1840.0,235.0,855.0,241.0,7.5992,310600.0,<1H OCEAN,314704.04,4104.039999999979,1.3213264649066256
-118.47,34.04,32.0,2909.0,748.0,1310.0,706.0,4.516,350000.0,<1H OCEAN,417755.24,67755.23999999999,19.358639999999998
-122.42,37.75,52.0,2163.0,607.0,1447.0,546.0,3.3555,275000.0,NEAR BAY,302234.0,27234.0,9.903272727272727
-117.34,34.08,35.0,1380.0,248.0,730.0,264.0,3.2305,93700.0,INLAND,97870.0,4170.0,4.450373532550693
-122.06,37.99,17.0,1319.0,316.0,384.0,269.0,1.8229,137500.0,NEAR BAY,151309.0,13809.0,10.042909090909092
-122.06,37.54,20.0,6483.0,1068.0,3526.0,1060.0,5.0838,248200.0,NEAR BAY,251982.01,3782.0100000000093,1.5237751813054026
-117.14,32.74,16.0,6075.0,1816.0,2592.0,1634.0,2.5553,178100.0,NEAR OCEAN,150587.0,27513.0,15.44806288601909
-122.07,38.0,37.0,978.0,202.0,462.0,184.0,3.625,156300.0,NEAR BAY,151527.0,4773.0,3.053742802303263
-122.35,40.57,18.0,2226.0,490.0,859.0,451.0,1.6821,69400.0,INLAND,78478.0,9078.0,13.080691642651296
-121.37,38.69,35.0,1093.0,192.0,590.0,190.0,2.7009,80200.0,INLAND,99151.0,18951.0,23.629675810473817
-120.19,36.6,25.0,875.0,214.0,931.0,214.0,1.5536,58300.0,INLAND,53931.0,4369.0,7.493996569468267
-121.28,38.03,11.0,826.0,150.0,684.0,166.0,3.9265,107400.0,INLAND,135526.0,28126.0,26.188081936685286
-117.51,33.95,12.0,9016.0,1486.0,4285.0,1457.0,4.9984,169100.0,INLAND,175111.0,6011.0,3.554701360141928
-118.36,33.88,31.0,2518.0,543.0,1107.0,508.0,4.7404,295800.0,<1H OCEAN,284292.0,11508.0,3.890466531440162
-122.3,37.97,35.0,1811.0,377.0,911.0,340.0,3.375,149700.0,NEAR BAY,144767.0,4933.0,3.295257181028724
-120.87,37.76,16.0,1174.0,249.0,601.0,242.0,1.7143,113300.0,INLAND,110566.0,2734.0,2.41306266548985
-115.73,33.09,27.0,452.0,103.0,258.0,61.0,2.9,87500.0,INLAND,88653.0,1153.0,1.3177142857142858
-121.22,37.79,38.0,2152.0,451.0,1320.0,457.0,2.5025,101900.0,INLAND,94711.0,7189.0,7.0549558390579
-121.98,37.95,14.0,6290.0,854.0,2724.0,820.0,6.7371,267400.0,INLAND,283657.0,16257.0,6.079655946148093
-121.79,37.67,26.0,2163.0,339.0,947.0,346.0,6.0797,211000.0,INLAND,235496.0,24496.0,11.609478672985782
-117.9,33.9,18.0,3821.0,576.0,1430.0,568.0,6.9399,349600.0,<1H OCEAN,317931.03,31668.969999999972,9.05862986270022
-122.04,37.85,27.0,6039.0,780.0,2181.0,761.0,9.5862,469400.0,NEAR BAY,469347.66,52.34000000002561,0.011150404772054881
-119.73,34.42,25.0,2024.0,312.0,907.0,335.0,5.4127,392800.0,NEAR OCEAN,334880.02,57919.97999999998,14.74541242362525
-116.44,33.77,18.0,4872.0,1110.0,955.0,656.0,2.2439,97500.0,INLAND,140611.0,43111.0,44.216410256410256
-117.31,34.17,25.0,2795.0,596.0,1650.0,569.0,3.0078,87100.0,INLAND,103066.0,15966.0,18.33065442020666
-117.14,32.8,35.0,1267.0,212.0,710.0,204.0,2.5368,169600.0,NEAR OCEAN,144065.0,25535.0,15.056014150943398
-122.13,37.7,43.0,3046.0,557.0,1333.0,544.0,3.4583,183700.0,NEAR BAY,194122.0,10422.0,5.673380511703865
-122.48,38.31,29.0,2375.0,560.0,1124.0,502.0,2.3276,166200.0,<1H OCEAN,180056.0,13856.0,8.336943441636583
-118.37,33.88,44.0,1325.0,245.0,669.0,253.0,4.4211,324000.0,<1H OCEAN,319512.01,4487.989999999991,1.3851820987654293
-121.45,38.64,23.0,1481.0,343.0,1079.0,315.0,1.867,60600.0,INLAND,66048.0,5448.0,8.99009900990099
-122.57,38.02,33.0,9531.0,1487.0,3798.0,1409.0,5.6512,314000.0,NEAR BAY,353753.0,39753.0,12.660191082802546
-118.02,33.79,23.0,6368.0,1030.0,3281.0,1001.0,6.1142,240400.0,<1H OCEAN,309720.02,69320.02000000002,28.835282861896843
-124.07,40.87,47.0,1765.0,326.0,796.0,333.0,2.2138,99200.0,NEAR OCEAN,82568.0,16632.0,16.766129032258064
-116.91,34.24,23.0,6379.0,1636.0,1350.0,568.0,1.6336,124500.0,INLAND,87393.0,37107.0,29.804819277108436
-117.65,33.62,15.0,2708.0,410.0,1140.0,389.0,6.2899,275000.0,<1H OCEAN,314330.0,39330.0,14.301818181818183
-116.94,32.81,8.0,2517.0,632.0,1686.0,613.0,2.136,143500.0,<1H OCEAN,126843.0,16657.0,11.60766550522648
-119.78,36.76,50.0,1343.0,322.0,1063.0,342.0,1.75,49800.0,INLAND,56446.0,6646.0,13.345381526104418
-122.05,38.0,16.0,1085.0,217.0,356.0,232.0,2.3462,75000.0,NEAR BAY,146709.0,71709.0,95.612
-122.24,37.49,30.0,2956.0,590.0,1191.0,594.0,3.7463,427600.0,NEAR OCEAN,295298.0,132302.0,30.94059869036483
-121.46,38.54,39.0,1453.0,324.0,843.0,281.0,1.7692,63900.0,INLAND,69391.0,5491.0,8.593114241001565
-117.93,33.95,31.0,3600.0,468.0,1382.0,435.0,7.4597,500001.0,<1H OCEAN,373686.09,126314.90999999997,25.262931474137044
-117.96,33.69,20.0,3123.0,441.0,1319.0,432.0,6.091,290400.0,<1H OCEAN,290075.0,325.0,0.1119146005509642
-122.04,37.96,27.0,2587.0,729.0,1500.0,623.0,1.837,175000.0,NEAR BAY,153995.0,21005.0,12.002857142857144
-121.3,37.97,52.0,2259.0,417.0,766.0,385.0,2.2981,105400.0,INLAND,102726.0,2674.0,2.537001897533207
-121.74,37.35,34.0,440.0,90.0,217.0,93.0,5.2327,500001.0,<1H OCEAN,301181.02,198819.97999999998,39.763916472167054
-121.58,39.14,52.0,662.0,160.0,520.0,149.0,0.8928,55000.0,INLAND,82277.0,27277.0,49.594545454545454
-119.75,36.71,38.0,1481.0,,1543.0,372.0,1.4577,49800.0,INLAND,49293.0,507.0,1.0180722891566265
-118.36,33.98,29.0,2861.0,816.0,1715.0,775.0,2.7712,160900.0,<1H OCEAN,171305.0,10405.0,6.46674953387197
-122.18,37.73,42.0,909.0,215.0,646.0,198.0,2.9063,80000.0,NEAR BAY,152353.0,72353.0,90.44125
-122.64,38.87,16.0,1177.0,240.0,519.0,199.0,1.5739,73500.0,INLAND,84602.0,11102.0,15.104761904761904
-120.72,38.42,17.0,5654.0,1085.0,2237.0,953.0,3.0465,144100.0,INLAND,119975.0,24125.0,16.741845940319223
-118.2,33.77,24.0,2404.0,819.0,1566.0,753.0,1.5076,145800.0,NEAR OCEAN,164388.0,18588.0,12.748971193415636
-118.43,34.2,28.0,3386.0,,2240.0,737.0,3.0221,290100.0,<1H OCEAN,212289.0,77811.0,26.822130299896585
-122.74,38.44,23.0,2819.0,612.0,1644.0,546.0,2.6576,147900.0,<1H OCEAN,154548.0,6648.0,4.494929006085193
-118.12,33.91,35.0,620.0,122.0,381.0,124.0,3.7917,183900.0,<1H OCEAN,190222.0,6322.0,3.43773790103317
-118.03,33.95,37.0,1772.0,321.0,934.0,326.0,4.1471,177800.0,<1H OCEAN,197684.01,19884.01000000001,11.183357705286845
-122.76,38.46,14.0,4794.0,767.0,2252.0,768.0,4.2061,213100.0,<1H OCEAN,210361.0,2739.0,1.2853120600656969
-121.83,37.28,33.0,1115.0,250.0,1168.0,261.0,3.9009,178600.0,<1H OCEAN,174191.0,4409.0,2.4686450167973124
-118.48,34.25,35.0,1865.0,335.0,1074.0,337.0,5.1068,223300.0,<1H OCEAN,224623.0,1323.0,0.5924764890282131
-121.35,38.28,17.0,2756.0,557.0,1986.0,530.0,3.2234,82000.0,INLAND,115477.0,33477.0,40.825609756097556
-118.18,33.82,43.0,2210.0,469.0,1042.0,418.0,3.5,216700.0,NEAR OCEAN,234237.01,17537.01000000001,8.092759575449936
-122.02,37.01,20.0,1005.0,138.0,345.0,129.0,10.0968,500001.0,NEAR OCEAN,494852.89,5148.109999999986,1.0296199407601156
-117.67,33.49,10.0,366.0,61.0,128.0,61.0,8.163,250000.0,<1H OCEAN,384253.1,134253.09999999998,53.70123999999999
-117.59,34.13,10.0,20263.0,3915.0,9716.0,3744.0,3.8505,169600.0,INLAND,148885.0,20715.0,12.214033018867925
-117.89,34.09,35.0,1205.0,330.0,583.0,319.0,2.3971,188900.0,<1H OCEAN,181776.0,7124.0,3.771307570142933
-122.68,38.43,29.0,488.0,63.0,161.0,62.0,6.0774,334400.0,<1H OCEAN,356697.08,22297.080000000016,6.667787081339719
-118.32,33.87,28.0,3763.0,762.0,1967.0,724.0,5.3244,271900.0,<1H OCEAN,286003.0,14103.0,5.186833394630379
-118.58,34.06,25.0,4440.0,693.0,1560.0,636.0,8.8666,500001.0,<1H OCEAN,476120.71,23880.28999999998,4.7760484479031
-118.03,33.96,37.0,1180.0,256.0,614.0,242.0,3.117,164600.0,<1H OCEAN,184989.0,20389.0,12.386998784933171
-117.81,33.82,20.0,2819.0,319.0,1019.0,319.0,12.2092,500001.0,<1H OCEAN,493396.85,6604.150000000023,1.3208273583452879
-122.15,37.41,29.0,473.0,103.0,359.0,87.0,7.0309,475000.0,NEAR BAY,425085.44,49914.56,10.508328421052632
-116.87,33.57,12.0,1153.0,265.0,446.0,195.0,3.038,128100.0,INLAND,172752.0,44652.0,34.85714285714286
-121.72,37.7,17.0,1671.0,352.0,729.0,252.0,6.1023,450000.0,INLAND,226161.0,223839.0,49.742
-122.26,38.0,6.0,678.0,104.0,318.0,91.0,5.2375,246400.0,NEAR BAY,245566.02,833.9800000000105,0.33846590909091334
-118.25,34.14,13.0,3487.0,1131.0,3749.0,1072.0,2.1602,221900.0,<1H OCEAN,200462.0,21438.0,9.661108607480848
-118.4,33.86,41.0,2237.0,597.0,938.0,523.0,4.7105,500001.0,<1H OCEAN,417108.23,82892.77000000002,16.57852084295832
-117.18,33.15,7.0,6225.0,1683.0,5410.0,1580.0,2.32,117500.0,<1H OCEAN,135634.0,18134.0,15.433191489361702
-117.33,34.12,33.0,933.0,219.0,838.0,211.0,1.3417,69000.0,INLAND,64589.0,4411.0,6.392753623188406
-117.98,33.68,14.0,3396.0,477.0,1542.0,472.0,7.3982,369100.0,<1H OCEAN,358665.0,10435.0,2.8271471146030884
-122.46,37.78,52.0,2051.0,552.0,1400.0,510.0,3.2396,375000.0,NEAR BAY,428499.07,53499.07000000001,14.26641866666667
-122.33,37.97,45.0,1982.0,376.0,1179.0,398.0,3.5463,130800.0,NEAR BAY,137294.0,6494.0,4.964831804281346
-122.31,37.56,45.0,1792.0,301.0,829.0,318.0,4.9013,330100.0,NEAR OCEAN,325183.04,4916.960000000021,1.489536504089676
-118.13,33.86,45.0,1866.0,343.0,919.0,344.0,3.5833,200200.0,<1H OCEAN,225844.0,25644.0,12.80919080919081
-118.42,34.18,30.0,1323.0,353.0,856.0,333.0,3.3594,202200.0,<1H OCEAN,227020.01,24820.01000000001,12.274980217606334
-121.52,38.9,32.0,1650.0,313.0,802.0,284.0,2.9048,98200.0,INLAND,101382.0,3182.0,3.2403258655804477
-121.99,37.26,29.0,2718.0,365.0,982.0,339.0,7.9234,500001.0,<1H OCEAN,468311.36,31689.640000000014,6.337915324169355
-120.98,37.64,39.0,2617.0,659.0,2052.0,642.0,1.6952,65000.0,INLAND,75504.0,10504.0,16.16
-117.87,33.92,14.0,4039.0,669.0,1905.0,670.0,6.3303,303000.0,<1H OCEAN,298526.04,4473.960000000021,1.4765544554455514
-117.79,33.77,23.0,3596.0,451.0,1292.0,458.0,8.5403,451300.0,<1H OCEAN,368778.04,82521.96000000002,18.285388876578775
-117.96,33.73,22.0,3479.0,455.0,1454.0,488.0,6.6324,347600.0,<1H OCEAN,305067.0,42533.0,12.236191024165707
-121.63,37.12,17.0,1830.0,398.0,1110.0,388.0,2.4821,248200.0,<1H OCEAN,143440.0,104760.0,42.207896857373086
-117.89,33.77,29.0,2577.0,445.0,1849.0,470.0,4.4732,194800.0,<1H OCEAN,192443.0,2357.0,1.2099589322381932
-118.24,34.15,7.0,2063.0,670.0,1892.0,643.0,1.7301,202300.0,<1H OCEAN,194120.0,8180.0,4.0434997528423136
-122.06,37.96,37.0,1784.0,313.0,788.0,304.0,4.2917,189600.0,NEAR BAY,184611.0,4989.0,2.6313291139240507
-119.85,36.76,10.0,2067.0,450.0,845.0,354.0,1.8214,80100.0,INLAND,67103.0,12997.0,16.22596754057428
-118.09,34.01,36.0,1465.0,363.0,1538.0,342.0,3.5469,150600.0,<1H OCEAN,159373.0,8773.0,5.825365205843293
-123.73,39.17,20.0,4620.0,1042.0,1745.0,794.0,2.375,158800.0,NEAR OCEAN,121553.0,37247.0,23.45528967254408
-121.4,36.84,40.0,2352.0,536.0,1430.0,535.0,3.0912,155300.0,INLAND,158977.0,3677.0,2.3676754668383775
-118.21,33.8,41.0,1251.0,279.0,1053.0,278.0,3.2778,150800.0,NEAR OCEAN,175532.0,24732.0,16.40053050397878
-119.62,36.56,30.0,1722.0,372.0,1467.0,403.0,1.8878,51600.0,INLAND,56876.0,5276.0,10.224806201550388
-118.81,34.25,4.0,9147.0,1827.0,3950.0,1661.0,5.716,320800.0,<1H OCEAN,290351.06,30448.940000000002,9.491564837905237
-117.1,33.0,5.0,15502.0,2613.0,7417.0,2358.0,5.9094,261100.0,<1H OCEAN,277938.01,16838.01000000001,6.448873994638073
-118.38,33.86,15.0,1778.0,311.0,908.0,330.0,7.674,329300.0,<1H OCEAN,421196.45,91896.45000000001,27.906604919526274
-118.31,34.04,29.0,2038.0,578.0,2070.0,570.0,2.0658,214600.0,<1H OCEAN,165519.0,49081.0,22.870922646784717
-121.5,38.52,37.0,2008.0,466.0,1261.0,427.0,2.2574,59100.0,INLAND,92663.0,33563.0,56.790186125211505
-118.0,34.13,35.0,1005.0,224.0,742.0,221.0,3.5481,158100.0,INLAND,166659.0,8559.0,5.413662239089184
-118.35,33.91,19.0,1949.0,559.0,1282.0,498.0,2.7813,231300.0,<1H OCEAN,225241.0,6059.0,2.619541720709036
-118.98,35.37,36.0,1562.0,398.0,1223.0,329.0,0.9675,47100.0,INLAND,50289.0,3189.0,6.770700636942675
-117.9,33.88,28.0,2696.0,346.0,947.0,356.0,9.0055,375400.0,<1H OCEAN,459395.57,83995.57,22.374952051145446
-121.65,39.16,16.0,5022.0,1103.0,2087.0,956.0,2.3963,114800.0,INLAND,90341.0,24459.0,21.30574912891986
-119.81,36.6,24.0,2246.0,462.0,1291.0,394.0,2.4006,76400.0,INLAND,68230.0,8170.0,10.693717277486911
-118.02,34.15,44.0,2419.0,437.0,1045.0,432.0,3.875,280800.0,INLAND,278384.0,2416.0,0.8603988603988604
-118.09,34.7,6.0,4558.0,804.0,1543.0,563.0,2.8548,138500.0,INLAND,117402.0,21098.0,15.233212996389891
-118.42,34.27,37.0,1024.0,246.0,1371.0,239.0,3.225,147500.0,<1H OCEAN,150536.0,3036.0,2.0583050847457627
-118.32,34.07,52.0,2156.0,306.0,861.0,311.0,8.8062,500001.0,<1H OCEAN,462730.47,37270.53000000003,7.454091091817822
-122.46,37.73,52.0,3547.0,506.0,1276.0,491.0,8.0069,426800.0,NEAR BAY,490673.9,63873.90000000002,14.965768509840679
-116.53,33.78,18.0,2547.0,463.0,411.0,214.0,2.5489,220500.0,INLAND,167088.0,53412.0,24.22312925170068
-120.99,39.22,16.0,1497.0,275.0,737.0,243.0,2.8942,182500.0,INLAND,132945.0,49555.0,27.15342465753425
-116.47,34.07,22.0,5473.0,1234.0,2581.0,1098.0,1.9375,65300.0,INLAND,89836.0,24536.0,37.57427258805513
-122.28,37.82,52.0,1170.0,235.0,701.0,233.0,1.6098,87500.0,NEAR BAY,94429.0,6929.0,7.918857142857143
-118.47,35.64,17.0,2248.0,535.0,927.0,427.0,1.3023,68500.0,INLAND,74384.0,5884.0,8.58978102189781
-118.26,33.97,46.0,1086.0,249.0,880.0,250.0,1.5962,95700.0,<1H OCEAN,98997.0,3297.0,3.445141065830721
-117.2,32.78,38.0,2662.0,498.0,1132.0,496.0,4.0057,241600.0,NEAR OCEAN,305822.05,64222.04999999999,26.58197433774834
-118.55,34.28,16.0,8879.0,,3468.0,1200.0,8.1125,428600.0,<1H OCEAN,400824.01,27775.98999999999,6.480632291180585
-117.86,33.84,19.0,1725.0,392.0,920.0,400.0,3.0087,159400.0,<1H OCEAN,199173.0,39773.0,24.951693851944793
-117.78,33.78,6.0,9792.0,1283.0,3744.0,1179.0,10.1714,481500.0,<1H OCEAN,466162.21,15337.789999999979,3.1854184839044604
-121.86,37.41,16.0,2938.0,589.0,1718.0,568.0,5.5073,178900.0,<1H OCEAN,253908.0,75008.0,41.927333705981
-117.58,34.11,14.0,11635.0,2055.0,6443.0,2009.0,4.7547,157600.0,INLAND,166703.0,9103.0,5.776015228426396
-118.02,34.12,38.0,1778.0,288.0,870.0,281.0,6.5784,408500.0,INLAND,408926.21,426.21000000002095,0.10433537331701859
-117.08,32.93,5.0,14944.0,2490.0,6600.0,2407.0,6.0857,308300.0,<1H OCEAN,269764.01,38535.98999999999,12.49951021732079
-117.62,34.02,16.0,2040.0,325.0,1207.0,324.0,5.0431,164100.0,INLAND,155499.0,8601.0,5.2413162705667276
-117.25,32.86,27.0,2530.0,469.0,594.0,326.0,7.2821,500001.0,NEAR OCEAN,450680.37,49320.630000000005,9.864106271787456
-121.32,37.96,47.0,1700.0,344.0,922.0,357.0,3.1845,87200.0,INLAND,119525.0,32325.0,37.06995412844037
-118.45,33.96,36.0,2723.0,547.0,1090.0,519.0,6.3267,500001.0,<1H OCEAN,442737.4,57263.59999999998,11.452697094605806
-119.79,36.77,30.0,1610.0,410.0,1000.0,397.0,2.0357,60200.0,INLAND,64626.0,4426.0,7.352159468438538
-118.2,33.92,42.0,1411.0,314.0,1432.0,322.0,3.0871,138800.0,<1H OCEAN,143852.0,5052.0,3.639769452449568
-118.33,34.16,23.0,1359.0,428.0,770.0,380.0,3.4016,234600.0,<1H OCEAN,276806.03,42206.03000000003,17.990635123614677
-118.24,33.89,34.0,1479.0,332.0,1166.0,322.0,2.6165,100900.0,<1H OCEAN,107537.0,6637.0,6.577799801783944
-115.38,32.81,35.0,1263.0,262.0,950.0,241.0,1.8958,67500.0,INLAND,67040.0,460.0,0.6814814814814816
-117.82,33.85,18.0,1810.0,305.0,1189.0,326.0,5.2227,213500.0,<1H OCEAN,237841.0,24341.0,11.400936768149883
-121.97,37.3,25.0,5463.0,1351.0,2758.0,1310.0,3.0079,277300.0,<1H OCEAN,206462.0,70838.0,25.545618463757663
-121.24,38.75,5.0,9137.0,1368.0,3667.0,1294.0,5.4896,229600.0,INLAND,214950.0,14650.0,6.380662020905923
-118.91,36.79,19.0,1616.0,324.0,187.0,80.0,3.7857,78600.0,INLAND,98272.0,19672.0,25.02798982188295
-121.27,37.95,43.0,557.0,165.0,573.0,144.0,1.7212,59000.0,INLAND,67850.0,8850.0,15.0
-122.49,37.75,52.0,2226.0,385.0,1177.0,416.0,4.8516,323800.0,NEAR OCEAN,326289.02,2489.0200000000186,0.7686905497220564
-123.2,39.15,27.0,990.0,238.0,592.0,225.0,2.0074,96200.0,<1H OCEAN,119728.0,23528.0,24.457380457380456
-122.26,37.54,5.0,1649.0,388.0,779.0,376.0,6.9635,417300.0,NEAR BAY,366293.12,51006.880000000005,12.223072130361851
-117.29,33.05,28.0,1146.0,338.0,672.0,292.0,3.1667,300000.0,NEAR OCEAN,278140.11,21859.890000000014,7.286630000000005
-118.39,33.88,31.0,1448.0,244.0,607.0,259.0,8.1513,500001.0,<1H OCEAN,486210.67,13790.330000000016,2.7580604838790355
-118.24,33.99,28.0,312.0,89.0,498.0,87.0,2.4107,96400.0,<1H OCEAN,113404.0,17004.0,17.639004149377595
-117.92,33.77,28.0,3614.0,960.0,3282.0,889.0,3.522,190300.0,<1H OCEAN,177949.0,12351.0,6.490278507619548
-118.16,33.86,26.0,6607.0,1663.0,4066.0,1558.0,2.5068,156300.0,<1H OCEAN,173480.0,17180.0,10.991682661548305
-122.16,37.71,36.0,666.0,132.0,366.0,134.0,3.4643,175000.0,NEAR BAY,171583.0,3417.0,1.9525714285714284
-119.67,36.82,2.0,2579.0,376.0,1133.0,342.0,4.5577,123300.0,INLAND,122481.0,819.0,0.6642335766423358
-122.24,37.47,40.0,1504.0,270.0,689.0,287.0,6.1244,308800.0,NEAR OCEAN,394189.18,85389.18,27.651936528497405
-122.6,38.11,23.0,8642.0,1294.0,3594.0,1253.0,5.3962,301500.0,<1H OCEAN,278016.0,23484.0,7.7890547263681595
-117.61,33.63,2.0,4678.0,817.0,1970.0,712.0,6.1078,219000.0,<1H OCEAN,306944.04,87944.03999999998,40.15709589041095
-118.28,33.96,23.0,1983.0,611.0,2048.0,600.0,1.5313,91400.0,<1H OCEAN,114324.0,22924.0,25.080962800875273
-117.89,33.85,18.0,2036.0,414.0,1292.0,380.0,3.875,273000.0,<1H OCEAN,193675.0,79325.0,29.05677655677656
-121.77,36.93,24.0,1943.0,447.0,1844.0,461.0,3.0192,184300.0,<1H OCEAN,167875.0,16425.0,8.91209983722192
-121.37,38.68,36.0,1775.0,296.0,937.0,305.0,3.1786,83400.0,INLAND,100259.0,16859.0,20.21462829736211
-118.26,33.85,25.0,2324.0,326.0,1087.0,328.0,5.293,207000.0,<1H OCEAN,251471.0,44471.0,21.483574879227053
-122.17,37.73,43.0,1473.0,371.0,1231.0,341.0,2.1587,86500.0,NEAR BAY,101603.0,15103.0,17.460115606936416
-122.54,37.96,44.0,1552.0,204.0,596.0,208.0,10.129,500001.0,NEAR BAY,498828.98,1172.0200000000186,0.23440353119294133
-124.16,40.8,52.0,2416.0,618.0,1150.0,571.0,1.7308,80500.0,NEAR OCEAN,90742.0,10242.0,12.722981366459626
-120.45,34.66,7.0,3329.0,504.0,1462.0,452.0,4.7875,198300.0,NEAR OCEAN,219728.02,21428.01999999999,10.80585980837115
-120.45,34.95,10.0,2207.0,644.0,2232.0,543.0,2.375,98500.0,<1H OCEAN,135923.0,37423.0,37.99289340101522
-117.17,33.34,15.0,3313.0,679.0,1022.0,564.0,2.7986,189900.0,<1H OCEAN,144486.0,45414.0,23.91469194312796
-118.42,34.0,33.0,1139.0,299.0,734.0,257.0,3.2708,325000.0,<1H OCEAN,334067.03,9067.030000000028,2.789855384615393
-119.35,36.52,39.0,3027.0,608.0,2199.0,592.0,2.6445,62000.0,INLAND,71671.0,9671.0,15.598387096774195
-121.84,37.29,4.0,2937.0,648.0,1780.0,665.0,4.3851,160400.0,<1H OCEAN,205386.0,44986.0,28.046134663341647
-120.24,37.96,34.0,1747.0,395.0,935.0,362.0,1.625,79400.0,INLAND,87409.0,8009.0,10.086901763224182
-122.42,37.77,52.0,4226.0,1315.0,2619.0,1242.0,2.5755,325000.0,NEAR BAY,327166.06,2166.0599999999977,0.6664799999999993
-117.91,33.9,27.0,829.0,114.0,383.0,133.0,9.3125,293500.0,<1H OCEAN,474989.55,181489.55,61.83630323679728
-121.53,38.58,33.0,4988.0,1169.0,2414.0,1075.0,1.9728,76400.0,INLAND,89730.0,13330.0,17.44764397905759
-121.23,37.8,11.0,2451.0,665.0,1155.0,533.0,2.2254,130800.0,INLAND,119163.0,11637.0,8.896788990825687
-117.65,33.58,2.0,2411.0,354.0,703.0,217.0,7.8061,331400.0,<1H OCEAN,341488.07,10088.070000000007,3.0440766445383245
-121.0,37.6,22.0,4412.0,925.0,3116.0,817.0,2.6899,82100.0,INLAND,111700.0,29600.0,36.05359317904993
-118.07,34.17,36.0,2415.0,394.0,1215.0,413.0,5.5418,326100.0,INLAND,357534.03,31434.030000000028,9.639383624655022
-117.69,33.64,16.0,2592.0,372.0,1279.0,383.0,6.9741,262000.0,<1H OCEAN,309127.02,47127.02000000002,17.987412213740463
-121.78,37.23,18.0,1747.0,317.0,1055.0,285.0,5.898,229100.0,<1H OCEAN,263428.01,34328.01000000001,14.983854212134442
-121.85,37.4,23.0,1793.0,319.0,1145.0,310.0,5.5968,243200.0,<1H OCEAN,248411.0,5211.0,2.142680921052632
-121.32,37.98,20.0,1591.0,589.0,1916.0,536.0,1.3531,94600.0,INLAND,92675.0,1925.0,2.0348837209302326
-118.16,33.84,36.0,2831.0,573.0,1462.0,569.0,3.8646,214600.0,<1H OCEAN,221034.0,6434.0,2.9981360671015844
-118.04,34.12,44.0,2007.0,288.0,921.0,307.0,6.5989,500001.0,INLAND,399939.16,100061.84000000003,20.012327975344053
-122.21,37.8,50.0,2833.0,605.0,1260.0,552.0,2.8929,216700.0,NEAR BAY,156142.0,60558.0,27.945546838947855
-117.8,34.05,5.0,4536.0,1178.0,2485.0,909.0,4.1118,125900.0,<1H OCEAN,210821.0,84921.0,67.45115170770453
-121.43,38.61,33.0,2289.0,576.0,1100.0,503.0,2.1694,95700.0,INLAND,98506.0,2806.0,2.9320794148380354
-121.8,36.72,14.0,2493.0,407.0,1296.0,418.0,5.4508,190000.0,<1H OCEAN,270183.0,80183.0,42.201578947368425
-122.02,37.58,15.0,3052.0,760.0,2097.0,728.0,3.3617,178100.0,NEAR BAY,225345.0,47245.0,26.527231892195395
-119.32,36.19,11.0,1281.0,291.0,861.0,313.0,1.0962,72300.0,INLAND,54902.0,17398.0,24.06362378976487
-118.2,33.81,46.0,1388.0,254.0,742.0,241.0,4.6458,212100.0,NEAR OCEAN,217789.0,5689.0,2.6822253653936823
-117.91,33.75,8.0,2346.0,679.0,3842.0,674.0,3.0635,160000.0,<1H OCEAN,175072.0,15072.0,9.42
-118.13,34.02,38.0,1243.0,310.0,788.0,286.0,2.5852,185100.0,<1H OCEAN,181776.0,3324.0,1.7957860615883305
-118.12,34.7,7.0,4915.0,885.0,2833.0,874.0,4.3229,130000.0,INLAND,141121.0,11121.0,8.554615384615385
-122.41,37.75,52.0,2164.0,606.0,2034.0,513.0,2.0325,178100.0,NEAR BAY,243495.0,65395.0,36.71813587871982
-118.26,34.09,51.0,1532.0,366.0,669.0,333.0,3.6434,278800.0,<1H OCEAN,237644.01,41155.98999999999,14.761832855093255
-122.29,37.92,36.0,1450.0,235.0,568.0,234.0,6.0,311400.0,NEAR BAY,324428.02,13028.020000000019,4.183692999357745
-117.43,34.1,34.0,1345.0,265.0,834.0,290.0,3.7011,99500.0,INLAND,105297.0,5797.0,5.826130653266332
-117.9,33.71,16.0,4208.0,630.0,2592.0,662.0,6.1966,260500.0,<1H OCEAN,289190.02,28690.02000000002,11.013443378119009
-118.43,33.9,27.0,1536.0,377.0,553.0,326.0,5.4088,500001.0,<1H OCEAN,414873.35,85127.65000000002,17.025495949008107
-121.43,36.5,14.0,1835.0,468.0,1867.0,461.0,2.3879,129800.0,<1H OCEAN,123600.0,6200.0,4.776579352850539
-120.45,37.32,21.0,1318.0,202.0,618.0,197.0,4.8214,117800.0,INLAND,128398.0,10598.0,8.99660441426146
-118.25,33.93,40.0,975.0,270.0,1068.0,270.0,0.9889,87500.0,<1H OCEAN,91836.0,4336.0,4.9554285714285715
-122.5,37.74,45.0,1771.0,349.0,1098.0,342.0,3.7552,296600.0,NEAR OCEAN,273488.0,23112.0,7.792312879298718
-122.04,37.95,29.0,866.0,138.0,341.0,133.0,4.7188,197100.0,NEAR BAY,223314.0,26214.0,13.299847792998479
-117.34,34.02,28.0,2683.0,708.0,2047.0,636.0,2.275,85400.0,INLAND,90491.0,5091.0,5.96135831381733
-118.26,33.9,38.0,1566.0,318.0,981.0,318.0,4.0234,111900.0,<1H OCEAN,149834.01,37934.01000000001,33.89991957104559
-120.45,34.94,24.0,1702.0,447.0,1240.0,417.0,2.4091,115500.0,<1H OCEAN,127676.0,12176.0,10.541991341991341
-117.24,33.18,19.0,3337.0,565.0,1646.0,554.0,5.0195,200200.0,<1H OCEAN,234484.0,34284.0,17.124875124875125
-118.15,34.18,46.0,2230.0,488.0,1985.0,456.0,2.2328,142100.0,<1H OCEAN,158000.0,15900.0,11.18930330752991
-122.16,37.46,45.0,2068.0,348.0,844.0,366.0,6.227,417800.0,NEAR BAY,418920.34,1120.3400000000256,0.26815222594543453
-117.95,33.78,9.0,3553.0,1035.0,2017.0,986.0,2.9726,133800.0,<1H OCEAN,187210.0,53410.0,39.917787742899854
-119.05,34.13,12.0,57.0,22.0,69.0,15.0,5.0066,275000.0,NEAR OCEAN,303636.13,28636.130000000005,10.413138181818184
-118.3,33.98,44.0,1597.0,388.0,902.0,321.0,1.9556,93300.0,<1H OCEAN,103462.0,10162.0,10.891747052518756
-120.98,37.69,18.0,3176.0,468.0,1296.0,471.0,5.5684,185100.0,INLAND,202116.0,17016.0,9.19286871961102
-118.27,34.05,52.0,1292.0,864.0,2081.0,724.0,0.9563,275000.0,<1H OCEAN,246952.04,28047.959999999992,10.199258181818179
-122.41,37.8,52.0,1866.0,748.0,2957.0,710.0,1.8295,243800.0,NEAR BAY,238556.05,5243.950000000012,2.1509228876128024
-117.98,33.99,26.0,3343.0,455.0,1429.0,457.0,7.0778,334300.0,<1H OCEAN,372547.04,38247.03999999998,11.440933293448992
-121.93,37.31,26.0,2182.0,704.0,1638.0,704.0,2.8981,229800.0,<1H OCEAN,208736.0,21064.0,9.166231505657093
-121.44,38.61,33.0,1591.0,466.0,1000.0,418.0,1.0467,70100.0,INLAND,72326.0,2226.0,3.17546362339515
-118.28,34.76,19.0,3430.0,601.0,1817.0,571.0,4.7875,163600.0,INLAND,138606.0,24994.0,15.277506112469439
-117.02,32.79,36.0,2211.0,384.0,868.0,329.0,4.0491,147900.0,<1H OCEAN,163336.0,15436.0,10.436781609195403
-117.21,34.08,5.0,5749.0,1385.0,2382.0,1088.0,3.0587,143100.0,INLAND,111441.0,31659.0,22.123689727463315
-118.21,34.05,45.0,2146.0,607.0,2868.0,625.0,2.121,144000.0,<1H OCEAN,144865.0,865.0,0.6006944444444444
-121.22,37.8,37.0,1038.0,222.0,521.0,211.0,2.125,91900.0,INLAND,108202.0,16302.0,17.73884657236126
-122.45,37.77,52.0,2645.0,626.0,1275.0,553.0,3.35,492900.0,NEAR BAY,405392.14,87507.85999999999,17.753674173260293
-121.87,37.46,43.0,91.0,12.0,58.0,16.0,15.0001,500001.0,<1H OCEAN,239313.08,260687.92,52.13747972504055
-118.26,34.02,38.0,980.0,285.0,1308.0,310.0,1.5652,123100.0,<1H OCEAN,119676.0,3424.0,2.7814784727863526
-117.23,32.73,35.0,2914.0,683.0,1562.0,638.0,2.5259,240200.0,NEAR OCEAN,241039.0,839.0,0.34929225645295586
-118.25,34.23,41.0,1979.0,496.0,1157.0,459.0,4.4083,217700.0,<1H OCEAN,271579.02,53879.02000000002,24.749205328433632
-118.15,33.78,17.0,1584.0,435.0,904.0,406.0,2.0875,181300.0,NEAR OCEAN,145988.0,35312.0,19.47710976282405
-117.48,33.91,22.0,3611.0,666.0,1869.0,649.0,4.2207,141100.0,INLAND,157033.0,15933.0,11.291991495393338
-122.06,38.26,36.0,1248.0,221.0,672.0,222.0,3.3839,105900.0,INLAND,119188.0,13288.0,12.547686496694995
-117.12,32.7,36.0,1011.0,253.0,763.0,226.0,1.8187,84100.0,NEAR OCEAN,83200.0,900.0,1.070154577883472
-121.87,37.35,27.0,3500.0,1036.0,3019.0,955.0,2.9222,153700.0,<1H OCEAN,185525.0,31825.0,20.705920624593364
-118.15,33.88,24.0,4232.0,1092.0,2688.0,1035.0,2.52,146000.0,<1H OCEAN,178321.0,32321.0,22.137671232876713
-122.55,38.07,5.0,1495.0,235.0,555.0,201.0,6.7232,345000.0,NEAR BAY,335071.09,9928.909999999974,2.8779449275362246
-118.05,34.13,23.0,3264.0,729.0,1475.0,668.0,3.735,218300.0,INLAND,280678.0,62378.0,28.574438845625288
-119.02,35.43,39.0,2033.0,370.0,956.0,379.0,3.1736,70700.0,INLAND,79853.0,9153.0,12.946251768033946
-122.42,37.73,52.0,3230.0,654.0,1765.0,611.0,3.3333,292300.0,NEAR BAY,245805.0,46495.0,15.906602805336984
-122.53,37.97,52.0,1560.0,451.0,700.0,419.0,2.5125,270800.0,NEAR BAY,215679.01,55120.98999999999,20.354870753323482
-122.21,37.78,44.0,1729.0,414.0,1240.0,393.0,2.3125,102800.0,NEAR BAY,119805.0,17005.0,16.541828793774318
-117.29,34.15,42.0,1811.0,345.0,856.0,352.0,2.9667,97000.0,INLAND,92965.0,4035.0,4.15979381443299
-117.98,33.68,24.0,4177.0,,1704.0,606.0,6.2473,281900.0,<1H OCEAN,282493.0,593.0,0.21035828307910606
-122.18,38.17,7.0,4093.0,651.0,2228.0,646.0,5.2523,161300.0,NEAR BAY,196541.0,35241.0,21.848109113453194
-117.98,33.71,24.0,3430.0,548.0,1601.0,512.0,5.6825,264600.0,<1H OCEAN,268174.0,3574.0,1.3507180650037793
-118.34,35.27,10.0,2939.0,605.0,1167.0,446.0,2.3917,79000.0,INLAND,82499.0,3499.0,4.429113924050633
-121.38,38.55,23.0,2790.0,430.0,1407.0,460.0,4.3288,133700.0,INLAND,134815.0,1115.0,0.8339566192969334
-118.32,34.09,32.0,563.0,191.0,626.0,185.0,2.0341,250000.0,<1H OCEAN,191453.0,58547.0,23.4188
-121.5,38.58,5.0,761.0,306.0,2031.0,295.0,0.7526,162500.0,INLAND,150195.0,12305.0,7.572307692307692
-118.3,34.19,52.0,1704.0,277.0,746.0,262.0,4.7986,326100.0,<1H OCEAN,317069.02,9030.979999999981,2.769389757743018
-116.42,33.76,14.0,16921.0,2837.0,2524.0,1262.0,7.6281,341700.0,INLAND,306032.0,35668.0,10.438396254023997
-118.27,34.15,14.0,1744.0,536.0,1494.0,531.0,3.2171,230800.0,<1H OCEAN,228976.0,1824.0,0.7902946273830156
-117.98,34.1,22.0,5661.0,1209.0,5389.0,1178.0,3.7727,159700.0,INLAND,159155.0,545.0,0.34126487163431435
-115.64,32.8,23.0,1228.0,235.0,569.0,235.0,3.1667,125000.0,INLAND,76927.0,48073.0,38.4584
-119.73,36.68,32.0,755.0,205.0,681.0,207.0,1.7986,49300.0,INLAND,60681.0,11381.0,23.085192697768765
-118.6,34.13,20.0,14291.0,1934.0,5452.0,1875.0,9.1232,472000.0,<1H OCEAN,488935.83,16935.830000000016,3.58809957627119
-118.3,34.04,50.0,1757.0,522.0,2080.0,488.0,1.7225,180000.0,<1H OCEAN,146774.0,33226.0,18.45888888888889
-120.68,35.25,16.0,4208.0,897.0,1634.0,806.0,2.2868,233700.0,NEAR OCEAN,224653.01,9046.98999999999,3.871198117244326
-122.3,37.56,36.0,1379.0,228.0,750.0,227.0,5.5381,282000.0,NEAR OCEAN,335157.01,53157.01000000001,18.850003546099295
-119.25,35.77,35.0,1618.0,378.0,1449.0,398.0,1.6786,56500.0,INLAND,49810.0,6690.0,11.84070796460177
-122.23,37.78,52.0,472.0,146.0,415.0,126.0,2.6429,71300.0,NEAR BAY,123651.0,52351.0,73.4235624123422
-122.23,37.46,33.0,2643.0,464.0,1015.0,427.0,4.2232,363700.0,NEAR OCEAN,345533.09,18166.909999999974,4.995026120428918
-121.57,39.76,20.0,1384.0,257.0,557.0,232.0,2.0882,104900.0,INLAND,84002.0,20898.0,19.92183031458532
-118.98,35.36,15.0,1482.0,338.0,1059.0,279.0,1.2617,42700.0,INLAND,53479.0,10779.0,25.243559718969554
-118.32,34.08,46.0,2038.0,534.0,1250.0,525.0,2.4196,358100.0,<1H OCEAN,242600.0,115500.0,32.25356045797263
-119.71,34.41,31.0,1034.0,319.0,997.0,308.0,2.6538,231800.0,NEAR OCEAN,237638.0,5838.0,2.5185504745470233
-118.43,37.4,19.0,2460.0,405.0,1225.0,425.0,4.1576,141500.0,INLAND,139447.0,2053.0,1.4508833922261484
-117.29,34.12,47.0,1648.0,432.0,1308.0,385.0,1.2069,68200.0,INLAND,70524.0,2324.0,3.4076246334310847
-118.59,34.22,17.0,6015.0,1464.0,3056.0,1347.0,4.0077,229000.0,<1H OCEAN,254367.02,25367.01999999999,11.077301310043664
-117.38,34.12,17.0,5959.0,1208.0,4115.0,1088.0,2.4053,105200.0,INLAND,114939.0,9739.0,9.257604562737642
-117.94,33.86,36.0,2824.0,493.0,1394.0,507.0,4.6477,194700.0,<1H OCEAN,205472.0,10772.0,5.5326142783769905
-118.98,36.06,33.0,2043.0,443.0,1497.0,417.0,2.343,47400.0,INLAND,61316.0,13916.0,29.358649789029535
-118.49,34.27,33.0,3047.0,527.0,1578.0,507.0,4.58,236200.0,<1H OCEAN,231332.0,4868.0,2.060965283657917
-121.63,39.82,11.0,3974.0,727.0,1610.0,634.0,2.6147,107700.0,INLAND,95681.0,12019.0,11.159702878365831
-117.03,32.73,38.0,3174.0,606.0,1557.0,619.0,3.5861,123600.0,NEAR OCEAN,142292.0,18692.0,15.122977346278319
-118.32,33.79,32.0,2381.0,467.0,1264.0,488.0,4.1477,315100.0,<1H OCEAN,323509.0,8409.0,2.6686766105998094
-122.43,37.73,52.0,1142.0,224.0,494.0,206.0,5.0602,298900.0,NEAR BAY,307108.04,8208.039999999979,2.7460823017731615
-121.91,36.59,31.0,2034.0,335.0,966.0,322.0,4.6964,291300.0,NEAR OCEAN,282248.0,9052.0,3.1074493649158943
-118.21,33.94,34.0,892.0,318.0,1443.0,341.0,2.1903,162500.0,<1H OCEAN,144929.0,17571.0,10.812923076923077
-117.59,33.67,29.0,1223.0,215.0,633.0,204.0,6.5143,279800.0,<1H OCEAN,347543.18,67743.18,24.211286633309502
-118.33,33.91,39.0,1224.0,312.0,1106.0,333.0,3.3491,181800.0,<1H OCEAN,182739.0,939.0,0.5165016501650165
-121.64,36.8,18.0,5915.0,1000.0,2975.0,975.0,4.5812,255200.0,<1H OCEAN,246560.0,8640.0,3.385579937304075
-122.48,37.75,49.0,2203.0,407.0,1052.0,405.0,4.4375,329200.0,NEAR BAY,332822.01,3622.0100000000093,1.1002460510328096
-122.42,37.8,52.0,1777.0,486.0,932.0,427.0,3.3643,420000.0,NEAR BAY,476703.7,56703.70000000001,13.500880952380957
-118.39,34.17,26.0,3345.0,818.0,1599.0,773.0,3.3516,241500.0,<1H OCEAN,267014.01,25514.01000000001,10.564807453416153
-121.37,38.42,18.0,2643.0,502.0,1755.0,541.0,3.3281,91200.0,INLAND,117012.0,25812.0,28.30263157894737
-124.14,40.78,35.0,2426.0,423.0,982.0,432.0,3.4219,92800.0,NEAR OCEAN,93725.0,925.0,0.9967672413793104
-118.32,33.89,34.0,2675.0,560.0,1270.0,492.0,4.5053,242000.0,<1H OCEAN,216140.0,25860.0,10.68595041322314
-122.41,37.75,52.0,3065.0,622.0,1405.0,606.0,3.7813,275900.0,NEAR BAY,280029.0,4129.0,1.4965567234505257
-117.39,33.93,26.0,3014.0,494.0,1832.0,485.0,4.8333,127900.0,INLAND,147552.0,19652.0,15.36512900703675
-120.23,37.86,16.0,324.0,61.0,135.0,61.0,2.4615,137500.0,INLAND,141272.0,3772.0,2.743272727272727
-121.91,37.29,36.0,945.0,149.0,371.0,158.0,5.6266,320500.0,<1H OCEAN,321571.04,1071.039999999979,0.334177847113878
-114.65,32.79,21.0,44.0,33.0,64.0,27.0,0.8571,25000.0,INLAND,54427.0,29427.0,117.70799999999998
-117.78,33.97,2.0,556.0,63.0,179.0,54.0,8.4411,500001.0,<1H OCEAN,380765.08,119235.91999999998,23.847136305727386
-118.45,37.37,26.0,3135.0,524.0,1385.0,523.0,4.337,139700.0,INLAND,146408.0,6708.0,4.801717967072298
-117.85,33.61,14.0,4340.0,741.0,1505.0,670.0,7.5674,500001.0,<1H OCEAN,321806.04,178194.96000000002,35.63892072215856
-122.01,36.98,47.0,2403.0,517.0,1144.0,455.0,2.5954,229400.0,NEAR OCEAN,238136.0,8736.0,3.8081952920662596
-118.2,33.93,40.0,1929.0,417.0,1780.0,419.0,3.4402,149400.0,<1H OCEAN,150308.0,908.0,0.607764390896921
-121.91,36.62,40.0,1292.0,271.0,504.0,230.0,2.475,258300.0,<1H OCEAN,223639.0,34661.0,13.418892760356174
-118.18,33.87,38.0,2664.0,626.0,1627.0,604.0,3.7527,161900.0,<1H OCEAN,170777.0,8877.0,5.483014206300185
-122.05,37.38,24.0,2424.0,501.0,1367.0,507.0,4.072,364200.0,<1H OCEAN,290340.0,73860.0,20.28006589785832
-118.26,34.0,37.0,2615.0,697.0,2484.0,630.0,1.9208,103400.0,<1H OCEAN,108294.0,4894.0,4.733075435203095
-118.19,34.02,40.0,474.0,124.0,546.0,121.0,2.3438,137500.0,<1H OCEAN,138727.0,1227.0,0.8923636363636365
-121.21,38.75,11.0,4552.0,639.0,2006.0,623.0,4.3962,264400.0,INLAND,186699.0,77701.0,29.38767019667171
-117.63,33.62,9.0,4257.0,785.0,1293.0,745.0,3.7139,196700.0,<1H OCEAN,202687.01,5987.010000000009,3.0437264870361003
-121.71,38.72,32.0,710.0,155.0,550.0,154.0,2.8882,151400.0,INLAND,112445.0,38955.0,25.729854689564068
-121.88,37.67,25.0,2244.0,301.0,937.0,324.0,6.4524,296900.0,INLAND,281254.01,15645.98999999999,5.269784439205116
-118.37,34.21,36.0,1392.0,326.0,1181.0,303.0,3.1563,176400.0,<1H OCEAN,166897.0,9503.0,5.38718820861678
-118.25,34.01,43.0,1575.0,475.0,1980.0,469.0,1.7425,100500.0,<1H OCEAN,105688.0,5188.0,5.162189054726368
-117.79,35.21,4.0,2.0,2.0,6.0,2.0,2.375,137500.0,INLAND,206304.2,68804.20000000001,50.039418181818185
-118.24,34.03,52.0,142.0,47.0,137.0,45.0,1.8333,312500.0,<1H OCEAN,173898.01,138601.99,44.35263679999999
-120.99,37.66,46.0,1750.0,347.0,754.0,356.0,2.9137,106000.0,INLAND,114064.0,8064.0,7.607547169811321
-122.56,37.97,52.0,1833.0,324.0,735.0,306.0,4.6944,398900.0,NEAR BAY,336698.04,62201.96000000002,15.593371772374034
-122.43,37.77,52.0,2416.0,620.0,1188.0,591.0,2.3887,337500.0,NEAR BAY,301136.05,36363.95000000001,10.774503703703706
-121.91,37.93,13.0,1610.0,198.0,703.0,217.0,8.7059,329400.0,INLAND,336858.02,7458.020000000019,2.264122647237407
-118.43,33.99,43.0,2483.0,548.0,1212.0,493.0,4.0189,302900.0,<1H OCEAN,343666.06,40766.06,13.458586992406735
-122.19,39.91,39.0,2467.0,529.0,1433.0,502.0,1.8571,53500.0,INLAND,61010.0,7510.0,14.037383177570092
-118.28,34.0,48.0,1514.0,376.0,1353.0,344.0,2.1607,96100.0,<1H OCEAN,116654.0,20554.0,21.388137356919877
-118.15,34.11,52.0,1000.0,192.0,363.0,158.0,4.2981,352800.0,<1H OCEAN,245538.0,107262.0,30.403061224489797
-121.99,36.98,40.0,1104.0,224.0,669.0,215.0,4.3409,256300.0,NEAR OCEAN,244805.0,11495.0,4.484978540772532
-118.87,34.2,26.0,1924.0,245.0,775.0,244.0,7.001,286800.0,<1H OCEAN,360323.03,73523.03000000003,25.635645048814514
-122.5,37.74,44.0,2527.0,518.0,1434.0,444.0,3.875,275700.0,NEAR OCEAN,285608.0,9908.0,3.593761334784186
-122.26,37.5,24.0,2307.0,510.0,842.0,507.0,3.6111,341500.0,NEAR OCEAN,310117.01,31382.98999999999,9.189748169838943
-118.95,34.17,23.0,2630.0,404.0,1184.0,385.0,5.2955,247600.0,<1H OCEAN,321812.09,74212.09000000003,29.972572697899846
-122.72,38.45,41.0,1743.0,373.0,780.0,357.0,3.1467,175500.0,<1H OCEAN,170733.0,4767.0,2.7162393162393164
-122.86,38.42,38.0,1166.0,223.0,584.0,225.0,3.6667,244400.0,<1H OCEAN,191604.0,52796.0,21.60229132569558
-121.79,38.67,30.0,2602.0,401.0,981.0,405.0,4.7222,167200.0,INLAND,179262.0,12062.0,7.214114832535885
-119.19,34.22,26.0,3175.0,736.0,2460.0,775.0,3.125,219900.0,NEAR OCEAN,203739.0,16161.0,7.3492496589358804
-121.7,38.65,22.0,1360.0,282.0,808.0,229.0,2.4167,225000.0,INLAND,98429.0,126571.0,56.25377777777778
-119.68,36.81,16.0,2668.0,454.0,1536.0,457.0,3.9792,88900.0,INLAND,89643.0,743.0,0.8357705286839144
-121.91,36.6,35.0,2605.0,410.0,1110.0,406.0,5.5519,329500.0,NEAR OCEAN,334018.02,4518.020000000019,1.3711745068285337
-117.68,33.48,15.0,1786.0,299.0,727.0,293.0,5.0527,231400.0,<1H OCEAN,264362.04,32962.03999999998,14.244615384615376
-121.28,38.14,38.0,2803.0,500.0,1223.0,509.0,4.119,128800.0,INLAND,153262.0,24462.0,18.99223602484472
-117.24,33.36,11.0,2786.0,480.0,1250.0,450.0,4.5,222600.0,<1H OCEAN,225929.01,3329.0100000000093,1.4955121293800582
-117.13,32.96,15.0,2267.0,292.0,1180.0,289.0,6.712,240200.0,<1H OCEAN,277787.0,37587.0,15.648209825145711
-122.38,41.43,45.0,2245.0,448.0,1155.0,421.0,1.6509,46200.0,INLAND,61873.0,15673.0,33.92424242424242
-122.04,37.99,36.0,2765.0,495.0,1478.0,441.0,4.125,136200.0,NEAR BAY,160330.0,24130.0,17.716593245227607
-121.81,38.84,37.0,352.0,65.0,238.0,67.0,2.8542,275000.0,INLAND,137801.0,137199.0,49.89054545454545
-122.31,37.56,45.0,1685.0,321.0,815.0,314.0,4.2955,309700.0,NEAR OCEAN,307370.02,2329.9799999999814,0.7523345172747761
-118.28,33.82,30.0,3615.0,760.0,2813.0,752.0,5.3849,217700.0,<1H OCEAN,247499.03,29799.03,13.688116674322462
-122.64,38.25,31.0,2554.0,515.0,1507.0,533.0,3.8,162600.0,<1H OCEAN,210363.01,47763.01000000001,29.374544895448963
-118.27,34.16,15.0,5036.0,1299.0,3164.0,1175.0,2.9148,238700.0,<1H OCEAN,235524.0,3176.0,1.3305404273146209
-117.06,32.71,11.0,2397.0,523.0,1566.0,514.0,3.8687,145200.0,NEAR OCEAN,133822.0,11378.0,7.836088154269973
-122.06,37.38,21.0,1798.0,399.0,837.0,410.0,5.6999,470000.0,NEAR BAY,343853.09,126146.90999999997,26.839768085106382
-118.11,34.01,41.0,815.0,252.0,775.0,231.0,2.2847,190000.0,<1H OCEAN,167761.0,22239.0,11.704736842105264
-118.23,34.09,41.0,438.0,201.0,690.0,161.0,2.0476,181300.0,<1H OCEAN,156769.0,24531.0,13.530612244897961
-118.2,33.94,44.0,1413.0,298.0,1200.0,307.0,3.5125,169300.0,<1H OCEAN,158894.0,10406.0,6.146485528647371
-118.41,33.93,22.0,2514.0,605.0,1225.0,568.0,4.1818,339700.0,<1H OCEAN,357089.03,17389.030000000028,5.118937297615552
-118.2,33.94,45.0,1818.0,408.0,1705.0,373.0,4.0441,157500.0,<1H OCEAN,160959.0,3459.0,2.196190476190476
-122.87,38.61,23.0,2676.0,521.0,1456.0,500.0,3.7361,173700.0,<1H OCEAN,194074.0,20374.0,11.729418537708693
-118.04,34.04,32.0,1619.0,323.0,1492.0,342.0,3.5,165100.0,<1H OCEAN,159658.0,5442.0,3.2961841308298006
-118.38,33.81,36.0,1018.0,148.0,329.0,169.0,10.5045,500001.0,NEAR OCEAN,500001.0,0.0,0.0
-118.2,34.12,41.0,1908.0,503.0,1557.0,453.0,2.9194,162000.0,<1H OCEAN,173808.0,11808.0,7.28888888888889
-122.36,37.92,52.0,215.0,41.0,126.0,43.0,1.3929,104200.0,NEAR BAY,129415.01,25215.009999999995,24.198666026871397
-118.44,34.18,36.0,2077.0,496.0,1206.0,528.0,2.2326,221000.0,<1H OCEAN,213381.0,7619.0,3.4475113122171948
-117.81,33.63,17.0,4477.0,610.0,1798.0,612.0,8.1093,410400.0,<1H OCEAN,357175.02,53224.97999999998,12.969049707602334
-122.22,38.08,37.0,4590.0,857.0,2920.0,832.0,3.436,94800.0,NEAR BAY,137066.0,42266.0,44.58438818565401
-117.08,32.63,33.0,2891.0,793.0,1607.0,754.0,2.1281,139800.0,NEAR OCEAN,134130.0,5670.0,4.055793991416309
-122.29,40.44,30.0,1270.0,365.0,840.0,324.0,1.3904,48100.0,INLAND,62800.0,14700.0,30.561330561330564
-124.16,40.78,50.0,2285.0,403.0,837.0,353.0,2.5417,85400.0,NEAR OCEAN,93113.01,7713.009999999995,9.031627634660415
-118.35,34.13,39.0,1610.0,278.0,511.0,278.0,4.3333,385900.0,<1H OCEAN,430766.19,44866.19,11.626377299818607
-122.26,37.57,23.0,7995.0,1254.0,3484.0,1198.0,6.5948,404000.0,NEAR BAY,365607.1,38392.90000000002,9.503193069306937
-117.23,33.83,2.0,1424.0,251.0,681.0,192.0,4.0833,100000.0,INLAND,170193.0,70193.0,70.19300000000001
-122.59,38.43,20.0,2791.0,546.0,785.0,512.0,3.4561,216700.0,<1H OCEAN,192552.0,24148.0,11.143516382095061
-118.38,34.04,31.0,2846.0,727.0,2120.0,672.0,2.7226,254200.0,<1H OCEAN,254403.01,203.0100000000093,0.07986231313926409
-117.96,33.87,35.0,1972.0,367.0,1152.0,356.0,3.7222,187500.0,<1H OCEAN,193826.0,6326.0,3.373866666666667
-118.19,34.02,44.0,2702.0,770.0,3260.0,721.0,2.3575,144800.0,<1H OCEAN,145739.0,939.0,0.6484806629834254
-122.0,38.36,34.0,2735.0,539.0,1390.0,491.0,2.7262,118800.0,INLAND,100814.0,17986.0,15.139730639730638
-116.99,32.71,21.0,3049.0,582.0,2355.0,585.0,3.8904,113800.0,NEAR OCEAN,151944.0,38144.0,33.518453427065026
-121.78,37.68,17.0,3112.0,872.0,1392.0,680.0,3.0222,172500.0,INLAND,160186.0,12314.0,7.138550724637681
-121.26,38.68,4.0,3080.0,827.0,1195.0,683.0,2.7477,133000.0,INLAND,137744.0,4744.0,3.566917293233083
-117.72,33.61,26.0,2033.0,463.0,618.0,450.0,2.5685,80400.0,<1H OCEAN,119665.01,39265.009999999995,48.83707711442785
-121.38,38.69,35.0,2943.0,554.0,1460.0,510.0,2.6713,84400.0,INLAND,113758.0,29358.0,34.78436018957346
-120.95,39.93,26.0,2023.0,385.0,922.0,365.0,2.8125,83500.0,INLAND,78228.0,5272.0,6.313772455089821
-122.47,37.5,18.0,2297.0,416.0,1086.0,381.0,4.875,334600.0,NEAR OCEAN,390519.07,55919.07000000001,16.712214584578604
-118.02,33.76,27.0,2905.0,587.0,1781.0,561.0,4.25,214800.0,<1H OCEAN,201791.0,13009.0,6.05633147113594
-122.49,37.74,52.0,2189.0,433.0,1147.0,420.0,3.4583,321300.0,NEAR OCEAN,312047.0,9253.0,2.8798630563336447
-118.19,33.97,30.0,1790.0,556.0,1827.0,520.0,1.7562,181300.0,<1H OCEAN,162174.0,19126.0,10.549365692222835
-118.02,33.84,35.0,3473.0,563.0,2091.0,580.0,4.4821,214100.0,<1H OCEAN,199785.0,14315.0,6.686127977580569
-117.31,34.04,5.0,2785.0,577.0,1310.0,536.0,3.39,149500.0,INLAND,125265.0,24235.0,16.21070234113712
-118.04,34.08,35.0,1148.0,258.0,975.0,253.0,4.037,173300.0,<1H OCEAN,175447.0,2147.0,1.2388920946335833
-119.2,34.26,25.0,2203.0,367.0,1194.0,377.0,5.4087,223200.0,NEAR OCEAN,277400.0,54200.0,24.2831541218638
-117.99,33.84,31.0,2982.0,547.0,1895.0,570.0,4.9115,255500.0,<1H OCEAN,203231.0,52269.0,20.457534246575342
-118.2,34.13,52.0,2035.0,459.0,2589.0,438.0,3.5349,193600.0,<1H OCEAN,189918.0,3682.0,1.9018595041322313
-121.85,36.6,41.0,3138.0,717.0,1890.0,642.0,2.4864,140400.0,<1H OCEAN,163722.0,23322.0,16.61111111111111
-118.11,34.08,42.0,3172.0,644.0,1829.0,642.0,3.3966,243200.0,<1H OCEAN,212900.0,30300.0,12.458881578947368
-117.97,33.83,16.0,2035.0,564.0,1118.0,503.0,3.2546,187500.0,<1H OCEAN,190401.0,2901.0,1.5472
-117.15,32.76,37.0,1921.0,502.0,811.0,472.0,2.75,175000.0,NEAR OCEAN,195002.0,20002.0,11.429714285714287
-117.81,33.66,20.0,2851.0,490.0,1192.0,463.0,5.8752,274200.0,<1H OCEAN,288179.01,13979.01000000001,5.098107221006568
-116.97,32.79,32.0,1255.0,338.0,782.0,302.0,2.6635,113600.0,<1H OCEAN,152860.0,39260.0,34.559859154929576
-122.23,37.8,51.0,1590.0,414.0,949.0,392.0,1.9028,127900.0,NEAR BAY,129822.0,1922.0,1.5027365129007038
-119.78,36.8,34.0,3426.0,623.0,1938.0,647.0,2.8994,66000.0,INLAND,75873.0,9873.0,14.959090909090907
-122.01,37.53,27.0,1890.0,303.0,889.0,314.0,5.7057,287600.0,NEAR BAY,271720.0,15880.0,5.5215577190542415
-118.89,34.22,20.0,3878.0,665.0,1651.0,591.0,5.5402,264600.0,<1H OCEAN,282236.0,17636.0,6.665154950869237
-124.17,40.77,30.0,1895.0,366.0,990.0,359.0,2.2227,81300.0,NEAR OCEAN,75174.0,6126.0,7.535055350553506
-120.96,37.67,17.0,2434.0,511.0,1558.0,546.0,2.9219,114300.0,INLAND,119854.0,5554.0,4.859142607174103
-122.14,37.73,52.0,2024.0,320.0,823.0,334.0,5.0,264700.0,NEAR BAY,278337.08,13637.080000000016,5.151900264450327
-121.62,39.15,36.0,2321.0,455.0,1168.0,489.0,3.0962,74000.0,INLAND,103388.0,29388.0,39.71351351351352
-116.54,33.87,16.0,3648.0,1035.0,1687.0,581.0,1.9167,70400.0,INLAND,94881.0,24481.0,34.77414772727273
-118.41,34.0,35.0,684.0,161.0,381.0,159.0,2.8393,272000.0,<1H OCEAN,290963.01,18963.01000000001,6.971694852941179
-118.14,33.79,23.0,2573.0,688.0,1478.0,604.0,3.4833,209400.0,NEAR OCEAN,231459.02,22059.01999999999,10.5343935052531
-117.96,33.85,35.0,1175.0,191.0,568.0,186.0,4.125,189200.0,<1H OCEAN,207332.0,18132.0,9.583509513742072
-118.05,33.83,24.0,4316.0,678.0,2286.0,665.0,5.7018,286700.0,<1H OCEAN,257678.0,29022.0,10.122776421346355
-122.14,37.9,32.0,5738.0,746.0,2099.0,732.0,10.3224,500001.0,NEAR BAY,495362.94,4638.059999999998,0.92761014477971
-117.95,34.09,18.0,1179.0,324.0,1296.0,331.0,2.851,140600.0,<1H OCEAN,168709.0,28109.0,19.99217638691323
-117.66,35.61,5.0,5735.0,932.0,2623.0,862.0,4.8494,87200.0,INLAND,141620.0,54420.0,62.408256880733944
-118.22,34.14,52.0,2298.0,406.0,1203.0,387.0,5.5291,274600.0,<1H OCEAN,342229.01,67629.01000000001,24.628190094683177
-118.38,34.04,45.0,767.0,130.0,254.0,118.0,6.2895,340400.0,<1H OCEAN,427588.4,87188.40000000002,25.61351351351352
-118.09,33.89,42.0,991.0,,717.0,219.0,4.0926,164400.0,<1H OCEAN,181159.0,16759.0,10.19403892944039
-121.37,38.57,16.0,3895.0,896.0,1762.0,855.0,2.6635,135800.0,INLAND,128300.0,7500.0,5.522827687776141
-118.39,34.17,26.0,6429.0,1611.0,2806.0,1491.0,3.1929,265200.0,<1H OCEAN,266268.02,1068.0200000000186,0.40272247360483354
-121.38,36.85,13.0,4115.0,782.0,2903.0,747.0,3.7316,192400.0,INLAND,210868.0,18468.0,9.598752598752599
-122.1,37.66,36.0,1305.0,225.0,768.0,234.0,4.275,185300.0,NEAR BAY,197217.0,11917.0,6.431192660550458
-122.43,37.43,17.0,11999.0,2249.0,5467.0,1989.0,4.8405,354300.0,NEAR OCEAN,413084.19,58784.19,16.591642675698562
-117.3,33.07,16.0,3147.0,765.0,2165.0,690.0,3.5585,284800.0,NEAR OCEAN,228976.01,55823.98999999999,19.60112008426966
-122.49,37.59,35.0,2683.0,475.0,1498.0,484.0,5.1282,262500.0,NEAR OCEAN,297543.0,35043.0,13.349714285714287
-118.31,34.05,40.0,1667.0,365.0,1161.0,384.0,3.1406,417600.0,<1H OCEAN,191228.0,226372.0,54.207854406130274
-118.42,34.0,45.0,1807.0,355.0,883.0,371.0,5.0357,329800.0,<1H OCEAN,352901.05,23101.04999999999,7.004563371740445
-122.02,37.59,18.0,1165.0,333.0,855.0,319.0,3.6923,213200.0,NEAR BAY,207684.0,5516.0,2.5872420262664164
-116.39,33.72,19.0,7646.0,1618.0,2496.0,1075.0,3.5569,128000.0,INLAND,158344.04,30344.040000000008,23.706281250000004
-124.15,40.78,41.0,2127.0,358.0,911.0,349.0,3.1711,104200.0,NEAR OCEAN,111925.0,7725.0,7.413627639155471
-119.29,34.44,34.0,4314.0,878.0,2361.0,831.0,3.2279,243100.0,NEAR OCEAN,250374.01,7274.010000000009,2.9921883998354626
-122.17,37.73,46.0,2163.0,470.0,925.0,435.0,3.25,177500.0,NEAR BAY,190962.0,13462.0,7.584225352112677
-117.44,33.93,33.0,1371.0,236.0,715.0,227.0,4.375,129900.0,INLAND,133087.0,3187.0,2.4534257120862204
-117.99,34.06,32.0,2491.0,616.0,2660.0,595.0,2.564,145800.0,INLAND,150746.0,4946.0,3.3923182441700965
-122.29,37.81,46.0,12.0,4.0,18.0,7.0,0.4999,67500.0,NEAR BAY,207718.08,140218.08,207.73048888888886
-118.42,34.0,14.0,3771.0,1180.0,2355.0,978.0,3.1603,287500.0,<1H OCEAN,328366.02,40866.02000000002,14.214267826086962
-121.82,37.73,47.0,127.0,23.0,51.0,21.0,4.3472,375000.0,INLAND,156103.0,218897.0,58.37253333333333
-122.03,37.54,16.0,4458.0,856.0,3038.0,870.0,5.0739,208000.0,NEAR BAY,238711.0,30711.0,14.764903846153846
-122.7,38.45,39.0,2015.0,335.0,640.0,315.0,4.1734,240500.0,<1H OCEAN,238781.0,1719.0,0.7147609147609147
-117.31,34.14,44.0,1487.0,273.0,972.0,281.0,3.2292,86100.0,INLAND,99514.0,13414.0,15.579558652729384
-117.98,34.08,17.0,3640.0,830.0,3537.0,807.0,3.4784,152200.0,INLAND,149436.0,2764.0,1.8160315374507228
-121.99,38.27,16.0,4138.0,758.0,1762.0,723.0,3.1979,137500.0,INLAND,132996.0,4504.0,3.275636363636364
-118.22,33.92,32.0,1263.0,333.0,1789.0,346.0,1.9957,89300.0,<1H OCEAN,111478.0,22178.0,24.83538633818589
-117.92,34.06,35.0,2894.0,467.0,1420.0,479.0,5.184,224900.0,<1H OCEAN,222733.0,2167.0,0.9635393508225879
-119.85,36.97,13.0,2872.0,477.0,1607.0,481.0,4.475,102400.0,INLAND,108214.0,5814.0,5.677734375
-118.27,34.14,10.0,1060.0,332.0,1025.0,288.0,3.0074,175000.0,<1H OCEAN,210049.0,35049.0,20.028000000000002
-122.66,38.27,16.0,1523.0,308.0,477.0,315.0,2.1696,75000.0,<1H OCEAN,163132.0,88132.0,117.50933333333333
-118.48,34.04,49.0,3780.0,741.0,1435.0,690.0,4.3158,500001.0,<1H OCEAN,441178.35,58822.65000000002,11.764506470987063
-117.99,33.84,34.0,2079.0,343.0,1379.0,352.0,5.103,207000.0,<1H OCEAN,209522.0,2522.0,1.2183574879227053
-121.25,39.17,9.0,999.0,189.0,411.0,176.0,2.125,151800.0,INLAND,101794.0,50006.0,32.94202898550725
-117.05,32.67,32.0,4227.0,785.0,2842.0,795.0,3.9646,137800.0,NEAR OCEAN,145287.0,7487.0,5.433236574746009
-121.29,37.97,52.0,2995.0,555.0,1392.0,503.0,1.7794,98800.0,INLAND,88943.0,9857.0,9.976720647773279
-117.08,33.82,6.0,1771.0,293.0,935.0,279.0,4.065,148200.0,INLAND,157499.01,9299.01000000001,6.27463562753037
-118.29,33.99,43.0,1902.0,398.0,1153.0,363.0,1.9375,112900.0,<1H OCEAN,102555.0,10345.0,9.162976085031001
-121.06,39.22,52.0,1749.0,422.0,837.0,391.0,2.325,109700.0,INLAND,109348.0,352.0,0.32087511394712853
-118.38,33.96,44.0,2395.0,458.0,1287.0,450.0,4.6923,299000.0,<1H OCEAN,326469.0,27469.0,9.18695652173913
-117.18,32.78,21.0,4185.0,1018.0,3122.0,993.0,3.0481,210000.0,NEAR OCEAN,206526.0,3474.0,1.6542857142857144
-118.14,34.01,46.0,1746.0,447.0,1296.0,392.0,2.3929,156800.0,<1H OCEAN,170190.0,13390.0,8.53954081632653
-122.34,37.59,44.0,1395.0,269.0,736.0,288.0,5.6206,386400.0,NEAR OCEAN,347774.03,38625.96999999997,9.99636904761904
-121.8,37.69,17.0,3956.0,639.0,2222.0,662.0,5.4324,215500.0,INLAND,212368.0,3132.0,1.4533642691415314
-122.58,38.08,27.0,10839.0,1637.0,4406.0,1623.0,5.615,285600.0,NEAR BAY,296374.0,10774.0,3.7724089635854345
-122.22,38.1,38.0,931.0,181.0,566.0,207.0,3.0221,93300.0,NEAR BAY,137464.0,44164.0,47.335476956055736
-118.04,34.1,39.0,2302.0,412.0,1590.0,406.0,4.8017,273800.0,INLAND,268444.0,5356.0,1.956172388604821
-118.21,33.83,38.0,793.0,193.0,601.0,187.0,2.8837,176100.0,NEAR OCEAN,179279.0,3179.0,1.8052243043725154
-118.27,34.24,30.0,2180.0,369.0,1050.0,390.0,6.3688,277600.0,<1H OCEAN,343726.05,66126.04999999999,23.820623198847258
-119.12,36.05,27.0,1575.0,321.0,1063.0,317.0,2.1477,53900.0,INLAND,62676.0,8776.0,16.28200371057514
-118.11,33.75,24.0,1608.0,314.0,592.0,314.0,5.0926,390500.0,NEAR OCEAN,386671.26,3828.7399999999907,0.9804711907810475
-117.94,33.67,26.0,2552.0,314.0,925.0,323.0,8.1839,367000.0,<1H OCEAN,362789.1,4210.900000000023,1.1473841961852924
-118.54,34.28,18.0,5481.0,780.0,2477.0,764.0,6.7248,377200.0,<1H OCEAN,315972.06,61227.94,16.232221633085896
-122.04,37.35,28.0,3250.0,485.0,1328.0,473.0,7.4729,431600.0,<1H OCEAN,423326.19,8273.809999999998,1.917008804448563
-121.99,37.36,32.0,1754.0,324.0,917.0,330.0,4.6761,298300.0,<1H OCEAN,251886.0,46414.0,15.559503855179349
-117.39,34.04,27.0,2919.0,549.0,1841.0,564.0,2.8682,96400.0,INLAND,106443.0,10043.0,10.41804979253112
-122.23,37.79,43.0,5963.0,1344.0,4367.0,1231.0,2.1917,112800.0,NEAR BAY,187387.01,74587.01000000001,66.12323581560284
-121.54,38.58,30.0,4648.0,1252.0,2524.0,1089.0,1.3177,74300.0,INLAND,89160.0,14860.0,20.0
-118.29,34.02,21.0,1641.0,491.0,1526.0,453.0,2.087,141300.0,<1H OCEAN,134359.0,6941.0,4.912243453644727
-117.87,33.83,27.0,2287.0,,1140.0,351.0,5.6163,231000.0,<1H OCEAN,270896.0,39896.0,17.27099567099567
-118.17,34.03,31.0,1014.0,252.0,1064.0,247.0,2.4167,125500.0,<1H OCEAN,144953.0,19453.0,15.500398406374503
-121.24,38.78,11.0,1851.0,352.0,1049.0,369.0,3.5288,141100.0,INLAND,139026.0,2074.0,1.4698795180722892
-118.13,34.13,39.0,2099.0,397.0,1500.0,380.0,4.8304,493200.0,<1H OCEAN,254892.03,238307.97,48.31872871046229
-117.09,32.76,29.0,1650.0,496.0,882.0,445.0,2.2287,140000.0,NEAR OCEAN,142937.0,2937.0,2.097857142857143
-120.84,35.32,17.0,4197.0,802.0,1656.0,732.0,3.526,183900.0,NEAR OCEAN,262987.0,79087.0,43.00543773790103
-121.85,37.26,16.0,2312.0,303.0,1158.0,295.0,7.4323,311800.0,<1H OCEAN,358666.09,46866.090000000026,15.030817831943564
-117.18,32.95,4.0,19001.0,2688.0,8980.0,2441.0,6.3237,260900.0,<1H OCEAN,288962.01,28062.01000000001,10.75584898428517
-116.45,33.8,9.0,5534.0,1206.0,2283.0,1008.0,3.6161,99100.0,INLAND,145625.03,46525.03,46.9475580221998
-117.25,33.0,14.0,2518.0,458.0,931.0,414.0,5.8393,485300.0,NEAR OCEAN,367595.16,117704.84000000003,24.2540366783433
-122.13,37.68,43.0,1676.0,340.0,924.0,328.0,3.6,179400.0,NEAR BAY,179272.0,128.0,0.0713489409141583
-121.94,37.34,42.0,2174.0,420.0,1304.0,464.0,3.1429,286500.0,<1H OCEAN,228289.0,58211.0,20.317975567190228
-121.86,37.66,22.0,3634.0,664.0,1699.0,640.0,4.1597,293200.0,INLAND,213819.0,79381.0,27.074010914051843
-117.76,34.06,30.0,1700.0,504.0,1719.0,459.0,2.227,91900.0,INLAND,114374.0,22474.0,24.454842219804135
-117.02,32.7,22.0,2756.0,516.0,1849.0,486.0,4.1837,125400.0,NEAR OCEAN,144386.0,18986.0,15.140350877192981
-124.01,40.97,21.0,1513.0,319.0,943.0,301.0,3.538,102700.0,<1H OCEAN,117082.0,14382.0,14.003894839337876
-122.94,38.49,37.0,3169.0,719.0,777.0,344.0,2.7072,117100.0,<1H OCEAN,147818.0,30718.0,26.23228010247652
-117.26,33.19,4.0,2342.0,595.0,1518.0,545.0,2.9469,216100.0,NEAR OCEAN,183167.0,32933.0,15.239703840814437
-117.59,34.02,14.0,1463.0,261.0,881.0,245.0,4.7857,152500.0,INLAND,152924.0,424.0,0.2780327868852459
-122.19,37.82,32.0,1835.0,264.0,635.0,263.0,8.317,365900.0,NEAR BAY,423542.13,57642.130000000005,15.753520087455591
-122.44,37.75,52.0,3114.0,637.0,1144.0,591.0,4.0,375000.0,NEAR BAY,355916.01,19083.98999999999,5.089063999999997
-118.28,34.01,46.0,441.0,167.0,621.0,144.0,1.8824,162500.0,<1H OCEAN,118252.0,44248.0,27.22953846153846
-117.15,32.72,51.0,1321.0,,781.0,499.0,1.3071,250000.0,NEAR OCEAN,165274.0,84726.0,33.8904
-122.43,37.72,50.0,2912.0,562.0,1989.0,537.0,3.6667,252600.0,NEAR BAY,244390.0,8210.0,3.2501979414093425
-117.86,34.24,52.0,803.0,267.0,628.0,225.0,4.1932,14999.0,INLAND,218466.0,203467.0,1356.5371024734982
-121.45,37.72,2.0,2239.0,321.0,766.0,219.0,5.75,240200.0,INLAND,206568.0,33632.0,14.001665278934222
-118.67,34.27,15.0,3221.0,659.0,1390.0,607.0,3.5313,191800.0,<1H OCEAN,209580.0,17780.0,9.27007299270073
-118.32,34.09,44.0,2666.0,,2297.0,726.0,1.676,208800.0,<1H OCEAN,208847.01,47.01000000000931,0.022514367816096413
-122.2,37.88,36.0,1065.0,160.0,398.0,155.0,7.7736,378100.0,NEAR BAY,413675.17,35575.169999999984,9.408931499603275
-117.07,32.69,29.0,1429.0,293.0,1091.0,317.0,3.4609,118000.0,NEAR OCEAN,123374.0,5374.0,4.554237288135593
-120.9,39.95,20.0,1349.0,238.0,601.0,203.0,3.5417,96600.0,INLAND,98182.0,1582.0,1.63768115942029
-118.48,34.26,36.0,1770.0,296.0,938.0,304.0,5.749,238000.0,<1H OCEAN,257176.0,19176.0,8.057142857142857
-118.54,34.22,34.0,2193.0,513.0,1299.0,497.0,3.6187,211600.0,<1H OCEAN,219883.0,8283.0,3.9144612476370506
-121.84,37.66,13.0,13182.0,2074.0,4847.0,1950.0,5.6417,352900.0,INLAND,243658.0,109242.0,30.955511476338906
-119.69,36.38,25.0,1688.0,302.0,879.0,277.0,3.3214,103100.0,INLAND,91275.0,11825.0,11.469447138700291
-118.11,33.92,32.0,1016.0,190.0,729.0,177.0,4.3,151300.0,<1H OCEAN,185599.0,34299.0,22.66953073364177
-120.69,36.84,18.0,902.0,195.0,771.0,174.0,2.2083,55000.0,INLAND,80365.0,25365.0,46.11818181818182
-118.23,33.76,21.0,49.0,14.0,29.0,16.0,5.0,87500.0,NEAR OCEAN,321732.11,234232.11,267.69384
-122.27,37.78,45.0,1169.0,263.0,723.0,286.0,3.9444,212900.0,NEAR BAY,228736.02,15836.01999999999,7.438243306716763
-117.72,33.53,14.0,1672.0,295.0,704.0,293.0,5.1129,251300.0,<1H OCEAN,296810.07,45510.07000000001,18.109856744926386
-117.18,32.69,37.0,3112.0,716.0,1304.0,674.0,3.2121,320800.0,NEAR OCEAN,320613.12,186.88000000000466,0.05825436408977701
-119.78,36.31,14.0,1287.0,291.0,737.0,269.0,3.1667,126400.0,INLAND,80631.0,45769.0,36.20965189873418
-122.22,37.77,40.0,494.0,114.0,547.0,135.0,2.8015,114800.0,NEAR BAY,126002.0,11202.0,9.757839721254355
-119.56,36.1,25.0,1093.0,262.0,893.0,252.0,2.13,50800.0,INLAND,60529.0,9729.0,19.151574803149607
-118.27,34.0,43.0,1258.0,381.0,1276.0,358.0,1.8917,106900.0,<1H OCEAN,107032.0,132.0,0.1234798877455566
-121.79,38.01,17.0,4032.0,814.0,1749.0,618.0,3.1728,146800.0,INLAND,140292.0,6508.0,4.43324250681199
-118.49,34.01,28.0,651.0,252.0,333.0,174.0,1.9722,500001.0,<1H OCEAN,297592.01,202408.99,40.481717036565925
-121.77,37.68,44.0,495.0,112.0,277.0,109.0,2.6667,179200.0,INLAND,147429.0,31771.0,17.729352678571427
-118.39,34.28,24.0,4694.0,820.0,3566.0,777.0,4.4818,166200.0,<1H OCEAN,212363.0,46163.0,27.775571600481346
-118.02,33.83,26.0,3616.0,892.0,2257.0,821.0,3.1497,217600.0,<1H OCEAN,197418.0,20182.0,9.274816176470587
-118.21,33.79,44.0,121.0,29.0,153.0,30.0,2.1964,150000.0,NEAR OCEAN,164289.05,14289.049999999988,9.526033333333325
-121.44,38.58,42.0,2334.0,435.0,892.0,446.0,3.0208,148800.0,INLAND,100120.0,48680.0,32.715053763440864
-117.86,33.87,19.0,1591.0,279.0,891.0,237.0,5.6573,216000.0,<1H OCEAN,261026.0,45026.0,20.845370370370368
-118.35,34.08,52.0,2877.0,721.0,1186.0,704.0,3.2645,175000.0,<1H OCEAN,345224.08,170224.08000000002,97.27090285714287
-122.38,40.54,36.0,1216.0,240.0,647.0,228.0,2.6944,75300.0,INLAND,95677.0,20377.0,27.061088977423637
-119.79,34.44,25.0,1479.0,314.0,977.0,309.0,4.1797,271800.0,NEAR OCEAN,294989.01,23189.01000000001,8.531644591611483
-121.27,37.96,52.0,583.0,114.0,310.0,93.0,2.5625,54200.0,INLAND,93003.0,38803.0,71.59225092250922
-120.02,39.24,32.0,1347.0,444.0,825.0,303.0,1.8269,225000.0,INLAND,98065.0,126935.0,56.41555555555555
-120.15,39.2,14.0,1382.0,242.0,141.0,66.0,4.1016,283300.0,INLAND,185107.02,98192.98000000001,34.66042357924462
-118.31,33.88,32.0,2421.0,671.0,1491.0,587.0,3.5644,242300.0,<1H OCEAN,237003.0,5297.0,2.1861328931077177
-117.99,34.0,26.0,2988.0,397.0,1371.0,415.0,6.6988,382500.0,<1H OCEAN,333137.07,49362.92999999999,12.905341176470586
-122.0,38.23,1.0,2062.0,343.0,872.0,268.0,5.2636,191300.0,INLAND,174729.0,16571.0,8.66231050705698
-122.07,37.91,28.0,1731.0,295.0,810.0,295.0,5.0391,259800.0,NEAR BAY,262072.03,2272.029999999999,0.8745304080061581
-117.42,34.1,18.0,3977.0,809.0,2231.0,742.0,4.1399,115400.0,INLAND,134615.0,19215.0,16.650779896013866
-118.14,34.01,42.0,1973.0,510.0,1841.0,502.0,2.5326,156500.0,<1H OCEAN,169807.0,13307.0,8.502875399361022
-118.46,34.42,25.0,2988.0,525.0,1884.0,513.0,4.7007,169500.0,<1H OCEAN,203137.0,33637.0,19.844837758112092
-117.31,34.44,10.0,1731.0,299.0,1056.0,312.0,3.6007,104000.0,INLAND,119068.0,15068.0,14.48846153846154
-121.89,37.67,19.0,2034.0,288.0,852.0,295.0,6.5285,300400.0,INLAND,300679.0,279.0,0.09287616511318242
-117.21,33.95,5.0,8403.0,1240.0,3962.0,1150.0,5.2174,155500.0,INLAND,175474.0,19974.0,12.845016077170419
-121.65,39.32,40.0,812.0,154.0,374.0,142.0,2.7891,73500.0,INLAND,96331.0,22831.0,31.06258503401361
-118.18,33.82,52.0,2618.0,472.0,943.0,440.0,3.7895,254000.0,NEAR OCEAN,254665.02,665.0199999999895,0.26181889763779115
-117.83,33.77,26.0,4931.0,853.0,2249.0,818.0,4.275,285400.0,<1H OCEAN,247227.0,38173.0,13.375262789067973
-117.2,32.85,26.0,2298.0,549.0,980.0,555.0,2.4207,213500.0,NEAR OCEAN,229586.0,16086.0,7.534426229508197
-122.32,37.92,28.0,4649.0,977.0,2606.0,953.0,3.2674,129100.0,NEAR BAY,249842.08,120742.07999999999,93.52601084430673
-118.36,34.17,44.0,2295.0,560.0,1543.0,528.0,2.3851,194100.0,<1H OCEAN,218439.01,24339.01000000001,12.53941782586296
-118.38,33.84,25.0,5775.0,1149.0,2637.0,1117.0,5.4968,379800.0,<1H OCEAN,358662.02,21137.97999999998,5.565555555555551
-122.08,37.37,29.0,1229.0,,707.0,194.0,7.1108,465000.0,NEAR BAY,453868.56,11131.440000000002,2.3938580645161296
-117.7,33.57,9.0,1204.0,355.0,469.0,293.0,3.6196,119900.0,<1H OCEAN,266108.12,146208.12,121.94171809841534
-121.88,37.4,9.0,6751.0,,4240.0,1438.0,5.34,257400.0,<1H OCEAN,245959.0,11441.0,4.444832944832945
-121.43,39.18,36.0,1124.0,184.0,504.0,171.0,2.1667,93800.0,INLAND,86230.0,7570.0,8.070362473347547
-117.32,33.22,15.0,4784.0,1039.0,1810.0,986.0,2.4375,108900.0,NEAR OCEAN,146140.0,37240.0,34.196510560146926
-117.32,34.19,6.0,1068.0,182.0,999.0,188.0,4.7222,109000.0,INLAND,134313.0,25313.0,23.222935779816513
-118.01,33.88,19.0,1434.0,391.0,1088.0,341.0,3.369,269600.0,<1H OCEAN,179128.0,90472.0,33.55786350148368
-118.16,33.78,52.0,3248.0,853.0,1819.0,815.0,3.1739,222900.0,NEAR OCEAN,286850.03,63950.03000000003,28.69000897263348
-118.29,34.18,10.0,4292.0,1075.0,2719.0,987.0,3.6974,286600.0,<1H OCEAN,241778.0,44822.0,15.639218422889044
-119.14,34.17,16.0,1593.0,353.0,836.0,357.0,2.726,67500.0,NEAR OCEAN,266400.06,198900.06,294.66675555555554
-118.25,33.89,41.0,1476.0,286.0,1086.0,278.0,2.4632,111700.0,<1H OCEAN,98478.0,13222.0,11.837063563115487
-121.07,39.05,10.0,1813.0,311.0,827.0,287.0,3.6087,182100.0,INLAND,166116.0,15984.0,8.777594728171334
-120.71,37.39,40.0,680.0,160.0,785.0,175.0,2.6058,72700.0,INLAND,102439.0,29739.0,40.90646492434663
-117.16,32.73,52.0,1682.0,617.0,873.0,534.0,2.0972,112500.0,NEAR OCEAN,170977.0,58477.0,51.97955555555556
-121.34,38.57,14.0,5737.0,1008.0,2731.0,983.0,4.4602,134500.0,INLAND,154562.0,20062.0,14.915985130111526
-117.24,32.8,18.0,2205.0,661.0,874.0,580.0,3.8018,112500.0,NEAR OCEAN,246471.01,133971.01,119.08534222222222
-116.57,35.43,8.0,9975.0,1743.0,6835.0,1439.0,2.7138,22500.0,INLAND,86022.0,63522.0,282.32
-117.96,33.75,22.0,2300.0,539.0,1625.0,542.0,2.78,196300.0,<1H OCEAN,188601.0,7699.0,3.922058074375955
-121.83,37.34,26.0,1848.0,339.0,1952.0,327.0,4.087,182500.0,<1H OCEAN,158716.0,23784.0,13.032328767123289
-118.29,34.09,52.0,1272.0,322.0,984.0,353.0,1.9063,261600.0,<1H OCEAN,212312.0,49288.0,18.84097859327217
-120.94,40.14,31.0,3127.0,664.0,1345.0,580.0,1.5774,58000.0,INLAND,68255.0,10255.0,17.68103448275862
-117.97,33.82,26.0,2335.0,504.0,1121.0,502.0,2.9891,205200.0,<1H OCEAN,204943.0,257.0,0.12524366471734893
-122.43,37.8,52.0,2994.0,821.0,1240.0,779.0,3.3715,500000.0,NEAR BAY,480306.73,19693.27000000002,3.938654000000004
-117.85,34.0,26.0,2712.0,402.0,1389.0,377.0,5.6513,227900.0,<1H OCEAN,251494.0,23594.0,10.352786309784994
-117.85,33.81,26.0,4186.0,767.0,2447.0,777.0,4.9917,248100.0,<1H OCEAN,230469.0,17631.0,7.106408706166868
-122.49,38.32,30.0,1631.0,284.0,788.0,284.0,3.3098,195500.0,<1H OCEAN,185591.0,9909.0,5.068542199488491
-118.51,34.16,23.0,11154.0,1995.0,4076.0,1809.0,5.4609,500001.0,<1H OCEAN,384192.27,115808.72999999998,23.161699676600644
-119.99,38.88,17.0,2807.0,529.0,675.0,251.0,2.7457,107800.0,INLAND,120066.0,12266.0,11.378478664192949
-118.32,34.2,36.0,759.0,136.0,372.0,135.0,4.9886,328900.0,<1H OCEAN,245476.01,83423.98999999999,25.36454545454545
-118.09,33.82,36.0,2219.0,393.0,1042.0,396.0,5.2299,239800.0,<1H OCEAN,237193.0,2607.0,1.0871559633027523
-122.08,37.63,37.0,1793.0,364.0,1534.0,346.0,3.6458,156600.0,NEAR BAY,167845.0,11245.0,7.1807151979565775
-121.25,37.92,19.0,2109.0,427.0,1742.0,426.0,2.4097,66000.0,INLAND,97736.0,31736.0,48.084848484848486
-117.69,33.53,17.0,5041.0,778.0,2396.0,801.0,6.0868,282900.0,<1H OCEAN,284216.0,1316.0,0.4651820431247791
-117.99,33.72,26.0,1787.0,275.0,801.0,270.0,5.5514,255700.0,<1H OCEAN,242854.0,12846.0,5.023856081345326
-118.15,34.0,32.0,3218.0,739.0,2368.0,730.0,3.1406,175300.0,<1H OCEAN,216742.0,41442.0,23.640616086708498
-121.0,35.94,16.0,3077.0,628.0,1479.0,536.0,3.3724,114600.0,<1H OCEAN,180440.0,65840.0,57.45200698080279
-117.14,33.23,11.0,4068.0,829.0,918.0,500.0,3.1272,281300.0,<1H OCEAN,215675.0,65625.0,23.329185922502667
-118.31,34.1,40.0,4984.0,2158.0,4828.0,2028.0,1.6903,350000.0,<1H OCEAN,238459.04,111540.95999999999,31.86884571428571
-117.71,33.62,22.0,2520.0,387.0,1338.0,391.0,5.8898,242800.0,<1H OCEAN,286602.03,43802.03000000003,18.040374794069205
-117.84,34.11,17.0,3499.0,621.0,1911.0,621.0,4.8894,191700.0,INLAND,206884.0,15184.0,7.920709441836202
-122.08,37.08,35.0,1541.0,297.0,791.0,277.0,4.425,204800.0,NEAR OCEAN,242146.01,37346.01000000001,18.235356445312505
-118.43,34.17,37.0,1982.0,331.0,794.0,340.0,5.9275,336900.0,<1H OCEAN,366031.06,29131.059999999998,8.646797269219352
-117.64,33.68,4.0,5687.0,970.0,2677.0,938.0,6.5069,243400.0,<1H OCEAN,299318.0,55918.0,22.973705834018077
-118.27,33.86,29.0,2587.0,489.0,2115.0,475.0,3.7466,168600.0,<1H OCEAN,184773.0,16173.0,9.592526690391459
-117.05,33.01,17.0,3430.0,425.0,1468.0,433.0,10.6186,429300.0,<1H OCEAN,456546.55,27246.54999999999,6.34673887724202
-118.17,33.94,17.0,1145.0,209.0,499.0,202.0,4.6389,165500.0,<1H OCEAN,184298.0,18798.0,11.358308157099698
-122.28,37.8,52.0,96.0,31.0,191.0,34.0,0.75,162500.0,NEAR BAY,167950.06,5450.059999999998,3.3538830769230756
-122.28,37.53,15.0,5417.0,1199.0,2593.0,1098.0,4.8047,438000.0,NEAR OCEAN,346689.16,91310.84000000003,20.847223744292243
-118.47,34.05,22.0,5215.0,1193.0,2048.0,1121.0,4.7009,500001.0,<1H OCEAN,461951.57,38049.42999999999,7.609870780258437
-122.28,37.54,24.0,5114.0,1357.0,3169.0,1268.0,3.9699,293200.0,NEAR OCEAN,307421.04,14221.039999999979,4.850286493860838
-122.03,37.35,25.0,3095.0,514.0,1251.0,507.0,5.5388,352100.0,<1H OCEAN,328310.0,23790.0,6.756603237716558
-117.24,32.81,33.0,1588.0,289.0,683.0,301.0,5.4103,332400.0,NEAR OCEAN,347232.3,14832.299999999988,4.462184115523462
-122.29,37.89,52.0,3171.0,698.0,1498.0,696.0,3.1795,218200.0,NEAR BAY,241529.01,23329.01000000001,10.691571952337311
-118.87,34.23,14.0,4242.0,746.0,1858.0,689.0,6.0145,287100.0,<1H OCEAN,339968.07,52868.07000000001,18.414514106583074
-119.45,35.07,45.0,973.0,183.0,500.0,177.0,2.6389,30000.0,INLAND,82366.0,52366.0,174.55333333333334
-121.64,37.85,22.0,1999.0,415.0,967.0,320.0,4.4583,253900.0,INLAND,194770.0,59130.0,23.288696337140607
-120.01,34.54,30.0,2992.0,609.0,1288.0,465.0,3.9375,292900.0,NEAR OCEAN,267566.02,25333.97999999998,8.649361556845333
-117.26,33.05,14.0,2323.0,373.0,1057.0,372.0,6.2513,240900.0,NEAR OCEAN,307275.01,66375.01000000001,27.552930676629313
-122.31,38.32,35.0,3997.0,762.0,2074.0,703.0,3.285,138100.0,NEAR BAY,150019.0,11919.0,8.630702389572773
-119.35,36.33,14.0,1195.0,220.0,568.0,229.0,3.1486,105600.0,INLAND,93028.0,12572.0,11.90530303030303
-117.8,33.78,17.0,4138.0,805.0,2442.0,780.0,4.7804,242000.0,<1H OCEAN,206586.0,35414.0,14.63388429752066
-116.51,33.94,12.0,3369.0,780.0,1315.0,584.0,1.7388,66000.0,INLAND,84541.0,18541.0,28.09242424242424
-121.32,37.95,40.0,964.0,230.0,742.0,209.0,1.2625,43000.0,INLAND,67246.0,24246.0,56.38604651162791
-119.08,35.39,10.0,6435.0,1040.0,3242.0,1030.0,5.575,132200.0,INLAND,158763.0,26563.0,20.09304084720121
-116.96,32.79,17.0,5236.0,1325.0,3308.0,1233.0,2.3221,138800.0,<1H OCEAN,134014.0,4786.0,3.4481268011527377
-118.21,34.11,32.0,2759.0,499.0,1661.0,533.0,4.3812,228200.0,<1H OCEAN,259234.07,31034.070000000007,13.599504820333044
-117.8,33.68,8.0,2032.0,349.0,862.0,340.0,6.9133,274100.0,<1H OCEAN,312873.01,38773.01000000001,14.145570959503834
-121.6,39.75,19.0,2888.0,591.0,984.0,499.0,1.9766,92600.0,INLAND,78870.0,13730.0,14.82721382289417
-117.3,34.1,44.0,589.0,130.0,504.0,137.0,1.775,63400.0,INLAND,66517.0,3117.0,4.916403785488959
-118.34,33.95,33.0,1923.0,459.0,1412.0,361.0,5.4359,194100.0,<1H OCEAN,254841.01,60741.01000000001,31.29366821226173
-122.45,37.74,46.0,6429.0,1093.0,2535.0,1109.0,5.0887,335100.0,NEAR BAY,385265.14,50165.140000000014,14.970199940316329
-121.76,36.91,23.0,1276.0,437.0,1359.0,376.0,1.9609,155000.0,<1H OCEAN,150434.0,4566.0,2.945806451612903
-118.33,34.04,52.0,2545.0,401.0,1004.0,372.0,3.6373,420000.0,<1H OCEAN,204232.02,215767.98,51.37332857142858
-122.54,37.7,36.0,3988.0,732.0,1793.0,708.0,4.2472,292500.0,NEAR OCEAN,305982.0,13482.0,4.609230769230769
-117.57,34.13,5.0,6135.0,879.0,2795.0,781.0,5.9369,225200.0,INLAND,220752.0,4448.0,1.975133214920071
-118.19,34.08,38.0,1241.0,298.0,1055.0,263.0,2.3409,115500.0,<1H OCEAN,147912.0,32412.0,28.06233766233766
-118.24,34.12,34.0,80.0,26.0,125.0,35.0,0.8907,154200.0,<1H OCEAN,249348.08,95148.07999999999,61.704332036316465
-121.29,37.89,26.0,161.0,27.0,1542.0,30.0,5.7485,162500.0,INLAND,223723.0,61223.0,37.67569230769231
-122.43,37.66,43.0,1769.0,387.0,1102.0,377.0,4.5493,281500.0,NEAR OCEAN,259276.0,22224.0,7.894849023090586
-122.72,38.88,29.0,2781.0,,890.0,310.0,1.9906,96600.0,INLAND,92327.0,4273.0,4.423395445134576
-117.31,33.75,19.0,3173.0,678.0,2204.0,606.0,2.1484,129200.0,<1H OCEAN,125789.0,3411.0,2.640092879256966
-121.68,37.98,19.0,3388.0,599.0,1707.0,575.0,3.6411,162800.0,INLAND,155279.0,7521.0,4.6197788697788695
-117.11,32.9,16.0,2043.0,388.0,705.0,352.0,4.4766,161500.0,<1H OCEAN,176234.0,14734.0,9.123219814241486
-117.64,34.08,37.0,2576.0,468.0,1284.0,428.0,3.3958,130400.0,INLAND,128270.0,2130.0,1.633435582822086
-122.1,37.61,35.0,2361.0,458.0,1727.0,467.0,4.5281,173600.0,NEAR BAY,194905.0,21305.0,12.27246543778802
-117.89,34.11,27.0,2434.0,535.0,1623.0,498.0,3.6875,140200.0,<1H OCEAN,168162.0,27962.0,19.944365192582026
-117.89,34.13,34.0,2159.0,386.0,1443.0,385.0,4.1995,147400.0,<1H OCEAN,170045.01,22645.01000000001,15.362964721845326
-121.21,37.5,34.0,294.0,49.0,147.0,47.0,3.0,162500.0,INLAND,168166.0,5666.0,3.4867692307692306
-120.85,37.78,15.0,3553.0,659.0,1684.0,611.0,3.3169,131200.0,INLAND,133127.0,1927.0,1.46875
-117.93,34.08,36.0,1597.0,285.0,901.0,272.0,4.3947,197000.0,<1H OCEAN,186824.0,10176.0,5.165482233502538
-120.22,38.05,14.0,3803.0,689.0,1129.0,477.0,2.7188,137000.0,INLAND,121974.0,15026.0,10.967883211678831
-117.21,32.75,15.0,1716.0,702.0,914.0,672.0,1.0612,300000.0,NEAR OCEAN,166816.0,133184.0,44.394666666666666
-118.16,33.92,44.0,1368.0,277.0,899.0,271.0,3.5938,161300.0,<1H OCEAN,174926.0,13626.0,8.447613143211408
-119.2,34.18,22.0,6465.0,1397.0,2694.0,1370.0,2.9832,165600.0,NEAR OCEAN,207631.01,42031.01000000001,25.381044685990346
-119.89,36.64,34.0,1422.0,237.0,716.0,222.0,2.975,90000.0,INLAND,81091.0,8909.0,9.898888888888889
-122.16,37.79,22.0,12842.0,2048.0,4985.0,1967.0,5.9849,371000.0,NEAR BAY,293582.01,77417.98999999999,20.867382749326143
-118.4,34.03,36.0,1831.0,296.0,871.0,269.0,8.1484,500001.0,<1H OCEAN,498720.96,1280.039999999979,0.2560074879850198
-119.63,36.33,14.0,2928.0,600.0,1633.0,559.0,1.8385,67500.0,INLAND,62707.0,4793.0,7.100740740740741
-118.29,33.88,32.0,2307.0,493.0,1754.0,528.0,4.317,232800.0,<1H OCEAN,213277.0,19523.0,8.386168384879724
-122.48,37.57,34.0,4648.0,806.0,2282.0,814.0,4.5556,249000.0,NEAR OCEAN,369988.02,120988.02000000002,48.58956626506025
-122.11,39.82,27.0,1065.0,214.0,508.0,198.0,2.625,91700.0,INLAND,81662.0,10038.0,10.946564885496183
-117.29,33.72,19.0,2248.0,427.0,1207.0,368.0,2.817,110000.0,<1H OCEAN,143286.0,33286.0,30.259999999999998
-118.24,33.99,33.0,885.0,294.0,1270.0,282.0,2.1615,118800.0,<1H OCEAN,111034.0,7766.0,6.537037037037037
-119.72,34.44,43.0,1781.0,342.0,663.0,358.0,4.7,293800.0,<1H OCEAN,353892.17,60092.169999999984,20.45342750170183
-117.91,33.63,30.0,2071.0,412.0,1081.0,412.0,4.9125,335700.0,<1H OCEAN,323048.09,12651.909999999974,3.7688144176347853
-118.56,34.19,36.0,2600.0,441.0,1246.0,426.0,4.1111,215600.0,<1H OCEAN,228211.0,12611.0,5.849257884972171
